95.1 201.1 24.1 122.4 -230.0 0.0
853.7 -695.2 410.1 -51.1 -221.4 0.0
-1080.0 -732.1 231.9 -9.0 -21.5 -700.0
-79.5 554.2 538.1 296.4 22.9 0.0
98.7 195.3 24.1 142.1 -231.3 0.0
852.3 -700.9 410.1 -55.3 -228.0 0.0
-1080.2 -732.6 216.1 -8.7 -22.2 0.7
-71.5 553.7 538.1 321.1 -18.2 0.0
102.6 189.5 24.1 156.9 -230.5 0.0
850.8 -706.7 410.1 -58.5 -229.9 0.0
-1080.2 -733.0 216.1 0.2 -14.2 0.0
-63.1 552.5 538.1 335.2 -50.0 0.0
106.9 183.2 24.1 171.9 -254.9 0.0
849.3 -712.6 410.1 -63.0 -236.5 0.0
-1080.1 -733.1 216.1 3.3 -6.1 0.0
-55.0 550.8 538.1 326.1 -64.9 0.0
111.3 176.7 24.1 174.2 -259.4 0.0
847.6 -718.6 410.1 -66.8 -243.1 0.0
-1080.0 -733.3 216.1 3.2 -5.4 0.0
-46.9 548.7 538.1 321.4 -84.1 0.0
115.6 170.2 24.1 173.7 -259.7 0.0
845.9 -724.8 410.1 -69.7 -247.5 0.0
-1081.4 -732.0 216.1 -58.0 53.3 0.0
-39.1 546.3 538.1 314.9 -98.9 0.0
120.0 163.6 24.1 174.7 -262.1 0.0
844.0 -731.1 410.1 -72.8 -249.4 0.0
-1084.0 -729.6 216.1 -102.6 94.2 0.0
-31.4 543.5 538.1 307.5 -110.3 0.0
124.2 156.8 24.1 170.3 -271.7 0.0
842.1 -737.4 410.1 -76.1 -253.6 0.0
-1087.5 -726.4 216.1 -139.9 128.0 0.0
-23.9 540.5 538.1 301.1 -119.9 0.0
128.3 150.0 24.1 164.2 -274.4 0.0
840.2 -743.9 410.1 -79.2 -257.9 0.0
-1091.7 -722.6 216.1 -166.3 152.2 0.0
-16.4 537.2 538.1 297.4 -133.3 0.0
132.3 143.1 24.1 158.7 -277.1 0.0
838.1 -750.4 410.1 -82.0 -262.2 0.0
-1095.8 -718.8 216.1 -167.1 153.3 0.0
-9.2 533.6 538.1 290.7 -142.2 0.0
136.1 136.1 24.1 154.0 -279.2 0.0
836.0 -756.8 410.1 -83.6 -257.0 0.0
-1100.6 -714.4 216.1 -189.6 174.4 0.0
-2.0 529.9 538.1 285.0 -149.6 0.0
139.8 128.8 24.1 145.3 -289.1 0.0
833.8 -763.4 410.1 -88.2 -260.6 0.0
-1105.8 -709.6 216.1 -209.5 192.9 0.0
5.0 526.0 538.1 280.2 -155.6 0.0
143.2 121.6 24.1 136.4 -291.3 0.0
831.5 -770.0 410.1 -92.4 -264.3 0.0
-1111.4 -704.5 216.1 -222.2 205.1 0.0
11.9 521.9 538.1 276.5 -165.2 0.0
146.4 114.2 24.1 128.7 -293.7 0.0
829.1 -776.6 416.1 -95.4 -265.9 0.0
-1117.0 -699.7 216.1 -225.4 191.1 0.0
18.7 517.6 538.1 271.2 -171.4 0.0
149.5 106.8 24.1 122.0 -295.8 0.0
825.7 -781.4 416.1 -137.1 -192.1 0.0
-1123.2 -695.0 216.1 -246.1 187.8 0.0
25.3 513.2 538.1 266.7 -176.5 0.0
152.1 99.1 24.1 106.9 -309.5 0.0
821.3 -784.6 416.1 -173.6 -128.6 0.0
-1129.7 -690.4 216.1 -259.7 182.9 0.0
31.9 508.6 538.1 262.9 -181.2 0.0
154.5 91.3 24.1 93.8 -312.4 0.0
816.2 -786.5 416.1 -205.8 -74.0 0.0
-1136.3 -686.0 216.1 -265.5 176.2 0.0
37.5 504.8 538.1 223.5 -154.0 0.0
156.5 83.4 24.1 82.6 -313.1 0.0
810.3 -787.2 424.1 -234.2 -27.1 0.0
-1143.1 -681.9 216.1 -272.7 164.8 0.0
42.2 501.5 538.1 190.0 -130.9 0.0
158.4 75.6 24.1 72.8 -313.9 0.0
804.5 -786.3 424.1 -233.0 33.8 0.0
-1150.0 -678.0 216.1 -275.9 154.3 0.0
46.3 498.7 538.1 161.5 -111.3 0.0
159.9 67.6 24.1 60.6 -319.1 0.0
798.7 -784.2 432.1 -231.2 84.4 0.0
-1156.9 -674.4 216.1 -273.9 143.9 0.0
49.8 496.3 538.1 140.4 -97.7 0.0
161.1 59.7 24.1 50.5 -318.6 0.0
793.0 -781.0 432.1 -229.6 126.9 0.0
-1163.7 -671.1 216.1 -271.8 134.7 0.0
52.8 494.2 538.1 119.4 -83.0 0.0
162.2 51.7 24.1 41.9 -318.4 0.0
787.3 -777.0 432.1 -226.9 161.6 0.0
-1169.5 -668.2 216.1 -233.4 114.5 0.0
55.5 492.3 538.1 107.1 -77.1 0.0
163.1 43.7 24.1 34.5 -318.4 0.0
782.5 -773.5 440.1 -193.4 138.0 0.0
-1175.5 -665.8 216.1 -238.4 97.7 0.0
58.0 490.3 538.1 103.7 -80.0 0.0
163.6 35.7 24.1 23.4 -320.0 0.0
777.8 -769.9 440.1 -186.2 144.1 0.0
-1182.0 -663.7 216.1 -261.3 83.6 0.0
60.6 488.2 538.1 100.9 -82.5 0.0
164.0 27.8 24.1 14.6 -318.7 0.0
773.3 -766.2 440.1 -179.9 149.0 0.0
-1189.0 -661.9 216.1 -281.7 71.5 0.0
62.7 486.5 538.1 85.7 -70.1 0.0
164.2 19.8 24.1 7.0 -317.8 0.0
769.0 -762.4 440.1 -173.1 151.5 0.0
-1194.5 -659.0 216.1 -216.8 114.1 0.0
64.7 484.7 538.1 80.0 -69.1 0.0
164.2 11.9 24.1 0.3 -317.3 0.0
764.2 -760.1 448.1 -192.1 93.2 0.0
-1198.4 -655.1 216.1 -159.4 156.2 0.0
66.6 483.0 538.1 77.3 -71.2 0.0
163.9 4.1 24.1 -12.6 -312.1 0.0
759.0 -759.0 448.1 -209.1 42.7 0.0
-1201.2 -650.2 216.1 -108.7 196.0 0.0
68.5 481.1 538.1 75.0 -72.9 0.0
163.3 -3.6 24.1 -22.9 -306.1 0.0
753.4 -759.0 448.1 -224.6 -0.9 0.0
-1202.8 -644.4 216.1 -64.3 232.7 0.0
70.1 479.6 538.1 63.7 -62.0 0.0
162.5 -11.1 24.1 -32.3 -303.3 0.0
747.4 -760.0 456.1 -239.4 -39.0 0.0
-1204.4 -637.5 216.1 -63.6 276.0 0.0
71.5 478.2 538.1 55.0 -54.6 0.0
161.5 -18.7 24.1 -40.3 -300.9 0.0
740.9 -761.8 456.1 -261.0 -69.5 0.0
-1205.9 -629.8 216.1 -62.5 307.3 0.0
72.8 476.8 538.1 52.2 -56.3 0.0
161.0 -26.8 24.1 -20.7 -325.0 0.0
734.1 -764.0 464.1 -271.1 -90.5 0.0
-1207.4 -622.2 216.1 -57.8 302.8 0.0
74.0 475.4 538.1 50.0 -57.8 0.0
160.8 -34.9 24.1 -8.0 -325.1 0.0
727.3 -766.6 464.1 -269.6 -101.7 0.0
-1208.7 -614.7 216.1 -54.2 300.6 0.0
75.1 474.2 538.1 40.7 -47.5 0.0
160.8 -43.0 24.1 2.4 -323.1 0.0
720.7 -769.3 464.1 -267.1 -110.7 0.0
-1209.6 -606.5 216.1 -34.2 327.4 0.0
76.0 473.0 538.1 37.2 -49.1 0.0
161.1 -51.0 24.1 11.3 -321.4 0.0
713.1 -771.3 472.1 -301.3 -79.8 0.0
-1210.4 -598.4 215.9 -34.2 327.6 -20.0
76.9 471.7 538.1 34.6 -50.4 0.0
161.7 -59.0 24.1 22.0 -320.0 0.0
705.2 -772.7 472.1 -316.9 -55.7 0.0
-1211.3 -590.2 215.1 -34.2 327.6 -40.0
77.7 470.4 538.1 32.6 -51.4 0.0
162.4 -67.0 24.1 30.8 -317.7 0.0
697.4 -773.7 480.1 -310.8 -39.1 0.0
-1212.1 -582.0 213.9 -34.1 328.1 -60.0
78.4 469.2 538.1 28.0 -49.1 0.0
163.4 -74.9 24.1 38.2 -315.7 0.0
689.7 -774.3 480.1 -308.1 -24.5 0.0
-1213.0 -573.9 212.1 -32.7 320.7 -80.0
79.0 468.0 538.1 24.9 -49.2 0.0
164.5 -82.7 24.1 44.4 -313.9 0.0
682.2 -774.0 488.1 -300.4 10.6 0.0
-1213.7 -566.1 209.9 -31.3 313.2 -100.0
79.6 466.7 538.1 22.5 -49.0 0.0
165.8 -90.5 24.1 52.9 -311.9 0.0
675.2 -773.3 488.1 -283.0 31.6 0.0
-1214.5 -558.5 207.1 -29.8 305.7 -120.0
80.1 465.5 538.1 20.7 -48.5 0.0
167.3 -98.2 24.1 60.1 -309.6 0.0
668.5 -772.0 496.1 -266.7 48.3 0.0
-1215.2 -551.0 203.9 -28.4 298.0 -140.0
80.9 464.3 538.1 32.6 -49.7 0.0
169.0 -105.9 24.1 66.4 -307.6 0.0
662.2 -770.5 496.1 -251.9 61.5 0.0
-1215.9 -543.8 200.1 -27.4 290.2 -160.0
81.9 463.0 538.1 42.2 -52.2 0.0
170.8 -113.6 24.1 71.7 -305.8 0.0
655.0 -768.8 504.1 -287.6 67.2 0.0
-1216.5 -536.7 195.9 -26.3 282.4 -180.0
83.2 461.6 538.1 50.7 -55.5 0.0
172.7 -121.1 24.1 78.9 -299.2 0.0
647.6 -767.1 504.1 -294.8 67.5 0.0
-1217.2 -529.8 191.1 -25.2 274.6 -200.0
84.7 460.1 538.1 58.5 -59.3 0.0
174.9 -128.5 24.1 85.9 -295.8 0.0
640.3 -765.5 504.1 -295.0 66.6 0.0
-1217.8 -523.2 185.9 -24.1 266.7 -220.0
87.6 458.0 538.1 117.9 -84.8 0.0
177.2 -135.8 24.1 91.8 -293.1 0.0
632.8 -763.8 512.1 -297.7 65.9 0.0
-1218.3 -516.7 180.1 -23.2 258.8 -240.0
91.9 455.3 538.1 170.2 -108.1 0.0
179.6 -143.1 24.1 97.1 -290.8 0.0
624.7 -763.2 512.1 -323.5 26.9 0.0
-1218.9 -510.4 173.9 -22.2 251.0 -260.0
97.2 452.1 538.1 214.7 -127.8 0.0
182.0 -149.5 24.1 93.8 -258.2 0.0
616.5 -763.2 520.1 -329.9 0.1 0.0
-1219.4 -504.4 167.1 -21.2 243.1 -280.0
103.6 448.5 538.1 252.6 -144.5 0.0
184.6 -155.6 24.1 104.9 -243.6 0.0
608.4 -763.6 520.1 -322.9 -17.5 0.0
-1219.9 -498.5 160.1 -20.3 235.2 0.3
110.4 444.6 538.1 275.5 -153.2 0.0
187.4 -161.4 24.1 114.0 -230.8 0.0
600.5 -764.4 528.1 -316.5 -32.3 0.0
-1219.5 -492.1 160.1 16.6 256.0 0.0
117.4 440.9 538.1 276.4 -151.4 0.0
190.5 -166.9 24.1 123.0 -221.2 0.0
592.6 -765.5 528.1 -314.3 -44.4 0.0
-1219.0 -485.5 159.9 20.1 261.7 -20.0
124.3 437.1 538.1 277.2 -149.9 0.0
193.1 -173.6 24.1 103.4 -267.4 0.0
584.9 -766.9 538.1 -310.5 -53.7 0.0
-1218.4 -478.8 159.1 23.5 267.4 -40.0
131.2 433.4 538.1 278.0 -148.4 0.0
195.3 -181.2 24.1 87.0 -306.6 0.0
577.2 -768.4 538.1 -307.7 -62.0 0.0
-1217.8 -472.0 157.9 27.0 273.1 -60.0
138.2 429.7 538.1 278.8 -146.9 0.0
197.1 -189.2 24.1 72.9 -318.9 0.0
569.5 -770.1 538.1 -307.3 -69.6 0.0
-1217.1 -465.0 156.1 27.1 281.1 -80.0
145.2 426.1 538.1 279.5 -145.5 0.0
198.6 -197.2 24.1 61.1 -318.6 0.0
561.8 -771.9 538.1 -309.4 -72.1 0.0
-1216.4 -457.8 153.9 27.2 289.0 -100.0
152.2 422.5 538.1 280.2 -144.1 0.0
199.8 -205.3 24.1 46.8 -323.5 0.0
554.0 -773.8 538.1 -309.0 -73.5 0.0
-1215.7 -450.3 152.1 27.3 296.9 0.1
159.2 418.9 538.1 278.3 -142.1 0.0
200.7 -213.3 24.1 35.0 -322.6 0.0
546.3 -775.7 538.1 -308.6 -74.9 0.0
-1215.1 -442.4 152.1 24.8 317.0 0.0
166.1 415.4 538.1 279.1 -140.7 0.0
201.3 -221.4 24.1 24.9 -321.7 0.0
538.6 -777.6 538.1 -308.3 -76.2 0.0
-1214.6 -434.5 152.1 20.7 317.7 0.0
173.1 411.9 538.1 279.7 -139.4 0.0
201.7 -229.4 24.1 16.6 -320.6 0.0
530.9 -779.5 538.1 -307.9 -78.4 0.0
-1214.1 -426.5 152.1 17.3 317.6 0.0
180.1 408.5 538.1 280.2 -138.4 0.0
201.8 -237.4 24.1 4.8 -321.5 0.0
523.2 -781.5 538.1 -307.4 -80.2 0.0
-1213.8 -418.6 152.1 14.5 317.6 0.0
187.1 405.1 538.1 278.3 -136.5 0.0
201.7 -245.5 24.1 -5.3 -322.3 0.0
515.6 -783.6 538.1 -306.9 -81.5 0.0
-1213.5 -410.7 152.1 12.0 317.6 0.0
194.0 401.7 538.1 276.8 -134.1 0.0
201.3 -253.5 24.1 -13.6 -320.8 0.0
507.9 -785.6 538.1 -306.6 -82.7 0.0
-1213.3 -402.7 152.1 7.3 318.5 0.0
200.9 398.4 538.1 277.3 -132.9 0.0
200.8 -261.5 24.1 -20.7 -319.4 0.0
500.3 -787.8 538.1 -304.1 -87.4 0.0
-1213.2 -394.7 152.1 3.5 318.2 0.0
207.9 395.1 538.1 277.8 -131.8 0.0
200.0 -269.5 24.1 -33.6 -318.6 0.0
492.7 -790.1 538.1 -302.4 -91.5 0.0
-1213.2 -386.8 152.1 0.3 318.0 0.0
214.8 391.8 538.1 278.3 -130.8 0.0
198.9 -277.3 24.1 -43.6 -315.2 0.0
485.2 -792.5 538.1 -301.1 -95.2 0.0
-1213.3 -378.8 152.1 -2.5 317.9 0.0
221.7 388.7 538.1 273.2 -125.2 0.0
197.6 -285.1 24.1 -52.1 -312.2 0.0
477.7 -794.9 538.1 -299.8 -98.2 0.0
-1213.6 -371.0 152.1 -14.0 314.5 0.0
228.5 385.7 538.1 271.7 -121.7 0.0
196.1 -292.9 24.1 -60.2 -312.2 0.0
469.9 -796.9 538.1 -312.9 -79.9 0.0
-1214.2 -363.2 152.1 -24.0 312.0 0.0
235.3 382.7 538.1 272.6 -119.5 0.0
193.9 -298.4 24.1 -89.5 -216.2 0.0
462.1 -798.6 538.1 -311.8 -65.2 0.0
-1215.1 -355.4 152.1 -33.2 312.2 0.0
242.1 379.8 538.1 271.0 -116.6 0.0
190.9 -301.6 24.1 -118.2 -130.3 0.0
454.3 -799.9 538.1 -310.9 -52.8 0.0
-1216.1 -347.6 152.1 -40.6 310.3 0.0
249.2 375.9 538.1 287.1 -154.6 0.0
187.2 -302.9 24.1 -146.1 -52.9 0.0
446.5 -800.9 538.1 -313.1 -41.9 0.0
-1218.9 -340.8 152.1 -111.6 272.0 0.0
256.3 371.7 538.1 280.7 -167.7 0.0
182.9 -302.5 24.1 -172.3 15.8 0.0
439.2 -801.4 538.1 -292.6 -20.6 0.0
-1223.1 -334.9 152.1 -168.7 238.9 0.0
263.1 367.3 538.1 272.5 -176.0 0.0
177.5 -303.0 24.1 -215.6 -17.0 0.0
432.1 -801.4 538.1 -281.1 1.1 0.0
-1228.4 -329.6 152.1 -212.4 210.3 0.0
269.7 362.7 538.1 265.4 -183.1 0.0
171.2 -304.1 24.1 -255.4 -46.1 0.0
425.4 -800.9 538.1 -271.1 19.5 0.0
-1234.2 -325.0 152.1 -231.1 184.2 0.0
276.2 357.9 538.1 259.5 -191.1 0.0
163.9 -305.9 24.1 -289.8 -71.0 0.0
418.8 -800.0 538.1 -263.8 35.5 0.0
-1239.9 -321.1 152.1 -230.8 157.3 0.0
282.5 353.0 538.1 253.5 -197.2 0.0
156.3 -308.0 24.1 -305.9 -86.1 0.0
411.2 -799.7 538.1 -301.9 13.8 0.0
-1246.1 -317.7 152.1 -246.4 134.9 0.0
288.7 348.0 538.1 248.2 -202.0 0.0
149.4 -310.2 24.1 -272.8 -84.7 0.0
403.1 -799.7 538.1 -323.6 -1.9 0.0
-1253.0 -314.8 152.1 -274.9 115.9 0.0
294.8 342.8 538.1 242.1 -204.5 0.0
143.5 -312.1 24.1 -238.0 -77.4 0.0
395.1 -800.0 538.1 -321.9 -11.4 0.0
-1260.4 -312.3 152.1 -297.7 99.9 0.0
300.7 337.6 538.1 238.0 -209.3 0.0
137.4 -314.7 24.1 -243.1 -102.3 0.0
387.1 -800.5 538.1 -320.1 -19.1 0.0
-1268.2 -310.2 152.1 -310.7 82.8 0.0
306.5 332.3 538.1 232.4 -211.2 0.0
131.2 -317.8 24.1 -249.7 -125.7 0.0
379.1 -801.2 538.1 -319.4 -27.0 0.0
-1276.2 -308.5 152.1 -319.9 68.5 0.0
312.3 327.0 538.1 229.0 -214.0 0.0
124.1 -320.6 24.1 -282.5 -111.9 0.0
371.2 -802.0 538.1 -317.9 -33.5 0.0
-1284.2 -307.1 152.1 -320.0 56.3 0.0
317.9 321.6 538.1 224.5 -214.6 0.0
117.1 -323.0 24.1 -278.9 -97.6 0.0
363.2 -803.0 538.1 -316.7 -39.0 0.0
-1292.0 -305.9 152.1 -314.5 46.2 0.0
323.4 316.2 538.1 221.7 -217.9 0.0
110.3 -325.2 24.1 -274.2 -85.7 0.0
355.3 -804.1 538.1 -315.6 -43.6 0.0
-1299.8 -305.1 152.1 -311.3 35.7 0.0
328.9 310.7 538.1 217.4 -218.3 0.0
103.4 -327.1 24.1 -274.8 -76.0 0.0
347.5 -805.3 538.1 -314.8 -48.0 0.0
-1307.3 -304.4 152.1 -300.5 27.5 0.0
334.2 305.2 538.1 215.2 -220.1 0.0
96.2 -328.7 24.1 -288.7 -65.5 0.0
339.6 -806.6 538.1 -314.0 -51.7 0.0
-1314.7 -303.9 152.1 -295.0 20.1 0.0
339.5 299.7 538.1 211.7 -219.8 0.0
88.9 -330.1 24.1 -293.9 -56.5 0.0
331.8 -808.0 538.1 -313.2 -54.8 0.0
-1322.0 -303.5 152.1 -291.9 13.6 0.0
344.8 294.2 538.1 209.7 -221.9 0.0
81.4 -331.4 24.1 -298.9 -49.1 0.0
324.0 -809.4 538.1 -312.6 -57.7 0.0
-1329.4 -303.4 152.1 -294.8 6.4 0.0
349.9 288.6 538.1 206.2 -221.6 0.0
73.8 -332.4 24.1 -304.2 -42.5 0.0
316.2 -810.9 538.1 -312.1 -60.5 0.0
-1336.8 -303.4 152.1 -296.6 0.4 0.0
355.0 283.1 538.1 204.6 -222.9 0.0
65.9 -333.3 24.1 -313.4 -34.8 0.0
308.4 -812.5 538.1 -311.5 -63.1 0.0
-1344.3 -303.5 152.1 -301.2 -5.4 0.0
360.1 277.5 538.1 201.6 -222.2 0.0
58.1 -334.0 24.1 -315.8 -28.4 0.0
300.6 -814.1 538.1 -311.0 -65.0 0.0
-1352.0 -303.7 152.1 -305.6 -10.0 0.0
365.1 271.9 538.1 200.0 -223.7 0.0
50.1 -334.6 24.1 -318.2 -22.7 0.0
292.9 -815.8 538.1 -310.5 -66.8 0.0
-1359.7 -304.1 152.1 -310.7 -15.4 0.0
370.0 266.3 538.1 197.1 -222.9 0.0
42.1 -335.0 24.1 -318.1 -18.0 0.0
285.1 -817.5 538.1 -310.2 -68.4 0.0
-1367.6 -304.6 152.1 -315.2 -20.4 0.0
374.9 260.7 538.1 196.0 -223.7 0.0
34.2 -335.3 24.1 -318.8 -12.5 0.0
277.4 -819.2 538.1 -309.8 -69.8 0.0
-1375.5 -305.2 152.1 -317.2 -24.2 0.0
379.7 255.2 538.1 193.4 -222.6 0.0
26.2 -335.5 24.1 -318.5 -7.9 0.0
269.6 -821.0 538.1 -309.5 -70.9 0.0
-1383.5 -305.9 152.1 -316.8 -27.2 0.0
384.6 249.6 538.1 192.2 -223.7 0.0
18.3 -335.6 24.1 -318.2 -4.0 0.0
261.9 -822.8 538.1 -309.3 -71.9 0.0
-1390.6 -306.6 152.1 -284.2 -25.5 0.0
389.3 244.0 538.1 191.1 -224.6 0.0
10.3 -335.6 24.1 -318.0 -0.6 0.0
254.2 -824.6 538.1 -309.0 -73.0 0.0
-1397.7 -307.3 152.1 -283.7 -28.0 0.0
394.0 238.4 538.1 188.4 -223.6 0.0
2.5 -335.5 24.1 -314.0 4.5 0.0
246.4 -826.5 538.1 -308.8 -73.8 0.0
-1404.7 -308.0 152.1 -283.4 -30.4 0.0
398.7 232.8 538.1 186.0 -222.3 0.0
-5.4 -335.3 24.1 -313.4 9.0 0.0
238.7 -828.3 538.1 -308.7 -74.3 0.0
-1411.8 -308.8 152.1 -283.1 -32.5 0.0
403.3 227.2 538.1 186.0 -225.7 0.0
-13.2 -335.0 24.1 -312.9 12.7 0.0
231.0 -830.2 538.1 -308.6 -74.5 0.0
-1417.8 -309.5 152.1 -240.7 -27.7 0.0
407.9 221.6 538.1 183.1 -224.8 0.0
-21.1 -334.6 24.1 -315.1 16.1 0.0
223.3 -832.1 538.1 -308.6 -74.8 0.0
-1422.9 -310.1 152.1 -204.6 -23.5 0.0
412.4 216.0 538.1 180.4 -223.7 0.0
-28.8 -334.0 24.1 -308.4 24.0 0.0
215.6 -833.9 538.1 -308.5 -74.9 0.0
-1427.7 -310.7 152.1 -190.4 -22.9 0.0
416.9 210.4 538.1 177.9 -222.4 0.0
-36.5 -333.2 24.1 -306.6 31.7 0.0
207.9 -835.8 538.1 -308.5 -74.9 0.0
-1432.5 -311.3 152.1 -190.1 -24.5 0.0
420.7 203.7 538.1 153.0 -267.8 0.0
-44.1 -332.2 24.1 -307.1 38.4 0.0
200.2 -837.7 538.1 -308.5 -75.2 0.0
-1436.5 -311.8 152.1 -161.6 -20.9 0.0
424.0 196.1 538.1 131.6 -306.3 0.0
-51.8 -331.1 24.1 -305.9 43.8 0.0
192.4 -839.6 538.1 -308.4 -75.5 0.0
-1439.9 -312.3 152.1 -137.4 -17.7 0.0
426.8 188.2 538.1 113.3 -314.6 0.0
-59.3 -329.9 24.1 -299.6 50.8 0.0
184.7 -841.5 538.1 -308.3 -75.8 0.0
-1443.1 -312.7 152.1 -127.7 -17.4 0.0
429.3 180.3 538.1 97.5 -315.1 0.0
-66.7 -328.4 24.1 -297.2 57.8 0.0
177.0 -843.4 538.1 -308.2 -76.0 0.0
-1446.3 -313.2 152.1 -127.3 -18.7 0.0
431.4 172.6 538.1 87.5 -309.7 0.0
-74.1 -326.8 24.1 -295.1 63.7 0.0
169.3 -845.3 538.1 -308.2 -76.3 0.0
-1447.1 -313.2 152.1 -30.8 -1.7 0.0
433.4 164.8 538.1 79.7 -310.5 0.0
-81.4 -325.1 24.1 -293.3 68.5 0.0
161.6 -847.2 538.1 -308.1 -76.4 0.0
-1445.6 -312.9 152.1 58.6 12.7 0.0
435.3 157.0 538.1 73.1 -311.2 0.0
-88.4 -323.3 24.1 -278.3 72.1 0.0
154.0 -849.1 538.1 -305.7 -75.9 0.0
-1442.8 -312.3 152.1 114.0 21.9 0.0
437.0 149.2 538.1 67.3 -312.0 0.0
-95.2 -321.4 24.1 -272.4 78.2 0.0
146.3 -851.0 538.1 -305.7 -75.9 0.0
-1438.8 -311.6 152.1 160.1 30.1 0.0
438.5 141.4 538.1 61.1 -313.6 0.0
-101.9 -319.3 24.1 -267.2 83.4 0.0
138.7 -852.9 538.1 -305.7 -75.9 0.0
-1434.0 -310.7 152.1 191.3 35.6 0.0
439.9 133.5 538.1 55.7 -314.1 0.0
-108.4 -317.1 24.1 -262.4 87.6 0.0
131.1 -854.8 538.1 -303.3 -75.2 0.0
-1428.3 -309.7 152.1 225.8 41.7 0.0
441.1 125.7 538.1 51.1 -314.5 0.0
-114.2 -315.1 24.1 -231.6 80.7 0.0
123.5 -856.7 538.1 -303.2 -75.5 0.0
-1421.8 -308.4 152.1 261.9 48.5 0.0
442.3 117.8 538.1 47.2 -314.7 0.0
-119.7 -312.9 24.1 -221.2 86.7 0.0
116.0 -858.5 538.1 -300.7 -75.2 0.0
-1414.4 -307.1 152.1 297.0 54.7 0.0
443.4 109.9 538.1 42.6 -315.7 0.0
-125.1 -310.6 24.1 -213.5 92.5 0.0
108.5 -860.4 538.1 -300.7 -75.1 0.0
-1406.6 -305.6 152.1 309.7 57.2 0.0
444.4 102.0 538.1 38.8 -315.8 0.0
-130.4 -308.0 24.1 -213.0 101.9 0.0
101.0 -862.3 538.1 -298.2 -74.5 0.0
-1398.8 -304.2 152.1 312.2 57.5 0.0
445.2 94.1 538.1 35.4 -316.1 0.0
-136.9 -306.0 24.1 -260.1 79.6 0.0
93.6 -864.1 538.1 -298.2 -74.6 0.0
-1391.1 -302.8 152.1 309.8 57.0 0.0
446.1 86.2 538.1 32.5 -316.2 0.0
-144.4 -304.5 24.1 -299.5 60.6 0.0
86.2 -866.0 538.1 -295.7 -74.2 0.0
-1383.6 -301.4 152.1 297.4 54.6 0.0
446.8 78.3 538.1 28.8 -316.9 0.0
-152.4 -303.4 24.1 -320.4 45.5 0.0
78.8 -867.8 538.1 -295.7 -74.1 0.0
-1376.6 -300.1 152.1 280.1 51.2 0.0
447.4 70.4 538.1 25.7 -316.9 0.0
-160.3 -302.5 24.1 -316.7 34.7 0.0
71.5 -869.7 538.1 -293.3 -73.7 0.0
-1370.3 -299.0 152.1 252.8 46.2 0.0
448.0 62.4 538.1 23.0 -317.0 0.0
-168.4 -302.0 24.1 -322.2 21.1 0.0
64.1 -871.5 538.1 -293.2 -73.9 0.0
-1364.8 -298.0 152.1 220.6 40.3 0.0
448.5 54.5 538.1 20.7 -317.1 0.0
-176.4 -301.7 24.1 -320.8 10.3 0.0
56.9 -873.4 538.1 -290.7 -73.3 0.0
-1358.5 -296.8 152.1 250.7 45.7 0.0
448.9 46.6 538.1 17.3 -317.6 0.0
-184.3 -301.7 24.1 -316.9 1.5 0.0
49.6 -875.2 538.1 -290.7 -73.6 0.0
-1351.5 -295.6 152.1 280.1 51.3 0.0
449.3 38.6 538.1 14.3 -317.6 0.0
-192.2 -301.9 24.1 -315.6 -6.3 0.0
42.4 -877.0 538.1 -288.2 -73.0 0.0
-1344.1 -294.2 152.1 297.4 54.3 0.0
449.6 30.7 538.1 11.8 -317.6 0.0
-200.2 -302.3 24.1 -319.5 -17.5 0.0
35.2 -878.9 538.1 -288.2 -73.2 0.0
-1336.4 -292.8 152.1 309.8 56.8 0.0
449.8 22.8 538.1 9.7 -317.6 0.0
-208.1 -302.9 24.1 -317.5 -25.6 0.0
28.1 -880.7 538.1 -285.7 -72.7 0.0
-1328.5 -291.3 152.1 312.3 57.4 0.0
449.9 14.8 538.1 1.2 -318.4 0.0
-216.0 -303.8 24.1 -316.0 -32.7 0.0
20.9 -882.5 538.1 -285.7 -72.9 0.0
-1320.7 -289.9 152.1 312.3 57.2 0.0
449.7 6.9 538.1 -5.4 -317.2 0.0
-223.9 -304.7 24.1 -314.4 -38.4 0.0
13.8 -884.3 538.1 -283.2 -72.4 0.0
-1312.9 -288.5 152.1 312.3 57.0 0.0
449.5 -1.1 538.1 -11.2 -316.5 0.0
-231.8 -306.0 24.1 -317.9 -49.1 0.0
6.8 -886.1 538.1 -280.6 -72.2 0.0
-1305.1 -287.1 152.1 312.3 57.0 0.0
449.1 -8.9 538.1 -16.1 -315.8 0.0
-239.7 -307.4 24.1 -315.5 -56.5 0.0
-0.2 -887.9 538.1 -280.6 -72.5 0.0
-1297.3 -285.6 152.1 312.3 57.0 0.0
448.7 -16.9 538.1 -14.0 -317.4 0.0
-247.6 -308.9 24.1 -313.4 -62.7 0.0
-7.2 -889.7 538.1 -278.1 -71.9 0.0
-1289.5 -284.2 152.1 312.3 57.2 0.0
448.4 -24.9 538.1 -12.3 -319.9 0.0
-255.4 -310.6 24.1 -311.8 -68.3 0.0
-14.4 -891.5 538.1 -289.5 -70.5 0.0
-1281.9 -282.8 152.1 302.4 55.3 0.0
448.1 -32.8 538.1 -10.8 -317.4 0.0
-263.3 -312.8 24.1 -316.3 -88.1 0.0
-21.6 -893.2 538.1 -289.9 -67.8 0.0
-1274.8 -281.5 152.1 287.5 52.7 0.0
447.9 -40.7 538.1 -9.7 -317.4 0.0
-271.0 -315.3 24.1 -310.2 -99.3 0.0
-28.9 -894.8 538.1 -290.5 -65.2 0.0
-1268.2 -280.3 152.1 262.7 48.1 0.0
447.7 -48.7 538.1 -8.3 -317.5 0.0
-278.6 -318.0 24.1 -304.5 -108.4 0.0
-36.1 -896.4 538.1 -288.3 -62.8 0.0
-1262.4 -279.2 152.1 233.0 42.6 0.0
447.5 -56.6 538.1 -7.1 -317.5 0.0
-286.1 -320.9 24.1 -300.0 -116.5 0.0
-42.7 -896.1 538.1 -263.7 12.1 0.0
-1256.3 -278.1 152.1 242.9 44.2 0.0
447.3 -64.6 538.1 -6.1 -317.5 0.0
-293.5 -324.0 24.1 -295.6 -121.6 0.0
-48.7 -894.3 538.1 -241.7 71.4 0.0
-1249.5 -276.9 152.1 270.2 49.2 0.0
447.2 -72.5 538.1 -5.2 -317.5 0.0
-300.8 -327.1 24.1 -292.9 -126.6 0.0
-54.3 -891.4 538.1 -221.3 115.1 0.0
-1242.2 -275.6 152.1 292.5 53.1 0.0
447.1 -80.4 538.1 -3.9 -317.5 0.0
-308.1 -330.4 24.1 -290.6 -130.5 0.0
-59.4 -887.4 538.1 -205.8 159.0 0.0
-1234.5 -274.2 152.1 307.5 55.3 0.0
447.0 -88.4 538.1 -3.1 -317.5 0.0
-315.3 -333.8 24.1 -288.7 -134.1 0.0
-63.9 -882.8 538.1 -177.5 186.1 0.0
-1226.7 -272.8 152.1 312.5 56.1 0.0
447.0 -96.3 538.1 -2.3 -317.5 0.0
-322.5 -337.2 24.1 -286.9 -138.8 0.0
-67.7 -877.4 538.1 -154.2 214.8 0.0
-1218.9 -271.4 152.1 312.5 56.2 0.0
446.9 -104.2 538.1 -1.5 -317.5 0.0
-329.6 -340.8 24.1 -284.7 -142.5 0.0
-71.1 -871.5 538.1 -134.0 237.5 0.0
-1211.2 -270.0 152.1 307.5 55.4 0.0
446.9 -112.2 538.1 -0.2 -317.6 0.0
-336.7 -344.4 24.1 -282.9 -145.2 0.0
-74.0 -865.1 538.1 -116.7 253.7 0.0
-1205.0 -267.0 152.1 249.1 121.7 0.0
447.0 -120.1 538.1 1.0 -317.6 0.0
-343.7 -348.1 24.1 -281.5 -147.7 0.0
-76.5 -859.7 538.1 -99.2 215.7 0.0
-1200.0 -262.6 152.1 199.5 175.5 0.0
447.0 -128.1 538.1 1.7 -317.5 0.0
-350.7 -351.9 24.1 -279.9 -151.6 0.0
-78.5 -854.5 538.1 -80.3 210.5 0.0
-1196.1 -257.1 152.1 158.1 218.8 0.0
447.1 -136.0 538.1 2.6 -317.5 0.0
-357.7 -355.8 24.1 -278.0 -154.6 0.0
-80.0 -849.1 538.1 -62.5 216.2 0.0
-1193.0 -250.8 152.1 123.2 253.7 0.0
447.1 -142.7 538.1 2.2 -269.9 0.0
-364.6 -359.7 24.1 -276.4 -157.3 0.0
-81.2 -843.6 538.1 -48.2 218.1 0.0
-1192.0 -244.7 152.1 38.1 244.1 0.0
447.2 -148.5 538.1 1.9 -229.4 0.0
-371.5 -363.7 24.1 -274.9 -159.5 0.0
-82.3 -839.0 538.1 -41.0 185.4 0.0
-1192.9 -238.7 152.1 -35.2 237.0 0.0
447.2 -153.4 538.1 1.6 -195.0 0.0
-378.3 -367.8 24.1 -273.1 -164.4 0.0
-83.0 -834.7 538.1 -29.7 170.9 0.0
-1194.0 -232.7 151.9 -41.9 239.9 -20.0
447.2 -157.5 538.1 1.3 -165.7 0.0
-385.0 -372.0 24.1 -270.6 -167.9 0.0
-83.4 -830.5 538.1 -16.1 167.4 0.0
-1195.2 -226.7 151.1 -48.8 242.8 -40.0
448.2 -162.6 538.1 39.8 -204.3 0.0
-391.8 -376.3 24.1 -268.3 -171.2 0.0
-83.6 -826.5 538.1 -6.8 159.8 0.0
-1196.5 -220.6 149.9 -54.9 243.3 -60.0
450.1 -168.5 538.1 72.6 -237.1 0.0
-398.4 -380.6 24.1 -264.2 -172.5 0.0
-83.1 -824.7 538.1 19.1 71.8 0.0
-1198.1 -214.5 148.1 -60.9 243.8 -80.0
452.6 -175.2 538.1 100.4 -265.0 0.0
-404.7 -384.7 24.1 -253.8 -164.5 0.0
-82.0 -825.0 538.1 41.9 -10.7 0.0
-1199.7 -208.4 145.9 -67.0 244.4 -100.0
455.5 -182.1 538.1 116.9 -277.0 0.0
-410.8 -388.6 24.1 -243.8 -156.8 0.0
-80.7 -827.0 538.1 54.8 -78.1 0.0
-1201.6 -202.3 143.1 -73.1 244.9 -120.0
458.9 -189.2 538.1 137.5 -285.2 0.0
-416.6 -392.4 24.1 -233.6 -149.3 0.0
-78.8 -830.4 538.1 74.6 -139.3 0.0
-1203.5 -196.3 139.9 -77.2 238.4 -140.0
462.6 -196.2 538.1 145.2 -279.3 0.0
-422.2 -395.9 24.1 -223.3 -142.0 0.0
-76.5 -835.3 538.1 91.2 -192.7 0.0
-1205.5 -190.5 136.1 -81.4 231.9 -160.0
466.4 -203.1 538.1 151.7 -274.2 0.0
-427.1 -399.0 24.1 -196.6 -123.6 0.0
-73.9 -841.2 538.1 104.5 -238.5 0.0
-1207.7 -184.9 131.9 -85.6 225.3 -180.0
470.3 -209.8 538.1 157.3 -270.0 0.0
-432.4 -402.1 24.1 -210.5 -123.4 0.0
-71.0 -848.1 538.1 115.8 -276.0 0.0
-1209.9 -179.4 127.1 -89.8 218.8 -200.0
475.0 -216.6 538.1 187.6 -273.0 0.0
-437.9 -405.1 24.1 -219.0 -122.1 0.0
-68.1 -855.2 538.1 115.9 -282.3 0.0
-1212.3 -173.8 121.9 -94.8 224.9 -220.0
479.9 -223.2 538.1 196.6 -262.0 0.0
-443.6 -408.2 24.1 -227.7 -121.4 0.0
-65.7 -861.2 538.1 98.5 -239.9 0.0
-1214.8 -168.0 116.1 -99.9 231.0 -240.0
484.8 -229.7 537.9 196.6 -262.0 -20.0
-449.5 -411.2 24.1 -236.6 -120.6 0.0
-63.6 -866.3 538.1 83.7 -203.9 0.0
-1217.4 -162.1 112.1 -105.0 237.1 0.3
489.7 -236.3 537.1 196.6 -262.0 -40.0
-455.5 -414.1 24.1 -240.3 -118.3 0.0
-61.8 -870.6 538.1 71.1 -173.3 0.0
-1220.9 -155.5 112.1 -139.8 262.7 0.0
494.6 -242.8 535.9 196.6 -262.0 -60.0
-461.5 -417.0 24.1 -241.3 -115.6 0.0
-60.3 -874.3 538.1 -169.3 -398.0 -0.4
-1224.3 -148.8 111.9 -136.6 269.6 -20.0
496.9 -249.4 534.1 -0.2 -262.0 -80.0
-467.6 -419.9 24.1 -242.4 -113.2 0.0
-64.5 -884.2 538.1 -169.3 -398.0 0.0
-1227.7 -141.8 111.1 -133.4 276.5 -40.0
496.9 -255.9 531.9 -0.2 -262.0 -100.0
-473.7 -422.6 24.1 -243.6 -110.7 0.0
-68.7 -894.2 538.1 -169.3 -398.0 0.0
-1230.9 -134.8 109.9 -130.1 283.4 -60.0
496.9 -262.5 529.1 -0.2 -262.0 -120.0
-479.7 -425.3 24.1 -242.1 -107.5 0.0
-73.0 -904.1 538.1 -169.3 -398.0 0.0
-1234.1 -127.5 108.1 -126.9 290.4 -80.0
496.9 -269.0 525.9 -0.2 -262.0 -140.0
-485.7 -427.9 24.1 -240.5 -104.7 0.0
-77.2 -914.1 538.1 -169.3 -398.0 0.0
-1237.1 -120.4 105.9 -121.2 284.9 -100.0
496.9 -275.6 522.1 -0.2 -262.0 -160.0
-491.6 -430.5 24.1 -236.3 -101.5 0.0
-81.6 -924.0 538.1 -176.1 -394.6 0.0
-1240.0 -113.4 103.1 -115.5 279.5 -120.0
496.8 -282.1 517.9 -0.2 -262.0 -180.0
-497.6 -433.0 24.1 -237.0 -99.9 0.0
-87.1 -931.5 538.1 -218.5 -301.0 0.0
-1242.7 -106.5 99.9 -109.8 274.0 -140.0
496.8 -288.7 513.1 -0.2 -262.0 -200.0
-503.5 -435.4 24.1 -237.7 -98.3 0.0
-93.4 -937.0 538.1 -254.4 -221.6 0.0
-1245.4 -99.8 96.1 -104.2 268.6 -160.0
496.8 -295.2 507.9 -0.2 -262.0 -220.0
-509.4 -437.8 24.1 -235.7 -96.2 0.0
-100.6 -940.9 538.1 -285.0 -154.0 0.0
-1248.1 -93.0 91.9 -111.5 271.3 -180.0
496.8 -301.8 502.1 -0.2 -262.0 -240.0
-515.3 -440.2 24.1 -236.2 -95.0 0.0
-108.2 -942.9 538.1 -305.0 -82.3 0.0
-1251.1 -86.2 88.1 -118.9 274.0 0.2
496.8 -308.3 495.9 -0.2 -262.0 -260.0
-521.3 -442.6 24.1 -239.1 -94.5 0.0
-116.2 -943.5 538.1 -322.0 -21.3 0.0
-1255.5 -79.7 88.1 -175.6 260.3 0.0
496.8 -314.9 489.1 -0.2 -262.0 -280.0
-527.3 -444.9 24.1 -239.5 -93.4 0.0
-124.6 -942.7 538.1 -336.4 30.6 0.0
-1261.1 -73.5 88.1 -223.8 248.4 0.0
494.3 -319.7 481.8 -114.5 -185.8 -303.6
-533.3 -447.2 24.1 -242.3 -93.3 0.0
-133.3 -940.9 538.1 -345.7 72.3 0.0
-1266.9 -68.1 88.1 -233.7 216.2 0.0
491.4 -324.4 474.0 -114.5 -185.8 -323.6
-539.5 -449.6 24.1 -244.9 -93.4 0.0
-141.8 -938.1 538.1 -341.5 110.3 0.0
-1273.0 -63.3 88.1 -241.1 188.9 0.0
488.6 -329.0 465.6 -114.5 -185.8 -343.6
-545.7 -451.9 24.1 -250.0 -94.1 0.0
-149.9 -934.9 538.1 -323.6 127.9 0.0
-1279.1 -59.2 88.1 -246.2 165.6 0.0
485.7 -333.7 456.8 -114.5 -185.8 -363.6
-552.1 -454.3 24.1 -255.2 -94.7 0.0
-157.6 -931.4 538.1 -308.3 142.8 0.0
-1285.4 -55.6 88.1 -249.6 145.4 0.0
482.8 -338.3 447.4 -114.5 -185.8 -383.6
-558.5 -456.7 24.1 -257.9 -94.6 0.0
-165.0 -927.5 538.1 -295.3 155.4 0.0
-1290.7 -52.5 88.1 -212.1 123.6 0.0
480.0 -342.9 437.6 -114.5 -185.8 -403.6
-565.1 -459.0 24.1 -262.9 -95.6 0.0
-172.2 -923.1 538.1 -286.8 176.3 0.0
-1295.7 -49.9 88.1 -200.5 102.2 0.0
477.1 -347.6 427.3 -114.5 -185.8 -423.6
-571.9 -461.5 24.1 -270.8 -96.4 0.0
-179.0 -918.4 538.1 -273.7 186.9 0.0
-1300.7 -47.9 88.1 -200.2 82.6 0.0
474.2 -352.2 416.4 -114.5 -185.8 -443.6
-578.7 -463.8 24.1 -273.7 -95.6 0.0
-185.6 -913.5 538.1 -262.6 195.9 0.0
-1305.7 -46.2 88.1 -200.1 66.0 0.0
471.4 -356.9 405.1 -114.5 -185.2 -463.6
-585.7 -466.2 24.1 -278.9 -95.9 0.0
-191.9 -908.4 538.1 -253.2 203.5 0.0
-1309.9 -44.8 88.1 -170.1 56.1 0.0
468.5 -361.5 393.2 -114.4 -184.6 -483.6
-592.7 -468.6 24.1 -281.6 -95.7 0.0
-198.0 -903.0 538.1 -243.9 217.3 0.0
-1314.0 -43.8 88.1 -162.4 39.4 0.0
465.7 -366.1 380.9 -114.3 -184.1 -503.6
-598.1 -472.4 24.1 -213.8 -150.5 0.0
-203.8 -897.4 538.1 -233.0 224.4 0.0
-1317.9 -43.2 88.1 -158.2 24.3 0.0
462.8 -370.7 368.1 -114.3 -183.5 -523.6
-602.0 -477.3 24.1 -155.7 -197.5 0.0
-209.4 -891.6 538.1 -223.7 230.4 0.0
-1321.8 -42.9 88.1 -152.5 12.4 0.0
460.0 -375.2 354.7 -114.2 -182.9 -543.6
-604.6 -483.3 24.1 -105.9 -238.7 0.0
-214.8 -885.7 538.1 -215.8 235.5 0.0
-1326.2 -41.2 88.1 -176.4 69.9 0.0
457.1 -379.8 340.9 -114.1 -182.3 -563.6
-606.2 -490.2 24.1 -63.4 -274.3 0.0
-220.0 -879.6 538.1 -206.3 246.6 0.0
-1331.0 -38.2 88.1 -195.2 116.8 0.0
454.3 -384.3 326.5 -114.0 -181.6 -583.6
-606.4 -496.9 24.1 -6.9 -269.2 0.0
-224.9 -873.3 538.1 -196.1 251.6 0.0
-1336.2 -34.4 88.1 -207.3 151.7 0.0
451.4 -388.9 311.7 -113.9 -181.0 -603.6
-605.3 -503.5 24.1 40.9 -264.2 0.0
-229.6 -866.9 538.1 -187.5 255.9 0.0
-1341.0 -30.7 88.1 -192.6 149.6 0.0
448.6 -393.2 296.4 -112.5 -174.7 -623.6
-603.3 -510.0 24.1 80.3 -259.3 0.0
-234.1 -860.4 538.1 -180.1 259.5 0.0
-1345.5 -25.7 88.1 -177.0 199.1 0.0
445.8 -397.4 282.1 -111.1 -168.5 0.6
-600.8 -516.1 24.1 0.0 -50.0 1018.0
-238.2 -853.8 538.1 -163.7 262.7 0.0
-1349.5 -19.8 88.1 -162.8 235.4 0.0
443.8 -399.5 282.1 -80.7 -80.4 0.0
-600.8 -517.5 49.3 3.0 -57.2 998.0
-241.9 -847.2 538.1 -150.0 266.2 0.0
-1353.1 -14.4 88.1 -141.6 216.8 0.0
442.4 -399.6 282.1 -54.9 -5.6 0.0
-600.6 -519.1 74.0 5.9 -64.3 978.0
-245.4 -840.4 538.1 -138.3 269.1 0.0
-1356.3 -8.8 88.1 -128.0 224.6 0.0
439.7 -400.1 282.1 -108.4 -21.3 0.0
-600.4 -520.9 98.2 8.9 -71.5 958.0
-248.6 -833.6 538.1 -128.4 271.6 0.0
-1358.2 -2.4 88.1 -74.8 257.0 0.0
435.7 -401.0 282.1 -160.5 -35.4 0.0
-600.1 -522.9 121.9 11.8 -78.7 938.0
-252.9 -827.8 538.1 -174.6 231.6 0.0
-1359.0 4.6 88.1 -32.0 279.4 0.0
430.6 -402.2 282.1 -204.8 -47.4 0.0
-599.9 -524.9 145.1 6.5 -83.0 918.0
-258.3 -822.9 538.1 -214.0 197.5 0.0
-1359.1 11.6 88.1 -5.2 280.3 0.0
424.5 -403.6 282.1 -242.5 -57.5 0.0
-599.9 -527.1 167.8 1.1 -87.3 898.0
-264.5 -818.7 538.1 -247.4 168.5 0.0
-1358.9 18.2 88.1 8.0 262.3 0.0
417.7 -405.3 282.1 -274.3 -66.4 0.0
-600.0 -529.4 190.0 -4.2 -91.6 878.0
-271.0 -815.1 538.1 -260.6 143.8 0.0
-1358.5 24.7 87.9 15.4 260.7 -20.0
410.8 -407.0 282.1 -274.2 -67.0 0.0
-600.3 -531.8 211.7 -9.5 -95.9 858.0
-278.3 -812.3 538.1 -293.3 112.7 0.0
-1357.9 31.2 87.1 23.1 259.2 -40.0
404.0 -408.7 282.1 -274.0 -67.5 0.0
-600.6 -534.3 232.9 -14.8 -100.2 838.0
-285.9 -810.1 538.1 -304.1 88.5 0.0
-1357.1 37.6 85.9 30.9 257.6 -60.0
397.1 -410.4 282.1 -273.9 -67.9 0.0
-601.1 -536.9 253.6 -20.1 -104.4 818.0
-293.5 -808.3 538.1 -301.5 69.5 0.0
-1356.2 44.0 84.1 38.6 256.1 -80.0
390.3 -412.0 282.1 -271.4 -67.6 0.0
-601.8 -539.6 273.8 -25.3 -108.6 798.0
-300.9 -807.0 538.1 -299.4 53.4 0.0
-1355.2 50.3 81.9 41.3 249.8 -100.0
383.5 -413.7 282.1 -271.3 -67.9 0.0
-602.5 -542.5 293.5 -30.5 -112.8 778.0
-309.0 -806.3 538.1 -321.8 28.2 0.0
-1354.1 56.3 79.1 43.9 243.4 -120.0
376.8 -415.4 282.1 -271.3 -68.2 0.0
-603.4 -545.4 312.7 -35.9 -116.9 758.0
-316.9 -806.0 538.1 -317.9 12.6 0.0
-1352.9 62.3 75.9 46.6 237.0 -140.0
370.0 -417.2 282.1 -271.2 -68.4 0.0
-604.4 -548.4 331.4 -41.1 -121.0 738.0
-324.8 -806.0 538.1 -314.5 -0.6 0.0
-1351.7 68.0 72.1 49.4 230.3 -160.0
363.3 -418.8 282.1 -266.3 -67.2 0.0
-605.6 -551.5 349.6 -46.4 -125.1 718.0
-332.6 -806.3 538.1 -311.6 -11.8 0.0
-1350.4 73.6 67.9 50.5 222.5 -180.0
356.7 -420.5 282.1 -266.3 -67.3 0.0
-606.9 -554.8 367.3 -51.7 -129.2 698.0
-340.7 -807.1 538.1 -324.9 -33.3 0.0
-1349.1 79.0 63.1 51.7 214.6 -200.0
350.0 -422.2 282.1 -266.3 -67.3 0.0
-608.3 -558.1 384.5 -57.0 -133.3 678.0
-348.7 -808.3 538.1 -320.2 -45.4 0.0
-1347.8 84.1 57.9 52.8 206.8 -220.0
343.4 -423.9 282.1 -266.3 -67.3 0.0
-609.9 -561.5 401.2 -62.5 -137.4 658.0
-356.6 -809.6 538.1 -316.2 -55.7 0.0
-1346.4 89.1 52.1 54.0 199.0 -240.0
336.8 -425.5 282.1 -263.8 -66.8 0.0
-611.6 -565.1 417.4 -67.9 -141.5 638.0
-364.4 -811.3 538.1 -312.8 -64.4 0.0
-1345.0 94.2 48.1 55.4 205.5 0.3
330.2 -427.2 282.1 -263.8 -66.9 0.0
-613.4 -568.7 433.1 -73.4 -145.6 618.0
-372.4 -813.4 538.1 -318.1 -85.5 0.0
-1343.5 100.2 48.1 60.8 237.4 0.0
323.6 -428.9 282.1 -263.8 -66.9 0.0
-615.2 -572.3 448.3 -72.9 -145.0 598.0
-380.2 -815.8 538.1 -311.4 -96.9 0.0
-1342.0 106.1 47.9 61.2 239.3 -20.0
317.0 -430.6 282.1 -263.7 -67.0 0.0
-617.1 -575.9 463.0 -72.3 -144.5 578.0
-387.8 -818.5 538.1 -305.7 -106.6 0.0
-1340.5 112.1 47.1 61.2 239.3 -40.0
310.8 -433.7 282.1 -247.9 -125.4 0.0
-618.7 -579.5 477.2 36.1 -108.0 558.0
-395.4 -821.4 538.1 -300.9 -114.8 0.0
-1339.0 118.0 45.9 60.0 233.5 -60.0
304.9 -438.1 282.1 -234.5 -175.0 0.0
-617.8 -582.2 490.9 36.6 -107.4 538.0
-402.2 -825.2 538.1 -275.4 -153.4 0.0
-1337.5 123.7 44.1 58.8 227.7 -80.0
299.3 -443.5 282.1 -223.0 -217.2 0.0
-616.9 -584.9 504.1 36.6 -107.4 518.0
-408.4 -829.3 538.1 -246.1 -164.4 0.0
-1336.0 129.2 41.9 57.6 222.0 -100.0
294.2 -449.4 282.1 -207.0 -234.9 0.0
-616.0 -587.6 516.8 36.6 -107.4 498.0
-413.9 -833.6 538.1 -221.0 -173.3 0.0
-1334.6 134.6 39.1 56.4 216.2 -120.0
290.1 -456.0 282.1 -160.9 -264.1 0.0
-615.0 -590.2 529.0 36.6 -107.4 478.0
-418.9 -838.2 538.1 -199.6 -180.8 0.0
-1333.3 139.9 35.9 55.1 210.5 -140.0
287.1 -463.2 282.1 -121.7 -288.9 0.0
-614.1 -592.9 540.7 36.6 -107.4 458.0
-424.6 -840.9 538.1 -228.1 -110.8 0.0
-1331.9 145.0 32.1 53.7 204.8 -160.0
284.8 -470.5 282.1 -92.3 -293.3 0.0
-613.2 -595.6 551.9 36.6 -107.4 438.0
-430.9 -842.2 538.1 -252.3 -51.4 0.0
-1330.6 150.0 27.9 52.3 198.9 -180.0
283.1 -477.7 282.1 -69.4 -287.9 0.0
-612.3 -598.3 562.6 36.6 -107.4 418.0
-437.7 -842.2 538.1 -272.9 -0.8 0.0
-1329.3 154.8 24.1 50.9 193.1 0.2
282.3 -485.5 282.1 -29.1 -312.1 0.0
-611.4 -601.0 572.8 36.6 -107.4 398.0
-445.0 -841.2 538.1 -290.4 42.2 0.0
-1329.7 159.7 24.1 -13.8 197.5 0.0
282.3 -493.6 282.1 0.6 -322.3 0.0
-610.5 -603.7 582.5 36.6 -107.4 378.0
-452.2 -840.0 544.8 -289.3 47.7 255.0
-1331.4 164.8 24.1 -68.4 200.8 0.0
282.8 -501.5 282.1 18.4 -314.4 0.0
-609.5 -606.4 591.7 36.6 -107.4 358.0
-459.4 -838.6 550.9 -288.3 53.3 235.0
-1334.2 169.8 24.1 -114.2 203.3 0.0
283.6 -509.1 282.1 33.6 -307.6 0.0
-608.6 -609.0 600.4 36.6 -107.4 338.0
-466.6 -837.2 556.5 -287.2 58.8 215.0
-1338.1 175.0 24.1 -153.1 205.5 0.0
285.5 -517.3 282.1 73.9 -325.9 0.0
-607.7 -611.7 608.6 36.6 -107.4 318.0
-473.8 -835.6 561.6 -286.2 64.3 195.0
-1342.8 179.8 24.1 -187.2 192.6 0.0
287.8 -525.3 282.1 92.8 -319.7 0.0
-606.8 -614.4 616.3 36.6 -107.4 298.0
-481.0 -833.8 566.3 -290.7 70.0 175.0
-1347.7 184.2 24.1 -199.3 175.9 0.0
290.5 -533.0 282.1 106.0 -310.4 0.0
-605.9 -617.1 623.5 36.6 -107.4 278.0
-488.4 -831.9 570.4 -294.8 75.2 155.0
-1352.8 188.2 24.1 -204.2 160.1 0.0
293.4 -540.6 282.1 117.3 -302.5 0.0
-605.0 -619.8 630.2 36.6 -107.4 258.0
-495.8 -830.0 574.0 -296.1 76.9 135.0
-1358.0 191.8 24.1 -205.1 145.9 0.0
297.4 -548.2 282.1 160.1 -303.8 0.0
-604.0 -622.5 636.4 36.6 -107.4 238.0
-503.2 -828.1 577.1 -296.1 76.9 115.0
-1364.1 194.9 24.1 -246.8 124.1 0.0
301.7 -555.4 282.1 173.1 -286.9 0.0
-603.1 -625.2 642.1 36.6 -107.4 218.0
-510.7 -826.0 579.8 -299.3 83.4 95.0
-1371.2 197.6 24.1 -282.2 106.0 0.0
306.3 -562.2 282.1 184.3 -272.5 0.0
-602.2 -627.8 647.3 36.6 -107.4 198.0
-518.3 -823.8 581.9 -302.7 90.2 75.0
-1378.4 199.8 24.1 -289.4 90.3 0.0
311.2 -568.7 282.1 193.7 -260.3 0.0
-601.3 -630.5 652.0 36.6 -107.4 178.0
-525.9 -821.3 583.5 -306.2 97.2 55.0
-1385.7 201.8 24.1 -289.5 76.9 0.0
313.5 -575.0 282.1 93.7 -250.8 0.0
-600.4 -633.2 656.2 36.6 -107.4 158.0
-533.7 -818.7 584.6 -309.7 104.3 35.0
-1392.9 202.0 24.1 -288.4 9.7 0.0
313.7 -581.0 282.1 8.7 -242.7 0.0
-599.5 -635.9 659.9 36.6 -107.4 138.0
-541.4 -815.9 585.3 -310.8 112.0 15.0
-1400.1 200.8 24.1 -287.2 -46.8 0.0
312.1 -586.9 282.1 -63.6 -235.8 0.0
-598.6 -638.6 663.1 36.6 -107.4 118.0
-549.2 -812.9 585.4 -311.9 119.8 -5.0
-1407.2 198.5 24.1 -286.4 -94.7 0.0
309.0 -592.7 282.1 -125.0 -229.9 0.0
-597.6 -641.3 665.8 36.6 -107.4 98.0
-557.1 -809.7 585.0 -313.0 127.5 -25.0
-1414.3 195.2 24.1 -281.7 -131.0 0.0
304.7 -597.6 282.1 -171.1 -196.2 0.0
-596.7 -644.0 668.0 0.9 -8.3 109.5
-564.9 -806.4 584.1 -314.1 135.2 -45.0
-1421.6 193.5 24.1 -293.1 -68.5 0.0
299.5 -601.8 282.1 -210.3 -167.5 0.0
-596.7 -644.2 670.5 0.9 -8.3 89.5
-572.7 -802.8 582.8 -311.7 141.5 -65.0
-1429.1 193.1 24.1 -302.4 -15.9 0.0
293.4 -605.3 282.1 -243.7 -143.1 0.0
-596.7 -644.4 672.5 0.9 -8.3 69.5
-580.4 -799.1 580.9 -309.4 147.9 -85.0
-1436.9 193.8 24.1 -309.4 27.9 0.0
286.9 -608.4 282.1 -258.2 -122.2 0.0
-596.6 -644.6 674.0 0.9 -8.3 49.5
-588.1 -795.3 578.5 -307.0 154.3 -105.0
-1444.3 195.0 24.1 -295.7 49.9 0.0
280.2 -611.2 282.1 -268.6 -111.3 0.0
-596.6 -644.8 675.0 -21.9 92.1 68.4
-595.7 -791.3 575.6 -304.7 160.7 -125.0
-1451.5 197.7 24.1 -290.6 108.4 0.0
273.5 -613.7 282.1 -270.1 -101.0 0.0
-597.2 -642.5 676.4 -21.9 92.1 48.4
-603.2 -787.1 572.3 -299.7 164.8 -145.0
-1458.7 201.7 24.1 -286.1 156.9 0.0
266.7 -616.0 282.1 -271.5 -92.2 0.0
-597.7 -640.2 677.4 -21.9 92.1 28.4
-610.6 -782.9 568.4 -294.9 168.7 -165.0
-1465.5 206.3 24.1 -274.3 185.3 0.0
259.9 -618.1 282.1 -272.6 -84.7 0.0
-598.3 -637.9 677.9 -21.9 92.1 8.4
-617.9 -778.6 564.0 -290.2 172.6 -185.0
-1471.9 211.1 24.1 -253.6 191.8 0.0
253.3 -620.0 282.1 -264.3 -74.7 0.0
-598.8 -635.6 677.8 -21.9 92.1 -11.6
-625.0 -774.2 559.1 -285.4 176.6 -205.0
-1477.3 217.1 24.1 -216.3 242.4 0.0
246.6 -621.7 282.1 -264.9 -66.9 0.0
-599.4 -633.3 677.3 -21.9 92.1 -31.6
-632.0 -769.7 553.8 -278.5 178.8 -225.0
-1481.9 224.3 24.1 -184.6 285.4 0.0
240.0 -623.2 282.1 -265.5 -60.3 0.0
-599.9 -631.0 676.2 -21.9 92.1 -51.6
-638.7 -765.2 547.9 -271.9 180.9 -245.0
-1485.8 232.2 24.1 -157.2 316.8 0.0
233.4 -624.5 282.1 -266.0 -54.6 0.0
-600.5 -628.7 674.7 -21.9 92.1 -71.6
-645.4 -760.6 541.5 -265.2 183.0 -265.0
-1489.2 240.1 24.1 -134.1 316.2 0.0
227.1 -625.7 282.1 -251.6 -46.7 0.0
-601.0 -626.4 672.7 -21.9 92.1 -91.6
-651.8 -756.0 538.1 -258.5 185.2 0.3
-1490.1 246.9 24.1 -34.7 273.2 0.0
220.8 -626.7 282.1 -251.6 -40.0 0.0
-601.5 -624.1 670.1 -21.9 92.1 -111.6
-657.6 -751.7 538.1 -232.3 169.7 0.0
-1488.8 252.9 24.1 49.7 236.6 0.0
214.5 -627.6 282.1 -251.7 -34.4 0.0
-602.1 -621.8 667.1 -21.9 92.1 -131.6
-663.5 -747.2 538.1 -235.2 181.1 0.0
-1485.8 258.0 24.1 0.0 49.0 1030.0
208.2 -628.3 282.1 -251.7 -29.6 0.0
-602.6 -619.5 663.5 -21.9 92.1 -151.6
-669.3 -742.6 538.1 -231.6 184.8 0.0
-1485.6 259.2 49.6 7.9 49.4 1010.0
202.4 -630.5 282.1 -229.9 -87.4 0.0
-603.2 -617.2 659.5 -21.9 92.1 -171.6
-675.0 -737.9 538.1 -228.5 187.9 0.0
-1485.6 260.5 74.6 0.3 51.4 990.0
197.2 -633.9 282.1 -211.4 -136.5 0.0
-603.7 -614.9 655.0 -21.9 92.1 -191.6
-681.5 -734.1 538.1 -258.7 152.6 0.0
-1485.8 261.8 99.1 -7.4 53.5 970.0
192.3 -638.4 282.1 -195.7 -178.2 0.0
-604.3 -612.6 649.9 -21.9 92.1 -211.6
-688.2 -731.0 538.1 -266.9 124.6 0.0
-1486.1 263.2 123.1 -15.1 55.5 950.0
187.7 -643.7 282.1 -182.3 -213.7 0.0
-604.8 -610.3 644.4 -21.9 92.1 -231.6
-694.8 -728.4 538.1 -264.4 101.9 0.0
-1486.7 264.7 146.6 -22.8 57.6 930.0
183.7 -649.0 282.1 -158.4 -213.5 0.0
-605.4 -608.0 638.4 -21.9 92.1 -251.6
-701.3 -726.4 538.1 -262.3 82.5 0.0
-1487.5 266.2 169.6 -30.4 59.5 910.0
180.3 -654.4 282.1 -138.3 -215.7 0.0
-605.9 -605.7 631.8 -21.9 92.1 -271.6
-708.5 -725.4 538.1 -285.6 39.1 0.0
-1488.4 267.7 192.1 -38.1 61.6 890.0
177.3 -659.9 282.1 -121.3 -217.5 0.0
-606.5 -603.4 624.8 -21.9 92.1 -291.6
-1489.6 269.3 214.1 -45.8 63.5 870.0
174.6 -665.3 282.1 -106.8 -219.1 0.0
-607.0 -601.1 617.2 -21.9 92.1 -311.6
-1490.9 270.9 235.6 -53.4 65.5 850.0
172.3 -671.5 282.1 -89.6 -247.9 0.0
-607.6 -598.8 609.2 -21.9 92.1 -331.6
-1492.2 272.5 256.6 -50.2 64.6 830.0
170.5 -677.6 282.1 -75.7 -243.0 0.0
-608.1 -596.5 600.7 -21.9 92.1 -351.6
-1493.3 274.1 277.1 -47.0 63.7 810.0
168.9 -683.6 282.1 -63.8 -237.9 0.0
-608.6 -594.2 591.6 -21.9 92.1 -371.6
-1494.4 275.7 297.1 -43.8 62.8 790.0
167.5 -689.4 282.1 -53.8 -232.6 0.0
-609.2 -591.9 582.1 -21.9 92.1 -391.6
-1495.5 277.2 316.6 -40.6 61.9 770.0
166.6 -695.8 282.1 -38.0 -256.6 0.0
-609.7 -589.6 572.0 -21.9 92.1 -411.6
-1496.5 278.8 335.6 -42.1 62.2 750.0
165.9 -702.1 282.1 -28.0 -250.4 0.0
-610.3 -587.3 561.5 -21.9 92.1 -431.6
-1497.6 280.4 354.1 -43.7 62.5 730.0
165.4 -708.2 282.1 -19.2 -246.6 0.0
-610.8 -585.0 550.5 -21.9 92.1 -451.6
-1498.7 281.9 372.1 -45.2 62.7 710.0
165.1 -714.2 282.1 -12.1 -240.7 0.0
-611.4 -582.7 538.9 -21.9 92.1 -471.6
-1499.9 283.5 389.6 -46.8 63.0 690.0
164.8 -719.4 282.1 -10.3 -204.6 0.0
-611.9 -580.3 526.9 -21.9 92.1 -491.6
-1501.0 285.1 406.6 -46.0 62.8 670.0
164.6 -723.7 282.1 -8.7 -173.9 0.0
-612.5 -578.0 514.3 -21.9 92.1 -511.6
-1502.2 286.6 423.1 -45.3 62.6 650.0
164.4 -727.4 282.1 -7.4 -147.8 0.0
-613.0 -575.7 501.3 -21.9 92.1 -531.6
-1503.3 288.2 439.1 -44.6 62.4 630.0
164.3 -730.8 282.1 -3.0 -137.3 0.0
-613.6 -573.4 487.8 -21.9 92.1 -551.6
-1504.4 289.8 454.6 -43.9 62.2 610.0
164.5 -734.2 282.1 7.6 -135.7 0.0
-614.1 -571.1 473.7 -21.9 92.1 -571.6
-1505.5 291.3 469.6 -43.9 62.1 590.0
164.9 -737.6 282.1 16.4 -134.0 0.0
-614.7 -568.8 459.2 -21.9 92.1 -591.6
-1506.6 292.9 484.1 -44.0 62.0 570.0
165.5 -740.8 282.1 23.1 -130.8 0.0
-615.3 -566.7 444.2 -25.6 85.1 -611.6
-1507.7 294.4 498.1 -44.1 61.9 550.0
166.3 -744.1 282.1 29.5 -129.8 0.0
-616.0 -564.8 428.6 -29.3 78.2 -631.6
-1508.8 296.0 511.6 -44.2 61.8 530.0
167.5 -747.4 282.1 49.4 -133.3 0.0
-616.9 -563.0 412.6 -33.1 71.3 -651.6
-1509.9 297.5 524.6 -44.1 61.7 510.0
169.0 -750.6 282.1 58.5 -128.9 0.0
-617.8 -561.4 396.0 -36.8 64.3 -671.6
-1511.0 299.0 537.1 -44.0 61.6 490.0
170.6 -753.7 282.1 63.9 -123.0 0.0
-618.8 -559.9 379.0 -40.5 57.3 -691.6
-1512.1 300.6 549.1 -43.9 61.5 470.0
172.3 -756.7 282.1 68.6 -118.1 0.0
-619.9 -558.7 361.5 -44.2 50.3 -711.6
-1513.2 302.1 560.6 -43.8 61.5 450.0
171.9 -759.7 282.1 -15.0 -121.1 0.0
-621.1 -557.6 343.4 -47.9 43.3 -731.6
-1514.3 303.6 571.6 -43.7 61.3 430.0
169.7 -762.8 282.1 -86.6 -124.4 0.0
-622.4 -556.7 324.9 -51.7 36.3 -751.6
-1515.4 305.2 582.1 -43.6 61.2 410.0
166.0 -766.0 282.1 -148.2 -126.8 0.0
-623.8 -556.0 305.8 -55.3 29.2 -771.6
-1516.5 306.7 592.1 -43.6 61.1 390.0
161.0 -769.2 282.1 -201.0 -129.2 0.0
-624.9 -555.4 286.3 0.1 22.2 -791.6
-1517.5 308.2 601.6 -43.5 61.0 370.0
154.8 -772.3 282.1 -246.6 -122.9 0.0
-624.9 -555.0 266.3 0.0 15.1 -811.6
-1518.6 309.7 610.6 -43.5 60.9 350.0
147.7 -775.2 282.1 -286.0 -117.6 0.0
-624.9 -554.8 245.7 0.0 8.1 -831.6
-1519.7 311.3 619.1 -43.3 60.8 330.0
140.2 -778.0 282.1 -298.0 -109.6 0.0
-624.9 -554.8 224.7 0.0 0.8 -851.6
-1520.8 312.8 627.1 -43.2 60.6 310.0
132.7 -780.5 282.1 -301.8 -101.7 0.0
-624.9 -555.0 203.1 0.0 -6.4 -871.6
-1521.9 314.3 634.6 -43.1 60.5 290.0
125.1 -782.7 282.1 -303.0 -89.0 0.0
-624.9 -555.3 181.1 0.0 -13.7 -891.6
-1522.9 315.8 641.6 -43.0 60.3 270.0
117.5 -784.7 282.1 -306.4 -78.1 0.0
-624.9 -555.8 158.6 0.0 -20.9 -911.6
-1524.0 317.3 648.1 -42.9 60.2 250.0
109.8 -786.4 282.1 -306.6 -68.9 0.0
-624.9 -556.5 135.5 0.0 -28.2 -931.6
-1525.1 318.8 654.1 -42.8 60.0 230.0
102.0 -787.9 282.1 -309.5 -61.3 0.0
-624.9 -557.4 112.0 0.0 -35.5 -951.6
-1526.2 320.3 659.6 -42.6 59.9 210.0
94.5 -790.1 282.1 -300.2 -86.0 0.0
-624.9 -558.5 87.9 0.0 -42.8 -971.6
-1527.2 321.8 664.6 -42.5 59.7 190.0
87.4 -792.6 282.1 -284.3 -99.7 0.0
-624.9 -559.7 63.4 0.0 -50.1 -991.6
-1528.3 323.3 669.1 -42.4 59.6 170.0
80.7 -795.4 282.1 -270.6 -111.1 0.0
-624.8 -561.1 38.4 16.3 -48.8 -1011.6
-1529.3 324.8 673.1 -42.3 59.4 150.0
74.2 -798.4 282.1 -258.6 -120.7 0.0
-624.4 -562.4 24.1 0.0 -50.0 1018.0
-1530.4 326.3 676.6 -42.2 59.2 130.0
68.2 -801.5 282.1 -240.1 -124.6 0.0
-624.0 -563.6 49.3 -0.5 -53.6 998.0
-1531.4 327.7 679.6 -42.1 59.1 110.0
62.5 -804.8 282.1 -228.4 -132.4 0.0
-623.6 -564.9 74.0 -0.9 -57.0 978.0
-1532.5 329.2 682.1 -42.0 58.9 90.0
57.0 -808.3 282.1 -218.0 -138.5 0.0
-623.1 -566.2 98.2 -6.1 -63.0 958.0
-1533.5 330.7 684.1 -41.9 58.8 70.0
51.8 -811.9 282.1 -208.9 -143.6 0.0
-622.6 -567.7 121.9 -11.2 -68.9 938.0
-1534.6 332.1 685.6 -41.8 58.6 50.0
47.0 -815.4 282.1 -192.0 -140.2 0.0
-622.1 -569.3 145.1 -16.4 -74.8 918.0
-1535.6 333.6 686.6 -41.7 58.4 30.0
42.4 -819.0 282.1 -183.1 -144.2 0.0
-621.6 -570.9 167.8 -21.6 -80.8 898.0
-1536.7 335.1 687.1 -41.6 58.3 10.0
38.0 -822.7 282.1 -176.8 -149.1 0.0
-621.0 -572.7 190.0 -26.9 -86.5 878.0
-1537.7 336.5 687.1 -41.5 58.1 -10.0
33.7 -826.5 282.1 -171.5 -153.5 0.0
-620.4 -574.5 211.7 -32.2 -92.2 858.0
-1538.7 338.0 686.6 -41.4 57.9 -30.0
29.4 -830.8 282.1 -175.2 -172.8 0.0
-619.7 -576.4 232.9 -37.6 -98.0 838.0
-1539.8 339.4 685.6 -41.3 57.7 -50.0
25.1 -835.3 282.1 -171.1 -178.7 0.0
-619.1 -578.4 253.6 26.9 -80.5 818.0
-1540.8 340.8 684.1 -41.2 57.5 -70.0
20.9 -839.9 282.1 -167.9 -183.9 0.0
-618.4 -580.5 273.8 27.0 -80.9 798.0
-1541.8 342.3 682.1 -41.0 57.3 -90.0
16.7 -844.6 282.1 -165.4 -188.6 0.0
-617.7 -582.5 293.5 27.1 -81.4 778.0
-1542.9 343.7 679.6 -40.9 57.1 -110.0
12.5 -849.8 282.1 -169.1 -206.5 0.0
-617.0 -584.5 312.7 27.3 -81.8 758.0
-1543.9 345.1 676.6 -40.8 56.9 -130.0
8.4 -855.1 282.1 -165.9 -211.5 0.0
-616.3 -586.6 331.4 27.4 -82.2 738.0
-1544.9 346.5 673.1 -40.6 56.7 -150.0
4.3 -860.5 282.1 -164.7 -218.1 0.0
-615.6 -588.7 349.6 27.5 -82.5 718.0
-1545.9 347.9 669.1 -40.5 56.5 -170.0
0.2 -866.1 282.1 -162.8 -222.2 0.0
-615.0 -590.7 367.3 27.6 -82.8 698.0
-1546.9 349.4 664.6 -40.3 56.3 -190.0
-4.0 -872.2 282.1 -166.1 -243.5 0.0
-614.3 -592.8 384.5 27.7 -83.0 678.0
-1547.9 350.8 659.6 -40.1 56.0 -210.0
-8.1 -878.4 282.1 -163.4 -250.4 0.0
-613.6 -594.9 401.2 27.8 -83.3 658.0
-1548.9 352.2 654.1 -39.9 55.8 -230.0
-12.1 -884.9 282.1 -161.4 -257.1 0.0
-612.9 -597.0 417.4 27.8 -83.5 638.0
-1549.9 353.5 648.1 -39.7 55.6 -250.0
-16.1 -891.4 282.1 -158.9 -261.2 0.0
-612.2 -599.1 433.1 27.9 -83.6 618.0
-1550.9 354.9 641.6 -39.5 55.3 -270.0
-21.1 -896.0 282.1 -203.0 -186.0 0.0
-611.5 -601.2 448.3 27.9 -83.7 598.0
-1551.9 356.3 634.6 -39.3 55.0 -290.0
-27.2 -899.1 282.1 -241.6 -121.5 0.0
-610.8 -603.3 463.0 28.0 -83.9 578.0
-1552.8 357.7 627.1 -39.0 54.7 -310.0
-34.0 -900.7 282.1 -274.9 -66.4 0.0
-610.1 -605.4 477.2 28.0 -84.0 558.0
-1553.8 359.0 619.1 -38.8 54.5 -330.0
-41.7 -901.2 282.1 -304.0 -19.8 0.0
-609.4 -607.5 490.9 28.0 -84.0 538.0
-1554.8 360.4 610.6 -38.5 54.2 -350.0
-49.6 -900.4 282.1 -319.7 31.7 0.0
-608.5 -609.0 504.1 50.5 -16.7 518.0
-1555.7 361.7 601.6 -38.3 53.9 -370.0
-58.0 -898.5 282.1 -333.5 75.8 0.0
-607.4 -609.4 516.8 45.2 -15.1 498.0
-1556.7 363.1 592.1 -38.1 53.6 -390.0
-66.2 -896.1 282.1 -327.1 99.4 0.0
-606.4 -609.9 538.1 38.0 -19.5 478.0
-1557.6 364.4 582.1 -37.8 53.3 -410.0
-74.0 -893.2 282.1 -314.9 113.7 0.0
-605.6 -610.5 549.8 31.9 -24.6 458.0
-1558.6 365.7 571.6 -37.6 53.0 -430.0
-80.8 -890.7 282.1 -272.0 101.5 0.0
-605.0 -611.3 561.0 25.9 -29.7 438.0
-1559.5 367.0 560.6 -37.3 52.6 -450.0
-87.3 -887.8 282.1 -258.6 116.8 0.0
-604.5 -612.1 571.7 19.8 -34.8 418.0
-1560.4 368.3 549.1 -37.0 52.2 -470.0
-93.4 -884.5 282.1 -245.9 128.7 0.0
-604.1 -613.1 581.9 13.7 -39.9 398.0
-1561.3 369.6 538.1 -36.7 51.8 0.5
-99.3 -881.1 282.1 -235.1 139.3 0.0
-603.9 -614.3 591.6 7.6 -45.1 378.0
-1562.0 370.5 538.1 -25.0 35.5 0.0
-104.3 -878.1 282.1 -199.9 118.4 0.0
-603.9 -615.5 600.8 1.5 -50.1 358.0
-1561.2 372.7 538.1 31.9 85.4 0.0
-108.6 -875.5 282.1 -172.6 105.2 0.0
-604.0 -616.9 609.5 -4.5 -55.2 338.0
-1559.3 376.0 538.1 74.8 133.7 0.0
-112.7 -872.6 282.1 -161.8 114.9 0.0
-604.3 -618.4 617.7 -10.7 -60.3 318.0
-1556.5 380.4 538.1 111.6 175.3 0.0
-116.5 -869.5 282.1 -151.6 122.1 0.0
-604.7 -620.0 625.4 -16.8 -65.4 298.0
-1552.9 385.7 538.1 142.6 210.8 0.0
-119.7 -866.9 282.1 -128.9 103.7 0.0
-605.3 -621.8 632.6 -22.9 -70.5 278.0
-1548.6 391.6 538.1 172.2 239.2 0.0
-122.5 -864.6 282.1 -111.4 94.3 0.0
-606.0 -623.7 639.3 -29.0 -75.5 258.0
-1544.0 397.9 538.1 186.8 251.2 0.0
-125.0 -862.1 282.1 -100.3 98.3 0.0
-606.9 -625.7 645.5 -35.1 -80.6 238.0
-1539.2 404.1 538.1 189.2 249.3 0.0
-127.3 -859.6 282.1 -90.7 100.3 0.0
-607.9 -627.8 651.2 -41.2 -85.6 218.0
-1534.5 410.3 538.1 191.1 247.6 0.0
-127.6 -858.0 282.1 -12.3 64.6 0.0
-609.1 -630.1 656.4 -47.3 -90.7 198.0
-1529.5 416.5 538.1 199.4 246.6 0.0
-126.1 -857.3 282.1 60.1 27.6 0.0
-610.4 -632.5 661.1 -53.5 -95.7 178.0
-1524.4 422.6 538.1 203.5 242.6 0.0
-123.1 -857.4 282.1 119.7 -1.9 0.0
-611.9 -635.0 665.3 -59.6 -100.7 158.0
-1519.2 428.5 538.1 206.8 239.1 0.0
-118.6 -858.0 282.1 177.3 -26.0 0.0
-612.9 -637.7 669.0 0.1 -105.7 138.0
-1514.0 434.4 538.1 207.6 234.5 0.0
-113.0 -859.3 282.1 225.0 -49.9 0.0
-612.9 -640.4 672.2 0.0 -110.7 118.0
-1509.6 439.4 538.1 176.5 199.3 0.0
-106.4 -861.0 282.1 265.1 -69.9 0.0
-612.9 -643.3 674.9 0.0 -115.7 98.0
-1505.9 443.6 538.1 150.0 169.4 0.0
-99.1 -863.1 282.1 291.4 -83.6 0.0
-612.9 -646.3 677.1 0.0 -117.7 78.0
-1502.7 447.2 538.1 127.5 144.0 0.0
-92.3 -865.1 282.1 273.7 -80.8 0.0
-612.9 -649.3 678.8 0.0 -119.7 58.0
888.0 -512.0 419.0 0.0 0.0 0.0
-1500.0 450.3 538.1 108.4 122.4 0.0
-85.8 -867.1 282.1 258.7 -79.0 0.0
-612.9 -652.3 680.0 0.0 -121.7 38.0
888.0 -512.0 412.8 0.0 0.0 -100.0
-1496.6 451.3 538.1 136.6 41.4 0.0
-79.7 -869.0 282.1 243.4 -76.5 0.0
-612.9 -655.4 680.7 0.0 -123.7 18.0
888.0 -512.0 410.1 0.0 0.0 0.1
-1492.6 450.7 538.1 159.0 -25.6 0.0
-73.9 -870.9 282.1 233.1 -75.6 0.0
-612.9 -658.5 680.9 0.0 -125.2 -2.0
888.0 -512.0 410.1 0.0 0.0 0.0
-1488.2 448.7 538.1 176.3 -79.8 0.0
-68.2 -872.8 282.1 225.1 -75.1 0.0
-612.9 -661.7 680.6 0.0 -126.8 -22.0
888.0 -512.0 410.1 0.0 0.0 0.0
-1483.5 445.6 538.1 188.2 -122.5 0.0
-62.5 -874.8 282.1 231.2 -81.3 0.0
-612.9 -664.9 679.8 0.0 -128.3 -42.0
888.0 -512.0 410.1 0.0 0.0 0.0
-1478.7 441.6 538.1 192.6 -162.3 0.0
-56.6 -877.0 282.1 234.7 -85.7 0.0
-612.9 -668.2 678.5 0.0 -129.9 -62.0
887.6 -513.9 410.1 -17.0 -76.2 0.0
-1474.0 437.1 538.1 187.7 -180.4 0.0
-50.6 -879.2 282.1 240.8 -90.7 0.0
-612.9 -671.4 676.7 0.0 -131.1 -82.0
886.8 -517.4 410.1 -31.2 -139.0 0.0
-1469.7 432.7 538.1 171.8 -175.1 0.0
-44.3 -881.7 282.1 251.5 -97.8 0.0
-612.9 -674.7 674.4 0.0 -132.3 -102.0
885.7 -522.3 410.1 -43.5 -195.1 0.0
-1465.7 428.5 538.1 157.3 -168.8 0.0
-37.6 -884.4 282.1 266.5 -109.0 0.0
-612.9 -678.1 671.6 0.0 -133.5 -122.0
884.4 -528.3 410.1 -53.1 -240.3 0.0
-1461.9 423.7 538.1 154.9 -189.4 0.0
-30.8 -887.3 282.1 274.2 -116.2 0.0
-612.9 -681.5 668.3 0.0 -134.7 -142.0
882.9 -535.1 410.1 -60.7 -274.4 0.0
-1458.2 419.0 538.1 145.5 -191.0 0.0
-23.7 -890.4 282.1 282.1 -122.9 0.0
-612.9 -684.8 664.5 0.0 -135.7 -162.0
881.4 -541.5 410.1 -56.6 -255.9 0.0
-1454.8 414.1 538.1 138.3 -194.4 0.0
-16.6 -893.5 282.1 285.7 -126.9 0.0
-612.9 -688.3 660.2 0.0 -136.6 -182.0
880.2 -547.2 410.1 -50.1 -226.3 0.0
-1451.4 409.1 538.1 134.4 -201.6 0.0
-9.4 -896.7 282.1 286.9 -124.6 0.0
-613.1 -691.7 655.4 -7.4 -137.6 -202.0
878.8 -553.3 410.1 -54.5 -246.0 0.0
-1448.0 403.3 538.1 135.2 -229.9 0.0
-2.1 -899.7 282.1 290.0 -123.5 0.0
-613.4 -695.2 650.1 -14.8 -138.6 -222.0
877.3 -560.2 410.1 -60.7 -273.0 0.0
-1444.8 397.4 538.1 130.0 -236.9 0.0
5.2 -902.8 282.1 293.2 -122.4 0.0
-614.0 -698.7 644.3 -22.2 -139.4 -242.0
875.7 -567.5 410.1 -65.3 -292.7 0.0
-1441.6 391.2 538.1 127.6 -248.6 0.0
12.5 -905.8 282.1 293.9 -120.6 0.0
-614.7 -702.2 638.0 -29.8 -140.3 -262.0
874.0 -575.1 410.1 -68.1 -304.9 0.0
-1438.5 384.8 538.1 124.2 -255.2 0.0
20.1 -908.5 282.1 301.6 -108.8 0.0
-615.7 -705.7 631.2 -37.3 -141.1 -282.0
872.2 -582.8 410.1 -69.3 -309.8 0.0
-1435.5 377.7 538.1 121.4 -284.7 0.0
27.7 -911.0 282.1 305.5 -98.3 0.0
-616.8 -709.2 623.9 -44.8 -141.9 -302.0
870.5 -590.6 410.1 -69.1 -309.9 0.0
-1432.6 370.4 538.1 114.3 -288.8 0.0
35.4 -913.2 282.1 309.1 -89.4 0.0
-618.1 -712.8 616.1 -52.5 -142.6 -322.0
868.8 -598.2 410.1 -68.0 -304.9 0.0
-1429.9 363.1 538.1 108.8 -295.4 0.0
43.2 -915.3 282.1 309.9 -81.7 0.0
-619.6 -716.4 607.8 -60.1 -143.4 -342.0
867.1 -605.8 410.1 -67.3 -302.5 0.0
-1427.3 355.6 538.1 103.8 -299.1 0.0
51.0 -917.1 282.1 311.0 -72.5 0.0
-621.3 -720.0 599.0 -67.9 -144.1 -362.0
865.5 -613.3 410.1 -67.1 -302.6 0.0
-1425.1 349.2 538.1 88.2 -254.3 0.0
58.8 -918.7 282.1 314.1 -64.7 0.0
-623.2 -723.6 589.7 -75.6 -144.9 -382.0
863.8 -621.0 410.1 -67.4 -305.1 0.0
-1423.2 343.8 538.1 75.0 -216.1 0.0
66.7 -920.2 282.1 314.4 -58.0 0.0
-625.3 -727.2 579.9 -83.4 -145.5 -402.0
862.1 -628.7 410.1 -68.1 -307.5 0.0
-1421.6 339.2 538.1 63.7 -183.7 0.0
74.5 -921.5 282.1 314.8 -52.3 0.0
-627.6 -730.9 569.6 -91.3 -146.1 -422.0
860.4 -636.4 410.1 -68.6 -310.0 0.0
-1420.3 335.3 538.1 54.2 -156.2 0.0
82.3 -922.6 282.1 312.5 -44.4 0.0
-630.0 -734.6 558.8 -99.1 -146.8 -442.0
858.6 -644.1 410.1 -69.0 -309.9 0.0
-1417.3 331.6 538.1 116.5 -149.8 0.0
90.2 -923.5 282.1 312.7 -37.4 0.0
-632.7 -738.3 547.5 -107.0 -147.4 -462.0
856.9 -651.8 410.1 -68.8 -307.4 0.0
-1413.1 328.0 538.1 168.8 -144.3 0.0
98.0 -924.3 282.1 312.6 -31.6 0.0
-635.4 -741.7 538.1 -105.9 -139.7 0.5
855.2 -659.3 410.1 -66.7 -297.5 0.0
-1407.8 324.5 538.1 213.3 -139.3 0.0
105.8 -925.0 282.1 312.5 -26.7 0.0
-637.3 -742.8 538.1 -78.7 -40.2 0.0
853.7 -666.3 410.1 -63.4 -282.8 0.0
-1401.5 321.1 538.1 251.2 -135.1 0.0
112.4 -925.5 282.1 265.6 -22.7 0.0
-638.7 -741.6 538.1 -53.4 45.1 0.0
852.2 -673.0 410.1 -59.5 -265.6 0.0
-1394.4 318.0 538.1 284.5 -125.4 0.0
118.1 -926.0 282.1 225.8 -19.3 0.0
-639.4 -738.8 538.1 -30.8 111.4 0.0
850.8 -679.1 410.1 -54.5 -243.4 0.0
-1387.2 315.2 538.1 286.6 -113.1 0.0
122.9 -926.4 282.1 191.9 -16.4 0.0
-639.7 -734.7 538.1 -12.0 167.1 0.0
849.6 -684.6 410.1 -49.6 -221.3 0.0
-1380.0 312.6 538.1 287.7 -102.8 0.0
127.0 -926.8 282.1 163.1 -13.9 0.0
-639.7 -729.4 538.1 2.8 208.8 0.0
848.2 -690.6 410.1 -53.7 -241.0 0.0
-1372.8 310.2 538.1 289.1 -94.0 0.0
130.4 -927.1 282.1 138.7 -11.8 0.0
-639.3 -723.5 538.1 13.8 236.8 0.0
846.8 -697.0 410.1 -57.1 -255.8 0.0
-1365.2 308.1 538.1 305.3 -83.7 0.0
133.4 -927.3 282.1 117.9 -10.1 0.0
-638.8 -717.5 538.1 19.7 242.5 0.0
845.3 -703.7 410.1 -59.8 -268.1 0.0
-1357.5 306.3 538.1 306.0 -73.9 0.0
135.9 -927.5 282.1 100.2 -8.6 0.0
-638.1 -710.8 538.1 30.2 266.9 0.0
843.8 -710.7 410.1 -61.8 -277.9 0.0
-1349.9 304.6 538.1 306.3 -65.8 0.0
138.0 -927.7 282.1 85.2 -7.3 0.0
-637.1 -703.6 538.1 39.5 288.1 0.0
842.2 -717.7 410.1 -63.0 -282.8 0.0
-1342.2 303.2 538.1 306.7 -59.0 0.0
140.0 -927.6 282.1 79.9 3.1 0.0
-635.9 -696.0 538.1 46.9 304.5 0.0
840.6 -724.9 410.1 -64.0 -287.8 0.0
-1334.3 302.0 538.1 317.4 -47.7 0.0
141.8 -927.4 282.1 73.5 10.7 0.0
-634.6 -688.1 538.1 52.3 313.7 0.0
839.0 -732.2 410.1 -64.4 -290.3 0.0
-1326.3 301.0 538.1 317.0 -38.4 0.0
143.5 -926.9 282.1 67.6 17.4 0.0
-633.5 -681.5 538.1 44.4 266.6 0.0
837.4 -739.5 410.1 -65.0 -292.7 0.0
-1318.4 300.3 538.1 316.4 -30.8 0.0
145.2 -926.5 281.9 67.6 17.4 -20.0
-632.5 -675.8 538.1 37.8 226.6 0.0
835.7 -746.8 410.1 -65.2 -292.7 0.0
-1310.5 299.6 538.1 316.3 -24.2 0.0
146.7 -926.1 281.1 60.0 16.3 -40.0
-631.7 -671.0 538.1 32.1 192.6 0.0
834.1 -754.2 410.1 -65.7 -295.1 0.0
-1302.2 299.7 538.1 332.2 0.8 0.0
148.0 -925.7 279.9 52.2 15.3 -60.0
-631.1 -666.9 538.1 27.3 163.7 0.0
832.4 -761.6 410.1 -66.0 -295.1 0.0
-1294.0 300.1 538.1 327.0 15.7 0.0
149.1 -925.4 278.1 44.5 14.2 -80.0
-630.5 -663.4 538.1 23.2 139.2 0.0
830.8 -769.0 416.1 -66.4 -295.0 0.0
-1286.0 300.8 538.1 323.1 28.9 0.0
150.1 -925.0 275.9 36.7 13.1 -100.0
-630.0 -660.4 538.1 19.7 118.3 0.0
829.1 -776.3 416.1 -66.4 -295.0 0.0
-1278.0 301.8 538.1 319.3 39.8 0.0
150.8 -924.7 273.1 29.8 12.1 -120.0
-629.5 -657.5 538.1 21.3 117.0 0.0
827.4 -783.8 416.1 -66.8 -297.5 0.0
-1270.1 303.0 538.1 316.4 49.6 0.0
151.4 -924.4 269.9 22.8 11.1 -140.0
-628.8 -654.4 538.1 25.5 126.3 0.0
825.0 -788.8 416.1 -97.4 -201.4 0.0
-1262.2 304.5 538.1 315.8 58.5 0.0
151.8 -924.2 266.1 15.8 10.2 -160.0
-628.1 -651.3 538.1 26.7 123.6 0.0
821.9 -791.8 416.1 -122.7 -120.8 0.0
-1254.3 306.1 538.1 313.6 65.8 0.0
152.0 -924.0 261.9 8.8 9.2 -180.0
-627.4 -648.1 538.1 29.4 127.9 0.0
818.3 -793.2 416.1 -143.7 -53.6 0.0
-1246.6 307.9 538.1 311.4 71.8 0.0
152.1 -923.7 257.1 5.9 8.8 -200.0
-626.6 -644.8 538.1 31.3 130.0 0.0
814.3 -793.1 424.1 -160.9 3.3 0.0
-1238.9 309.9 538.1 307.8 78.2 0.0
152.2 -923.5 251.9 2.9 8.4 -220.0
-625.8 -641.6 538.1 32.0 127.3 0.0
810.0 -791.6 424.1 -171.6 59.8 0.0
-1231.2 312.0 538.1 305.6 84.2 0.0
152.2 -923.3 246.1 0.0 8.0 -240.0
-625.1 -638.9 538.1 27.2 108.2 0.0
805.5 -788.9 424.1 -180.2 106.6 0.0
-1223.6 314.2 538.1 303.6 88.9 0.0
152.1 -923.1 239.9 -2.9 7.5 -260.0
-624.5 -636.5 538.1 25.1 97.9 0.0
800.9 -785.3 424.1 -186.6 145.5 0.0
-1216.1 316.5 538.1 302.0 93.2 0.0
152.0 -923.0 233.1 -4.4 7.3 -280.0
-623.9 -634.1 538.1 25.6 95.2 0.0
796.1 -780.8 432.1 -191.7 177.3 0.0
-1208.6 319.0 538.1 298.4 97.6 0.0
151.9 -922.8 225.9 -5.9 7.1 -300.0
-623.2 -631.8 538.1 25.6 92.4 0.0
791.7 -776.8 432.1 -173.6 162.9 0.0
-1201.2 321.5 538.1 296.6 102.1 0.0
151.7 -922.6 218.1 -7.4 6.8 -320.0
-622.7 -629.7 538.1 23.3 82.7 0.0
787.4 -772.6 432.1 -172.6 167.1 0.0
-1194.0 324.1 538.1 290.3 103.7 0.0
151.5 -922.5 209.9 -8.9 6.6 -340.0
-622.0 -627.7 538.1 24.5 82.3 0.0
783.2 -768.4 432.1 -170.3 169.0 0.0
-1186.8 326.8 538.1 286.6 106.0 0.0
151.2 -922.3 201.1 -9.8 6.5 -360.0
-621.4 -625.6 538.1 26.2 84.3 0.0
778.9 -764.1 440.1 -168.3 170.9 0.0
-1179.9 329.4 538.1 276.4 106.6 0.0
151.0 -922.1 191.9 -10.6 6.3 -380.0
-620.7 -623.4 538.1 27.9 86.4 0.0
773.6 -761.0 440.1 -212.1 123.1 0.0
-1173.2 332.1 538.1 267.7 107.2 0.0
150.7 -922.0 182.1 -11.5 6.1 -400.0
-620.1 -621.5 538.1 24.1 74.4 0.0
767.4 -759.0 440.1 -249.8 82.2 0.0
-1166.7 334.8 538.1 259.2 107.0 0.0
150.4 -921.8 171.9 -12.3 5.9 -420.0
-619.4 -619.6 538.1 25.8 76.5 0.0
760.3 -757.8 448.1 -282.5 47.2 0.0
-1160.4 337.5 538.1 253.3 107.7 0.0
150.0 -921.7 161.1 -12.9 5.8 -440.0
-618.8 -617.7 538.1 26.3 76.3 0.0
752.6 -757.4 448.1 -310.8 17.1 0.0
-1155.0 339.8 538.1 215.3 91.5 0.0
149.7 -921.5 149.9 -13.4 5.6 -460.0
-618.1 -615.8 538.1 26.8 76.1 0.0
745.7 -758.9 456.1 -276.1 -63.3 0.0
-1150.4 341.7 538.1 183.0 77.8 0.0
149.4 -921.4 138.1 -14.0 5.5 -480.0
-617.5 -614.2 538.1 22.7 64.2 0.0
739.5 -762.2 456.1 -246.3 -131.7 0.0
-1146.5 343.4 538.1 155.6 66.1 0.0
149.0 -921.3 125.9 -14.5 5.3 -500.0
-617.0 -612.6 538.1 23.3 64.0 0.0
734.0 -767.0 464.1 -221.4 -189.1 0.0
-1143.2 344.8 538.1 132.2 56.2 0.0
148.6 -921.1 113.1 -15.0 5.2 -520.0
-616.4 -611.0 538.1 23.3 63.9 0.0
729.0 -772.9 464.1 -200.1 -237.3 0.0
-1140.4 346.0 538.1 112.4 47.8 0.0
148.2 -921.0 99.9 -15.4 5.2 -540.0
-615.8 -609.4 538.1 23.6 63.8 0.0
723.2 -777.2 464.1 -230.7 -172.2 0.0
-1138.0 347.0 538.1 95.5 40.6 0.0
147.8 -920.9 86.1 -15.8 5.1 -560.0
-615.3 -608.2 538.1 18.4 49.7 0.0
716.8 -780.1 472.1 -255.6 -117.5 0.0
-1135.9 347.9 538.1 83.9 34.7 0.0
147.4 -920.8 71.9 -16.3 5.0 -580.0
-615.0 -607.3 538.1 14.9 37.1 0.0
709.9 -781.9 472.1 -276.2 -71.2 0.0
-1133.8 348.7 537.9 83.9 34.7 -20.0
147.0 -920.6 57.1 -16.6 4.9 -600.0
-614.5 -606.5 538.1 16.5 29.4 0.0
702.6 -782.7 480.1 -293.1 -32.1 0.0
-1131.6 349.5 537.1 90.8 31.2 -40.0
146.6 -920.5 41.9 -16.6 4.9 -620.0
-614.1 -606.0 538.1 16.4 22.3 0.0
695.2 -782.3 480.1 -295.5 16.3 0.0
-1129.1 350.2 535.9 97.7 27.7 -60.0
146.2 -920.4 40.1 -16.6 4.9 0.6
-613.8 -605.6 538.1 14.9 13.8 0.0
687.8 -780.9 480.1 -296.1 55.9 0.0
-1126.5 350.8 534.1 104.6 24.2 -80.0
146.0 -920.4 40.1 -6.0 -0.1 0.0
-613.5 -605.4 538.1 11.2 7.3 0.0
680.8 -779.1 488.1 -279.6 73.7 0.0
-1123.7 351.3 531.9 111.4 20.8 -100.0
148.0 -920.3 40.1 77.9 5.1 0.0
-613.3 -605.4 538.1 7.4 3.4 0.0
674.2 -776.8 488.1 -265.8 89.1 0.0
-1120.8 351.8 529.1 116.9 17.7 -120.0
151.5 -920.0 40.1 140.3 9.3 0.0
-613.1 -605.3 538.1 7.8 4.1 0.0
667.5 -773.9 496.1 -265.5 118.8 0.0
-1117.7 352.1 525.9 122.3 14.8 -140.0
156.4 -919.7 40.1 195.3 13.0 0.0
-612.9 -605.2 538.1 8.0 3.8 0.0
661.2 -770.6 496.1 -254.5 132.6 0.0
-1114.5 352.4 522.1 127.7 11.8 -160.0
162.4 -919.3 40.1 240.8 16.2 0.0
-612.7 -605.1 538.1 8.1 3.6 0.0
655.0 -767.0 496.1 -245.3 144.2 0.0
-1111.2 352.6 517.9 133.0 8.9 -180.0
169.3 -918.8 40.1 277.6 18.8 0.0
-612.5 -605.0 538.1 8.0 3.7 0.0
649.1 -763.1 504.1 -237.8 154.6 0.0
-1107.9 352.9 513.1 133.0 8.9 -200.0
176.5 -918.4 40.1 286.6 19.2 0.0
-612.3 -604.9 538.1 8.1 3.6 0.0
642.3 -760.6 504.1 -272.6 97.6 0.0
-1104.6 353.1 507.9 133.0 8.9 -220.0
183.5 -917.9 40.1 281.6 18.8 0.0
-612.1 -606.3 538.1 8.2 -58.0 0.0
634.7 -759.4 512.1 -302.6 48.8 0.0
-1101.2 353.3 502.1 133.0 8.9 -240.0
190.4 -917.4 40.1 276.6 18.4 0.0
-611.7 -608.9 538.1 14.3 -100.5 0.0
626.5 -759.2 512.1 -329.0 7.5 0.0
-1097.9 353.5 495.9 133.0 8.9 -260.0
197.3 -917.0 40.1 274.0 18.4 0.0
-611.2 -612.4 538.1 20.4 -142.2 0.0
618.0 -759.8 520.1 -341.1 -23.1 0.0
-1094.6 353.8 489.1 133.0 8.9 -280.0
204.1 -916.5 40.1 274.0 18.4 0.0
-610.6 -616.8 538.1 25.5 -177.0 0.0
609.4 -761.3 520.1 -344.0 -59.2 0.0
-1091.3 354.0 481.9 133.0 8.9 -300.0
211.0 -916.0 40.1 274.0 18.5 0.0
-608.3 -620.9 538.1 91.9 -162.1 0.0
601.0 -763.3 528.1 -334.2 -80.9 0.0
-1087.9 354.2 474.1 133.0 8.9 -320.0
218.0 -915.6 40.1 279.0 18.9 0.0
-604.6 -624.6 538.1 148.3 -149.5 0.0
592.9 -765.7 528.1 -322.7 -97.3 0.0
-1084.6 354.4 465.9 133.0 8.9 -340.0
225.1 -915.1 40.1 284.1 19.2 0.0
-599.7 -628.1 538.1 196.2 -138.9 0.0
585.1 -768.5 538.1 -313.1 -111.8 0.0
-1081.3 354.6 457.1 133.0 8.9 -360.0
232.4 -914.6 40.1 291.6 19.6 0.0
-593.7 -631.4 538.1 237.6 -130.4 0.0
578.5 -770.9 538.1 -266.1 -95.1 0.0
-1078.0 354.9 447.9 133.0 8.9 -380.0
239.8 -914.1 40.1 299.2 20.2 0.0
-587.5 -633.9 538.1 248.4 -102.7 0.0
572.2 -773.1 538.1 -251.1 -86.9 0.0
-1074.6 355.1 438.1 133.0 8.9 -400.0
247.5 -913.6 40.1 304.2 20.4 0.0
-581.5 -636.0 538.1 242.0 -81.9 0.0
566.2 -775.1 538.1 -237.4 -79.6 0.0
-1071.3 355.3 427.9 133.0 8.9 -420.0
254.1 -913.0 40.1 267.6 23.2 0.0
-575.5 -637.6 538.1 241.1 -63.4 0.0
560.6 -776.9 538.1 -225.8 -73.6 0.0
-1068.0 355.5 417.1 133.0 8.9 -440.0
260.8 -911.9 40.1 267.8 46.1 0.0
-569.5 -638.8 538.1 238.7 -48.0 0.0
554.9 -778.7 538.1 -227.4 -69.9 0.0
-1064.6 355.7 405.9 133.7 8.0 -460.0
267.7 -910.6 39.9 273.3 49.7 -20.0
-564.3 -639.6 538.1 207.7 -34.3 0.0
548.9 -780.4 538.1 -240.4 -69.2 0.0
-1061.3 355.9 394.1 134.9 6.4 -480.0
274.6 -909.3 39.1 279.1 53.5 -40.0
-559.6 -640.0 538.1 186.5 -15.1 0.0
542.6 -782.1 538.1 -253.4 -68.8 0.0
-1057.9 356.0 381.9 136.1 4.8 -500.0
281.5 -907.9 37.9 273.9 56.9 -60.0
-555.5 -640.1 538.1 166.0 -2.5 0.0
536.0 -783.8 538.1 -261.3 -67.9 0.0
-1054.5 356.1 369.1 133.3 3.7 -520.0
288.2 -906.4 36.1 269.0 60.1 -80.0
-551.8 -639.9 538.1 148.7 8.0 0.0
529.1 -785.5 538.1 -277.8 -66.3 0.0
-1051.3 356.2 355.9 130.5 2.5 -540.0
294.8 -904.8 33.9 264.3 63.2 -100.0
-548.8 -639.3 538.1 117.4 23.4 0.0
522.0 -787.1 538.1 -283.2 -63.9 0.0
-1048.1 356.2 342.1 127.6 1.3 -560.0
301.3 -903.1 32.1 259.4 66.5 0.1
-546.6 -638.4 538.1 90.6 36.4 0.0
514.8 -788.6 538.1 -288.7 -61.8 0.0
-1045.0 356.2 327.9 124.7 0.1 -580.0
305.0 -901.5 32.1 148.1 66.3 0.0
-544.9 -637.2 538.1 68.0 47.6 0.0
507.5 -790.1 538.1 -291.6 -59.8 0.0
-1041.9 356.2 313.1 121.9 -0.9 -600.0
306.4 -899.8 32.1 54.7 65.8 0.0
-543.7 -635.8 538.1 46.3 56.1 0.0
499.7 -791.4 538.1 -313.1 -50.0 0.0
-1038.9 356.1 297.9 119.2 -2.0 -620.0
305.7 -898.2 32.1 -25.4 63.7 0.0
-543.3 -634.3 538.1 17.4 57.5 0.0
491.8 -792.4 538.1 -315.5 -41.8 0.0
-1036.0 356.0 282.1 116.4 -3.0 -640.0
303.5 -896.7 32.1 -89.8 59.1 0.0
-543.4 -632.9 538.1 -6.3 56.1 0.0
483.9 -793.3 538.1 -315.4 -35.0 0.0
-1034.2 355.7 282.1 71.2 -13.0 0.5
301.1 -895.1 31.9 -94.3 65.4 -20.0
-544.0 -631.6 538.1 -24.1 54.0 0.0
475.9 -794.0 538.1 -318.0 -28.9 0.0
-1031.6 354.1 282.1 104.0 -66.5 0.0
298.7 -893.3 31.1 -98.8 71.6 -40.0
-545.0 -630.2 538.1 -37.2 53.5 0.0
468.6 -794.8 538.1 -292.5 -32.1 0.0
-1028.2 351.2 282.1 136.2 -112.7 0.0
296.1 -891.4 29.9 -103.3 77.8 -60.0
-545.6 -628.7 538.1 -24.9 59.7 0.0
461.4 -795.8 538.1 -289.4 -41.1 0.0
-1024.2 347.5 282.1 163.2 -151.4 0.0
293.4 -889.3 28.1 -107.7 84.1 -80.0
-546.0 -627.1 538.1 -15.4 64.4 0.0
454.3 -797.0 538.1 -284.3 -47.9 0.0
-1019.5 342.8 282.1 185.9 -184.4 0.0
290.6 -887.0 25.9 -112.0 90.7 -100.0
-546.2 -625.4 538.1 -8.2 67.7 0.0
447.4 -798.3 538.1 -277.4 -52.7 0.0
-1014.5 337.3 282.1 198.6 -221.3 0.0
287.7 -884.6 24.1 -116.1 97.2 0.1
-546.2 -623.7 538.1 -2.8 70.7 0.0
442.6 -800.6 538.1 -188.3 -91.8 0.0
-1009.6 331.4 282.1 198.5 -235.5 0.0
284.2 -880.9 24.1 -140.1 148.1 0.0
-544.5 -621.5 538.1 68.3 87.7 0.0
439.9 -803.8 538.1 -111.7 -125.9 0.0
-1004.8 325.5 282.1 191.7 -236.7 0.0
280.2 -876.1 24.1 -160.6 190.6 0.0
-541.3 -618.8 538.1 128.6 106.6 0.0
438.7 -807.7 538.1 -45.0 -155.9 0.0
-1000.1 319.6 282.1 185.8 -237.3 0.0
275.9 -870.3 24.1 -172.9 231.1 0.0
-536.8 -615.7 538.1 180.6 122.6 0.0
439.0 -812.2 538.1 12.1 -181.9 0.0
-994.3 315.1 282.1 233.6 -177.9 0.0
271.4 -863.9 24.1 -178.6 256.1 0.0
-531.2 -612.3 538.1 224.6 136.6 0.0
439.9 -817.4 538.1 33.7 -208.3 0.0
-987.5 312.0 282.1 274.2 -127.0 0.0
267.1 -857.5 24.1 -173.7 258.6 0.0
-524.9 -610.1 538.1 253.6 88.1 0.0
441.1 -823.1 538.1 50.7 -227.9 0.0
-979.7 309.9 282.1 308.7 -84.1 0.0
262.8 -851.0 24.1 -168.2 258.8 0.0
-517.9 -609.0 538.1 277.6 46.9 0.0
442.5 -828.7 538.1 55.9 -223.0 0.0
-971.3 308.7 282.1 338.2 -47.7 0.0
258.8 -844.0 24.1 -162.6 277.3 0.0
-510.5 -608.7 538.1 297.5 12.3 0.0
444.1 -834.3 538.1 62.0 -223.0 0.0
-962.7 308.1 282.1 344.1 -20.5 0.0
254.9 -837.0 24.1 -153.4 280.7 0.0
-503.3 -608.8 538.1 287.6 -5.1 0.0
446.4 -840.4 538.1 93.8 -244.6 0.0
-954.2 308.1 282.1 337.3 -1.5 0.0
251.3 -829.9 24.1 -145.4 283.5 0.0
-495.7 -609.8 538.1 304.8 -42.0 0.0
449.4 -846.9 538.1 117.2 -258.3 0.0
-946.0 308.5 282.1 331.8 14.8 0.0
247.9 -822.9 24.1 -137.8 283.3 0.0
-488.3 -611.3 538.1 295.8 -58.5 0.0
452.5 -853.2 538.1 124.7 -253.0 0.0
-937.8 309.2 282.1 326.6 28.2 0.0
245.3 -815.0 24.1 -102.4 314.3 0.0
-481.1 -613.1 538.1 287.8 -72.6 0.0
455.8 -859.4 538.1 131.0 -248.3 0.0
-929.7 310.2 282.1 324.0 41.8 0.0
243.4 -806.9 24.1 -75.4 324.0 0.0
-474.1 -615.2 538.1 278.1 -82.6 0.0
458.5 -866.5 538.1 110.5 -284.1 0.0
-921.7 311.5 282.1 319.7 52.3 0.0
242.0 -798.9 24.1 -55.3 319.4 0.0
-466.9 -618.0 538.1 288.6 -113.2 0.0
460.9 -873.8 538.1 93.4 -293.1 0.0
-913.8 313.1 282.1 316.4 61.6 0.0
241.1 -791.0 24.1 -37.6 318.4 0.0
-459.9 -621.1 538.1 279.5 -124.4 0.0
462.8 -881.2 538.1 79.0 -295.5 0.0
-905.9 314.8 282.1 313.4 69.4 0.0
241.9 -783.3 24.1 32.4 305.2 0.0
-453.2 -624.4 538.1 269.6 -131.9 0.0
464.5 -888.6 538.1 66.6 -295.7 0.0
-898.2 316.7 282.1 311.2 77.0 0.0
244.2 -776.0 24.1 91.9 294.1 0.0
-446.6 -627.9 538.1 263.2 -140.0 0.0
465.6 -896.7 538.1 43.8 -322.7 0.0
-890.5 318.8 282.1 308.7 83.0 0.0
247.8 -768.9 24.1 142.5 284.4 0.0
-439.8 -632.2 538.1 270.1 -170.4 0.0
466.3 -904.7 538.1 29.5 -319.5 0.0
-882.8 321.0 282.1 306.6 88.3 0.0
252.3 -762.0 24.1 183.2 275.4 0.0
-433.3 -636.7 538.1 262.1 -180.8 0.0
466.8 -912.6 538.1 17.1 -317.5 0.0
-875.2 323.3 282.1 304.8 92.7 0.0
255.8 -754.2 24.1 139.7 311.8 0.0
-426.9 -641.4 538.1 254.0 -188.2 0.0
466.9 -920.5 538.1 6.5 -315.8 0.0
-867.6 325.8 282.1 303.4 97.2 0.0
258.4 -745.6 24.1 102.8 342.8 0.0
-420.8 -646.3 538.1 247.0 -194.4 0.0
466.1 -929.0 538.1 -31.3 -338.8 0.0
-860.0 328.3 282.1 301.9 100.6 0.0
260.3 -737.1 24.1 77.4 340.0 0.0
-414.7 -652.2 538.1 240.7 -238.5 0.0
464.9 -937.3 538.1 -49.7 -332.2 0.0
-852.5 330.9 282.1 300.7 103.6 0.0
261.8 -728.7 24.1 56.6 335.1 0.0
-409.2 -658.4 538.1 223.5 -247.0 0.0
463.3 -945.4 538.1 -64.3 -324.6 0.0
-845.0 333.5 282.1 299.6 106.0 0.0
262.5 -720.2 24.1 28.1 339.9 0.0
-403.9 -664.7 538.1 208.5 -254.1 0.0
461.4 -953.3 538.1 -76.7 -318.2 0.0
-837.6 336.2 282.1 298.7 108.4 0.0
262.6 -711.9 24.1 7.3 334.9 0.0
-399.1 -671.2 538.1 -0.2 -259.4 0.0
459.7 -960.1 538.1 -65.2 -270.4 0.0
-830.1 339.0 282.1 297.9 110.6 0.0
262.4 -703.7 24.1 -9.8 328.8 0.0
-399.1 -677.8 538.1 -0.2 -264.6 0.0
458.3 -965.8 538.1 -55.4 -229.9 0.0
-822.7 341.8 282.1 297.2 112.3 0.0
261.8 -695.5 24.1 -25.2 325.9 0.0
-399.1 -684.3 538.1 -0.0 -259.5 0.0
457.2 -970.7 538.1 -47.1 -195.4 0.0
-815.3 344.6 282.1 296.5 113.8 0.0
260.6 -687.5 24.1 -44.9 321.3 0.0
-399.1 -690.7 538.1 0.0 -254.5 0.0
456.2 -974.9 538.1 -40.1 -166.1 0.0
-807.9 347.5 282.1 295.9 115.4 0.0
259.2 -679.6 24.1 -59.7 313.6 0.0
-399.1 -696.9 538.1 -0.0 -249.4 0.0
455.5 -978.9 538.1 -27.2 -159.0 0.0
-800.5 350.4 282.1 295.4 116.4 0.0
257.3 -671.9 24.1 -73.2 309.0 0.0
-399.1 -703.0 538.1 0.1 -244.4 0.0
455.1 -982.7 538.1 -15.5 -154.7 0.0
-793.1 353.4 282.1 295.1 117.2 0.0
255.2 -664.3 24.1 -84.1 303.6 0.0
-399.1 -709.0 538.1 -0.0 -236.9 0.0
455.0 -986.6 538.1 -4.7 -153.3 0.0
-785.7 356.3 282.1 294.9 117.7 0.0
252.8 -657.0 24.1 -98.1 291.8 0.0
-399.1 -714.6 538.1 -0.0 -226.8 0.0
455.1 -990.3 538.1 3.4 -149.7 0.0
-778.4 359.3 282.1 294.7 118.0 0.0
250.0 -650.0 24.1 -110.2 282.1 0.0
-399.1 -720.4 538.1 -0.0 -231.8 0.0
456.9 -994.4 538.1 72.7 -165.1 0.0
-771.0 362.2 282.1 294.5 118.6 0.0
247.0 -643.1 24.1 -122.2 275.9 0.0
-399.1 -726.4 538.1 -0.0 -239.4 0.0
460.2 -998.9 538.1 131.6 -178.0 0.0
-763.6 365.2 282.1 294.3 119.0 0.0
243.7 -636.4 24.1 -131.2 269.0 0.0
-399.1 -732.6 538.1 -0.0 -246.9 0.0
464.7 -1003.6 538.1 181.6 -189.2 0.0
-756.3 368.2 282.1 294.2 119.4 0.0
240.6 -630.4 24.1 -124.9 236.4 0.0
-399.1 -738.9 538.1 -0.0 -254.5 0.0
470.3 -1008.6 538.1 224.3 -198.4 0.0
-748.9 371.2 282.1 294.1 119.7 0.0
237.2 -625.0 24.1 -135.6 218.0 0.0
-399.1 -745.5 538.1 -0.0 -262.0 0.0
475.1 -1012.8 538.1 190.6 -168.7 0.0
-741.6 374.2 282.1 293.9 120.0 0.0
233.5 -619.9 24.1 -146.7 203.6 0.0
-399.1 -752.2 538.1 -0.0 -267.1 0.0
479.1 -1016.4 538.1 162.0 -143.4 0.0
-734.2 377.2 282.1 293.8 120.3 0.0
229.6 -615.1 24.1 -156.8 191.7 0.0
-399.1 -759.0 538.1 -0.0 -272.1 0.0
482.6 -1019.4 538.1 137.7 -121.9 0.0
-726.9 380.2 282.1 293.7 120.6 0.0
225.9 -609.1 24.1 -145.6 241.4 0.0
-399.1 -765.9 538.1 -0.1 -277.2 0.0
485.5 -1022.0 538.1 117.1 -103.6 0.0
-719.6 383.2 282.1 293.7 120.6 0.0
222.5 -602.0 24.1 -136.0 283.6 0.0
-399.1 -772.9 538.1 0.1 -279.7 0.0
487.8 -1024.6 538.1 90.5 -102.5 0.0
-712.2 386.2 282.1 293.6 120.7 0.0
219.4 -594.4 24.1 -125.1 301.8 0.0
-399.1 -780.0 538.1 -0.0 -282.2 0.0
489.5 -1027.1 538.1 67.7 -101.4 0.0
-704.9 389.3 282.1 293.6 120.9 0.0
216.6 -586.8 24.1 -113.6 303.8 0.0
-399.1 -787.1 538.1 -0.1 -287.2 0.0
490.7 -1029.6 538.1 48.2 -100.4 0.0
-697.5 392.3 282.1 293.5 121.1 0.0
214.0 -579.2 24.1 -102.4 307.6 0.0
-399.1 -794.3 538.1 -0.1 -287.2 0.0
491.5 -1032.1 538.1 32.0 -99.8 0.0
-690.2 395.3 282.1 293.4 121.2 0.0
211.7 -571.4 24.1 -92.8 308.5 0.0
-399.1 -801.6 538.1 0.1 -289.8 0.0
491.8 -1034.4 538.1 12.7 -91.0 0.0
-682.9 398.3 282.1 293.5 121.1 0.0
209.6 -563.7 24.1 -84.2 310.0 0.0
-399.1 -808.8 544.8 0.1 -289.8 255.0
491.7 -1036.4 538.1 -4.4 -82.6 0.0
-675.7 401.3 282.1 286.4 118.4 0.0
207.7 -555.9 24.1 -76.9 310.9 0.0
-399.1 -816.0 550.9 0.1 -289.8 235.0
491.2 -1038.3 538.1 -19.1 -74.6 0.0
-668.8 404.2 282.1 277.1 114.6 0.0
205.9 -548.1 24.1 -69.6 312.6 0.0
-399.1 -823.3 556.5 0.1 -289.8 215.0
490.4 -1040.0 538.1 -31.0 -66.9 0.0
-662.2 406.9 282.1 263.1 108.9 0.0
204.3 -540.3 24.1 -63.4 313.1 0.0
-399.1 -830.5 561.6 0.1 -289.8 195.0
489.7 -1041.7 537.9 -30.8 -68.8 -20.0
-656.1 409.4 282.1 244.5 101.2 0.0
202.9 -532.4 24.1 -57.9 313.7 0.0
-399.1 -837.8 566.2 0.1 -289.8 175.0
489.5 -1043.6 537.1 -6.2 -76.5 -41.0
-650.6 411.7 282.1 221.1 91.7 0.0
201.6 -524.6 24.1 -53.6 313.9 0.0
-399.1 -845.0 570.4 0.1 -289.8 155.0
489.4 -1045.6 535.8 -6.0 -78.5 -61.0
-645.2 414.0 282.1 216.4 89.9 0.0
200.3 -516.7 24.1 -48.8 314.9 0.0
-399.1 -852.3 574.0 0.1 -289.8 135.0
489.2 -1047.6 534.0 -5.9 -79.0 -81.0
-639.3 416.4 282.1 234.8 98.1 0.0
199.2 -508.8 24.1 -44.8 315.1 0.0
-399.1 -859.5 577.1 0.1 -289.8 115.0
489.1 -1049.5 532.1 -5.9 -79.0 0.1
-633.1 419.0 282.1 248.7 104.0 0.0
198.2 -501.0 24.1 -41.5 315.3 0.0
-399.1 -861.7 574.9 -0.0 -93.3 -93.7
489.0 -1051.3 532.1 -3.2 -72.4 0.0
-626.6 421.7 282.1 258.0 108.0 0.0
197.2 -493.1 24.1 -38.6 315.6 0.0
-399.1 -863.9 572.3 -0.0 -85.5 -113.7
489.0 -1053.1 532.1 -0.1 -69.5 0.0
-620.0 424.5 282.1 264.9 111.0 0.0
196.3 -485.2 24.1 -35.6 315.9 0.0
-399.1 -864.9 569.2 -0.0 0.1 -133.7
489.0 -1054.8 532.1 3.0 -68.9 0.0
-613.3 427.3 282.1 267.1 112.3 0.0
195.5 -477.3 24.1 -33.1 316.1 0.0
-399.1 -864.7 565.6 -0.0 7.9 -153.7
489.2 -1056.5 532.1 7.5 -69.3 0.0
-606.6 430.1 282.1 269.4 113.4 0.0
194.7 -469.4 24.1 -30.8 316.2 0.0
-399.1 -864.3 561.5 -0.0 15.7 -173.7
489.5 -1058.3 532.1 11.1 -70.5 0.0
-599.8 433.0 282.1 269.4 113.4 0.0
194.0 -461.4 24.1 -29.0 316.3 0.0
-399.1 -863.7 556.9 0.1 23.5 -193.7
489.8 -1060.0 532.1 13.3 -69.8 0.0
-593.2 435.8 282.1 267.0 112.7 0.0
193.3 -453.5 24.1 -27.0 316.5 0.0
-399.1 -862.9 551.9 0.1 31.3 -213.7
490.2 -1061.8 531.9 13.3 -69.8 -20.0
-586.6 438.6 282.1 264.6 111.9 0.0
192.7 -445.6 24.1 -25.3 316.6 0.0
-399.1 -861.9 546.3 0.2 39.1 -233.7
490.5 -1063.5 531.1 13.3 -69.8 -40.0
-580.1 441.3 282.1 259.9 109.9 0.0
192.1 -437.7 24.1 -23.9 316.7 0.0
-399.1 -860.8 540.2 0.3 46.9 -253.7
490.8 -1065.3 529.9 13.3 -69.8 -60.0
-573.7 444.0 282.1 255.3 107.9 0.0
191.5 -429.8 24.1 -22.6 316.8 0.0
-399.1 -859.4 538.1 0.4 54.8 0.3
491.2 -1067.0 528.1 13.3 -69.8 -80.0
-567.5 446.6 282.1 248.4 104.8 0.0
191.0 -421.9 24.1 -21.1 316.9 0.0
-399.0 -856.4 538.1 1.3 117.9 0.0
491.5 -1068.8 525.9 13.3 -69.8 -100.0
-561.4 449.2 282.1 243.7 103.0 0.0
190.5 -413.9 24.1 -19.7 317.0 0.0
-399.0 -852.0 538.1 2.1 178.3 0.0
491.8 -1070.3 523.1 12.3 -62.3 -120.0
-555.4 451.7 282.1 239.1 101.0 0.0
190.1 -406.0 24.1 -18.4 317.0 0.0
-397.1 -848.0 538.1 76.2 161.0 0.0
492.1 -1071.7 519.9 11.2 -54.9 -140.0
-549.5 454.2 282.1 234.4 99.2 0.0
189.6 -398.1 24.1 -17.4 317.0 0.0
-393.6 -844.3 538.1 139.1 146.1 0.0
492.4 -1072.9 516.1 10.2 -47.4 -160.0
-543.8 456.7 282.1 229.7 97.2 0.0
189.2 -390.2 24.1 -16.1 317.2 0.0
-388.8 -841.0 538.1 192.6 133.4 0.0
492.6 -1073.9 511.9 9.1 -39.9 -180.0
-538.2 459.0 282.1 225.1 95.2 0.0
188.8 -382.2 24.1 -14.7 317.2 0.0
-382.8 -837.9 538.1 238.1 122.7 0.0
492.8 -1074.7 507.1 8.1 -32.6 -200.0
-532.5 461.4 282.1 225.0 95.4 0.0
188.5 -374.3 24.1 -13.5 317.3 0.0
-377.8 -835.3 538.1 202.4 104.3 0.0
493.0 -1075.3 501.9 7.1 -25.4 -220.0
-527.0 463.8 282.1 222.8 94.3 0.0
188.2 -366.4 24.1 -12.7 317.3 0.0
-372.7 -832.7 538.1 201.0 105.4 0.0
493.1 -1075.8 496.1 6.1 -18.2 -240.0
-521.4 466.1 282.1 222.8 94.2 0.0
187.9 -358.4 24.1 -11.1 317.4 0.0
-367.7 -830.0 538.1 200.3 106.7 0.0
493.2 -1076.1 489.9 5.0 -10.9 -260.0
-515.8 468.5 282.1 225.1 95.2 0.0
187.7 -350.5 24.1 -9.7 317.4 0.0
-362.8 -827.3 538.1 197.5 106.4 0.0
493.4 -1076.3 483.1 4.5 -7.4 -280.0
-510.1 470.9 282.1 227.4 96.3 0.0
187.5 -342.6 24.1 -8.3 317.5 0.0
-357.8 -824.6 538.1 199.5 107.8 0.0
493.5 -1076.3 475.9 4.0 -4.0 -300.0
-504.4 473.4 282.1 229.7 97.4 0.0
187.3 -334.6 24.1 -7.4 317.4 0.0
-352.8 -821.9 538.1 199.4 108.1 0.0
493.5 -1076.4 468.1 3.5 -0.5 -320.0
-498.6 475.8 282.1 231.9 98.4 0.0
187.2 -329.8 24.1 -1.8 193.1 0.0
-347.9 -819.3 538.1 197.1 107.0 0.0
493.6 -1076.3 459.9 3.0 2.9 -340.0
-492.7 478.3 282.1 234.3 99.3 0.0
187.3 -327.5 24.1 2.8 91.8 0.0
-343.0 -816.6 538.1 197.0 107.2 0.0
493.7 -1076.2 451.1 2.6 5.3 -360.0
-486.8 480.8 282.1 236.7 100.2 0.0
187.5 -327.2 24.1 6.3 10.8 0.0
-338.1 -815.6 538.1 193.7 40.9 0.0
493.7 -1076.0 441.9 2.2 7.6 -380.0
-480.7 483.4 282.1 241.3 102.2 0.0
187.6 -328.7 24.1 3.5 -58.5 0.0
-333.4 -815.9 538.1 190.6 -14.9 0.0
493.8 -1075.7 432.1 1.9 10.0 -400.0
-474.7 485.9 282.1 243.6 103.3 0.0
187.7 -331.3 24.1 4.6 -104.6 0.0
-328.7 -817.5 538.1 188.1 -62.3 0.0
493.8 -1075.4 421.9 1.5 12.3 -420.0
-468.5 488.5 282.1 245.9 104.2 0.0
187.8 -335.2 24.1 6.6 -157.5 0.0
-324.0 -820.1 538.1 186.0 -102.6 0.0
493.9 -1075.1 411.1 1.2 14.0 -440.0
-462.3 491.2 282.1 248.3 105.0 0.0
188.1 -340.4 24.1 8.8 -208.1 0.0
-318.1 -822.5 538.1 236.0 -98.5 0.0
493.9 -1074.7 399.9 1.0 15.6 -460.0
-456.0 493.8 282.1 250.6 106.0 0.0
188.3 -346.8 24.1 10.6 -254.3 0.0
-311.2 -824.9 538.1 278.5 -95.1 0.0
493.9 -1074.2 388.1 0.7 17.2 -480.0
-449.8 496.5 282.1 250.7 105.9 0.0
188.8 -354.2 24.1 18.7 -295.0 0.0
-303.5 -827.2 538.1 305.1 -90.8 0.0
493.9 -1073.8 375.9 0.4 18.8 -500.0
-443.9 500.5 282.1 236.1 162.0 0.0
189.4 -362.0 24.1 23.7 -311.9 0.0
-295.9 -829.3 538.1 306.1 -84.0 0.0
493.9 -1073.3 363.1 0.2 20.2 -520.0
-438.3 505.7 282.1 223.4 209.2 0.0
190.0 -369.5 24.1 24.4 -299.1 0.0
-288.3 -831.1 538.1 303.9 -73.7 0.0
493.9 -1072.7 349.9 0.0 21.6 -540.0
-433.0 511.9 282.1 212.1 246.6 0.0
190.6 -376.4 24.1 23.8 -278.9 0.0
-280.7 -832.7 538.1 304.3 -65.1 0.0
493.9 -1072.2 336.1 -0.2 22.9 -560.0
-428.1 518.2 282.1 194.0 252.9 0.0
191.1 -382.7 24.1 22.1 -251.3 0.0
-273.1 -834.2 538.1 304.7 -57.8 0.0
493.9 -1071.5 321.9 -0.4 24.3 -580.0
-425.7 523.9 282.1 90.0 4.0 758.0
191.7 -388.5 24.1 21.1 -231.0 0.0
-265.4 -835.5 538.1 305.1 -51.6 0.0
493.9 -1070.9 307.1 -0.6 25.5 -600.0
-423.6 524.0 300.8 83.1 5.0 738.0
192.3 -395.0 24.1 26.7 -262.0 0.0
-258.0 -836.4 538.1 295.3 -39.0 0.0
493.9 -1070.2 291.9 -0.8 26.8 -620.0
-421.7 524.1 319.0 76.3 6.0 718.0
193.1 -402.2 24.1 31.8 -288.1 0.0
-250.7 -837.1 538.1 293.6 -27.3 0.0
493.8 -1069.5 282.1 -1.0 28.0 0.6
-420.0 524.3 336.7 69.4 7.0 698.0
194.0 -409.9 24.1 35.7 -305.4 0.0
-243.4 -837.6 538.1 292.3 -17.4 0.0
493.8 -1068.9 282.1 -2.6 25.5 0.0
-418.1 524.4 353.9 75.3 1.7 678.0
195.0 -417.7 24.1 38.5 -315.2 0.0
-236.1 -837.8 538.1 291.1 -8.9 0.0
493.0 -1070.5 282.1 -29.9 -63.4 0.0
-416.1 524.3 370.6 81.3 -3.5 658.0
195.9 -425.6 24.1 38.9 -315.1 0.0
-228.4 -839.1 538.1 308.0 -52.9 0.0
491.7 -1073.6 282.1 -52.5 -123.7 0.0
-413.9 524.0 386.8 87.2 -8.8 638.0
196.9 -433.4 24.1 38.7 -310.0 0.0
-220.6 -841.2 538.1 314.6 -84.8 0.0
489.9 -1078.1 282.1 -73.6 -179.1 0.0
-411.6 523.7 402.5 93.2 -14.1 618.0
197.9 -440.8 24.1 37.6 -297.5 0.0
-213.0 -843.7 538.1 303.6 -99.3 0.0
487.6 -1083.7 282.1 -91.5 -226.1 0.0
-409.1 523.2 417.7 99.0 -19.5 598.0
198.7 -447.8 24.1 35.4 -277.5 0.0
-205.6 -846.5 538.1 294.3 -111.6 0.0
485.0 -1090.4 282.1 -105.1 -266.7 0.0
-406.5 522.6 432.4 104.8 -24.9 578.0
199.6 -454.3 24.1 33.4 -259.9 0.0
-198.5 -849.6 538.1 284.0 -122.7 0.0
482.1 -1097.8 282.1 -114.9 -296.0 0.0
-403.7 521.8 446.6 110.6 -30.3 558.0
200.4 -460.4 24.1 32.2 -247.4 0.0
-191.6 -852.9 538.1 275.9 -132.7 0.0
479.2 -1105.2 282.1 -114.1 -296.3 0.0
-400.8 520.9 460.3 116.4 -35.7 538.0
201.2 -466.6 24.1 32.2 -244.8 0.0
-184.9 -856.4 538.1 268.9 -141.1 0.0
476.4 -1112.6 282.1 -113.4 -296.6 0.0
-399.1 520.1 473.5 -0.1 -34.8 518.0
202.0 -472.8 24.1 33.3 -249.8 0.0
-178.3 -860.1 538.1 263.0 -148.3 0.0
474.0 -1119.8 282.1 -95.3 -287.6 0.0
-399.2 519.2 486.2 -1.3 -34.0 498.0
202.9 -479.3 24.1 35.0 -259.7 0.0
-171.9 -864.0 538.1 254.5 -153.5 0.0
472.0 -1127.0 282.1 -79.8 -287.2 0.0
-399.2 518.4 498.4 -2.6 -33.1 478.0
203.8 -486.1 24.1 37.1 -272.1 0.0
-165.7 -868.0 538.1 249.1 -159.5 0.0
470.4 -1134.1 282.1 -66.6 -286.8 0.0
-399.3 517.6 510.1 -3.8 -32.2 458.0
204.8 -493.3 24.1 39.6 -287.1 0.0
-159.6 -872.1 538.1 244.6 -164.6 0.0
469.0 -1141.3 282.1 -55.4 -286.4 0.0
-399.3 516.8 521.3 2.4 -32.1 438.0
205.8 -500.8 24.1 41.4 -299.5 0.0
-153.6 -876.3 538.1 240.8 -169.0 0.0
466.5 -1148.6 282.1 -100.7 -291.3 0.0
-399.0 516.0 532.0 8.3 -31.2 418.0
206.9 -508.4 24.1 42.5 -307.0 0.0
-147.6 -880.7 538.1 241.0 -177.5 0.0
463.2 -1155.7 282.1 -129.3 -286.6 0.0
-398.7 515.2 542.2 14.1 -30.2 398.0
208.0 -516.3 24.1 43.5 -314.5 0.0
-141.6 -885.3 538.1 239.4 -182.7 0.0
459.7 -1162.6 282.1 -142.1 -272.3 0.0
-398.2 514.4 551.9 20.2 -30.2 378.0
209.1 -524.2 24.1 43.9 -314.4 0.0
-135.7 -889.9 538.1 236.5 -186.0 0.0
455.8 -1169.1 282.1 -152.9 -260.1 0.0
-397.5 513.7 561.1 26.5 -30.3 358.0
210.2 -532.0 24.1 44.4 -314.4 0.0
-129.8 -894.7 538.1 234.0 -188.5 0.0
452.6 -1174.6 282.1 -130.0 -221.1 0.0
-396.7 512.9 569.8 32.8 -30.4 338.0
211.3 -539.8 24.1 44.3 -311.8 0.0
-124.3 -899.2 538.1 220.8 -181.0 0.0
449.8 -1179.3 282.1 -110.5 -187.9 0.0
-395.7 512.2 578.0 39.1 -30.5 318.0
212.4 -547.5 24.1 44.5 -309.3 0.0
-119.0 -903.6 538.1 213.1 -178.3 0.0
447.5 -1183.3 282.1 -93.9 -159.7 0.0
-394.6 511.4 585.7 45.4 -30.6 298.0
213.5 -555.3 24.1 44.8 -309.2 0.0
-113.7 -908.1 538.1 211.1 -180.3 0.0
445.3 -1186.8 282.1 -89.3 -140.0 0.0
-393.3 510.6 592.9 51.7 -30.6 278.0
214.7 -562.9 24.1 44.9 -306.7 0.0
-108.4 -912.7 538.1 211.2 -183.9 0.0
442.9 -1190.3 281.9 -93.0 -139.7 -20.0
-391.8 509.9 599.6 57.9 -30.7 258.0
215.8 -570.6 24.1 45.1 -306.6 0.0
-103.1 -917.5 538.1 213.1 -189.4 0.0
440.5 -1193.8 281.1 -96.7 -139.4 -40.0
-390.2 509.1 605.8 64.1 -30.7 238.0
216.9 -578.3 24.1 45.4 -306.6 0.0
-97.7 -922.3 538.1 213.5 -192.5 0.0
438.0 -1197.2 279.9 -100.4 -139.2 -60.0
-388.5 508.3 611.5 70.4 -30.7 218.0
218.1 -586.0 24.1 46.2 -309.0 0.0
-92.5 -927.1 538.1 210.4 -192.2 0.0
435.4 -1200.7 278.1 -104.1 -138.9 -80.0
-386.6 507.6 616.7 76.6 -30.8 198.0
219.2 -593.7 24.1 46.4 -309.0 0.0
-87.2 -931.9 538.1 209.2 -193.3 0.0
432.8 -1204.2 275.9 -104.1 -138.9 -100.0
-384.5 506.8 621.4 82.8 -30.8 178.0
220.4 -601.5 24.1 46.9 -311.4 0.0
-82.2 -936.6 538.1 201.0 -187.4 0.0
430.2 -1207.7 273.1 -104.1 -138.9 -120.0
-382.3 506.0 625.6 89.1 -30.8 158.0
221.6 -609.4 24.1 47.5 -313.9 0.0
-77.3 -941.2 538.1 196.3 -185.0 0.0
427.6 -1211.1 269.9 -104.1 -138.9 -140.0
-379.9 505.2 629.3 95.3 -30.9 138.0
222.8 -617.2 24.1 47.6 -313.9 0.0
-72.4 -945.9 538.1 197.2 -187.7 0.0
425.0 -1214.6 266.1 -104.1 -138.9 -160.0
-377.3 504.5 632.5 101.5 -30.8 118.0
224.0 -625.1 24.1 47.8 -313.9 0.0
-67.5 -950.6 538.1 196.3 -188.6 0.0
424.0 -1218.9 266.1 -39.8 -171.7 0.1
-374.7 503.7 635.2 107.7 -30.8 98.0
225.2 -632.9 24.1 47.7 -313.9 0.0
-62.7 -955.3 538.1 191.8 -186.0 0.0
423.1 -1223.3 265.9 -34.9 -177.0 -19.9
-371.8 502.9 637.4 113.8 -30.8 78.0
226.4 -640.7 24.1 47.5 -313.9 0.0
-58.0 -959.9 538.1 189.1 -185.2 0.0
422.4 -1227.9 265.1 -30.0 -182.4 -39.9
-368.8 502.2 639.1 120.0 -30.7 58.0
227.6 -648.6 24.1 50.1 -313.8 0.0
-53.3 -964.6 538.1 188.2 -186.1 0.0
421.7 -1232.6 263.9 -25.2 -187.7 -59.9
-365.7 501.4 640.3 124.7 -30.7 38.0
228.9 -656.4 24.1 51.8 -310.9 0.0
-48.5 -969.3 538.1 189.5 -188.3 0.0
421.3 -1237.3 262.1 -17.4 -188.2 -79.9
-362.5 500.6 641.0 129.5 -30.6 18.0
230.2 -664.1 24.1 53.5 -310.5 0.0
-44.5 -973.3 538.1 161.0 -160.0 0.0
421.1 -1242.0 259.9 -9.7 -188.6 -99.9
-359.1 499.9 641.2 134.2 -30.5 -2.0
231.6 -671.9 24.1 55.1 -310.2 0.0
-41.1 -976.7 538.1 136.9 -136.0 0.0
421.0 -1246.7 257.1 -2.0 -189.0 -119.9
-355.6 499.1 640.9 138.8 -30.4 -22.0
233.0 -679.6 24.1 56.3 -307.5 0.0
-38.2 -979.6 538.1 116.4 -115.6 0.0
421.1 -1251.4 253.9 5.8 -189.4 -139.9
-352.2 498.4 640.1 138.8 -30.4 -42.0
234.5 -687.3 24.1 57.7 -307.2 0.0
-35.5 -982.2 538.1 105.3 -105.0 0.0
421.4 -1256.0 250.2 10.0 -182.8 -159.9
-348.7 497.6 638.8 138.8 -30.4 -62.0
235.9 -694.9 24.1 58.8 -306.9 0.0
-33.3 -984.4 538.1 89.5 -89.3 0.0
421.8 -1260.4 245.9 14.3 -176.2 -179.9
-345.2 496.8 637.0 138.8 -30.4 -82.0
237.4 -702.6 24.1 59.9 -306.7 0.0
-31.4 -986.3 538.1 76.1 -75.9 0.0
422.2 -1264.7 242.1 18.6 -169.6 0.2
-341.7 496.1 634.7 138.8 -30.4 -102.0
239.0 -710.3 24.1 61.5 -306.5 0.0
-29.8 -987.9 538.1 64.7 -64.5 0.0
423.7 -1266.6 242.1 58.5 -78.0 0.0
-338.3 495.3 631.9 138.8 -30.4 -122.0
240.5 -717.9 24.1 62.7 -306.2 0.0
-28.4 -989.3 538.1 54.0 -53.9 0.0
425.2 -1268.7 241.9 62.2 -84.0 -20.0
-334.8 494.5 628.6 138.8 -30.4 -142.0
242.1 -725.6 24.1 63.7 -305.9 0.0
-25.9 -989.9 538.1 100.6 -25.6 0.0
426.9 -1271.0 241.1 66.1 -90.4 -40.0
-331.3 493.8 624.8 138.8 -30.4 -162.0
243.8 -733.2 24.1 64.6 -305.7 0.0
-22.3 -990.0 538.1 142.6 -3.9 0.0
428.6 -1273.4 239.9 70.0 -96.7 -60.0
-327.9 493.0 620.5 138.8 -30.4 -182.0
245.4 -740.8 24.1 66.0 -305.5 0.0
-17.9 -989.7 538.1 178.3 14.6 0.0
430.5 -1276.0 238.1 73.9 -103.0 -80.0
-324.4 492.3 615.7 138.8 -30.4 -202.0
247.1 -748.5 24.1 67.0 -305.2 0.0
-12.7 -988.9 538.1 208.7 30.3 0.0
432.4 -1278.7 235.9 75.0 -108.9 -100.0
-320.9 491.5 610.4 138.8 -30.4 -222.0
248.8 -756.2 24.1 68.6 -307.5 0.0
-6.8 -987.8 538.1 234.8 42.5 0.0
434.3 -1281.6 233.1 76.2 -114.9 -120.0
-317.4 490.7 604.6 138.8 -30.4 -242.0
250.5 -763.8 24.1 69.5 -307.2 0.0
-0.8 -986.7 538.1 238.1 47.3 0.0
436.2 -1284.6 229.9 77.3 -120.9 -140.0
-314.0 490.0 598.3 138.8 -30.4 -262.0
252.3 -771.4 24.1 71.1 -304.5 0.0
5.0 -985.4 538.1 234.8 49.5 0.0
438.2 -1287.8 226.1 78.5 -126.9 -160.0
-310.5 489.2 591.5 138.8 -30.4 -282.0
254.1 -779.0 24.1 73.3 -304.0 0.0
10.9 -984.1 538.1 234.1 52.0 0.0
438.9 -1292.2 226.1 31.2 -178.1 0.1
-307.0 488.5 584.2 138.8 -30.4 -302.0
256.0 -786.6 24.1 74.3 -301.1 0.0
16.7 -982.8 538.1 233.5 52.8 0.0
438.7 -1297.7 226.1 -8.2 -220.0 0.0
-303.6 487.7 576.4 138.8 -30.4 -322.0
257.9 -794.1 24.1 75.8 -300.6 0.0
22.6 -981.4 538.1 235.8 54.2 0.0
438.4 -1303.4 225.9 -11.6 -226.7 -20.0
-300.1 486.9 568.1 138.8 -30.4 -342.0
259.4 -802.1 24.1 61.1 -321.0 0.0
28.5 -980.1 538.1 235.6 54.9 0.0
438.1 -1309.2 225.1 -15.0 -233.5 -40.0
-296.6 486.2 559.3 138.8 -30.4 -362.0
260.7 -810.1 24.1 49.9 -320.0 0.0
34.4 -978.7 538.1 235.4 55.6 0.0
437.5 -1315.1 223.9 -21.2 -234.6 -60.0
-293.1 485.4 550.0 138.8 -30.4 -382.0
261.7 -818.1 24.1 40.2 -319.7 0.0
39.4 -977.5 538.1 200.1 47.3 0.0
436.9 -1321.0 222.1 -27.4 -235.8 -80.0
-289.7 484.7 540.2 138.8 -30.4 -402.0
262.5 -826.1 24.1 31.9 -319.4 0.0
43.6 -976.5 538.1 170.1 40.2 0.0
436.0 -1326.9 219.9 -33.6 -237.0 -100.0
-286.2 483.9 536.1 138.8 -30.4 0.4
262.4 -834.0 24.1 -2.0 -316.5 0.0
47.3 -975.6 538.1 144.6 34.2 0.0
435.0 -1332.8 217.1 -39.8 -238.1 -120.0
-283.3 484.7 536.1 114.5 33.9 0.0
261.8 -841.6 24.1 -23.9 -303.1 0.0
50.3 -974.9 538.1 122.9 29.0 0.0
432.7 -1338.0 217.1 -94.1 -206.4 0.1
-281.0 487.1 536.1 93.7 93.6 0.0
260.7 -848.9 24.1 -43.4 -293.3 0.0
54.5 -974.4 538.1 166.7 20.8 0.0
429.2 -1342.5 217.1 -140.4 -179.5 0.0
-279.1 490.8 536.1 75.7 150.0 0.0
259.2 -856.0 24.1 -60.2 -285.2 0.0
59.6 -974.1 538.1 203.3 13.9 0.0
424.7 -1346.4 217.1 -179.6 -156.5 0.0
-277.6 495.9 536.1 60.2 202.3 0.0
257.8 -863.9 24.1 -56.4 -314.2 0.0
65.4 -973.8 538.1 234.4 8.2 0.0
419.3 -1349.8 217.1 -213.0 -137.1 0.0
-277.8 501.2 538.1 -8.4 211.0 0.0
256.5 -871.8 24.1 -51.6 -314.4 0.0
71.6 -973.7 538.1 247.6 4.0 0.0
413.3 -1352.7 217.1 -242.8 -114.4 0.0
-279.3 506.5 538.1 -61.4 214.8 0.0
255.4 -879.6 24.1 -47.4 -314.9 0.0
76.9 -973.7 538.1 210.5 3.4 0.0
406.8 -1355.1 217.1 -257.6 -95.7 0.0
-281.9 511.9 538.1 -100.2 214.0 0.0
254.3 -887.5 24.1 -43.8 -315.1 0.0
81.4 -973.6 538.1 178.9 2.9 0.0
400.4 -1357.1 217.1 -257.1 -80.1 0.0
-285.3 517.3 538.1 -137.4 215.9 0.0
253.5 -895.5 24.1 -31.0 -320.8 0.0
85.2 -973.5 538.1 152.1 2.5 0.0
394.0 -1358.8 217.1 -256.7 -66.9 0.0
-289.6 522.7 538.1 -172.9 216.1 0.0
253.0 -903.5 32.1 -21.1 -319.4 0.0
88.4 -973.5 538.1 129.3 2.1 0.0
387.9 -1360.1 217.1 -243.9 -54.2 0.0
-294.5 528.0 538.1 -194.8 211.5 0.0
252.6 -911.5 32.1 -12.3 -318.6 0.0
92.6 -973.5 538.1 169.6 -2.3 0.0
381.8 -1361.2 217.1 -242.6 -42.3 0.0
-299.6 533.0 538.1 -205.6 203.0 0.0
252.5 -919.4 40.1 -5.0 -317.7 0.0
97.8 -973.7 538.1 204.5 -6.4 0.0
375.8 -1362.0 217.1 -241.6 -32.2 0.0
-304.9 537.9 538.1 -212.9 194.9 0.0
252.8 -927.3 40.1 12.4 -316.6 0.0
103.6 -973.9 538.1 234.1 -9.9 0.0
369.8 -1362.6 217.1 -240.7 -23.7 0.0
-310.4 542.7 537.9 -220.3 193.0 -20.0
253.5 -935.1 48.1 25.8 -311.9 0.0
109.7 -974.2 538.1 241.7 -11.7 0.0
363.9 -1363.0 217.1 -234.7 -15.3 0.0
-316.1 547.5 537.1 -227.8 191.1 -40.0
254.4 -942.8 48.1 37.3 -307.8 0.0
115.3 -974.5 538.1 226.6 -11.9 0.0
357.6 -1363.1 217.1 -251.0 -4.6 0.0
-322.0 552.2 536.1 -235.4 189.1 0.1
255.6 -950.4 56.1 47.0 -304.4 0.0
121.5 -974.9 538.1 249.1 -15.1 0.0
351.4 -1363.0 217.1 -249.9 2.1 0.0
-329.0 555.8 536.1 -276.9 141.0 0.0
256.6 -958.3 56.1 42.4 -313.4 0.0
128.0 -975.3 538.1 259.0 -17.0 0.0
345.2 -1362.8 217.1 -248.9 7.8 0.0
-333.0 559.4 536.1 -160.4 145.9 0.0
257.6 -966.0 64.1 37.9 -308.5 0.0
134.4 -975.8 538.1 256.4 -17.6 0.0
339.9 -1362.7 217.1 -212.4 6.8 0.0
-334.5 563.2 536.1 -61.9 149.6 0.0
258.4 -973.7 64.1 34.3 -308.7 0.0
140.6 -976.3 538.1 247.1 -19.9 0.0
334.6 -1362.3 217.1 -211.2 12.3 0.0
-334.0 567.0 536.1 20.1 152.1 0.0
259.2 -981.4 72.1 31.2 -308.8 0.0
146.8 -976.8 538.1 246.6 -23.2 0.0
329.3 -1361.9 217.1 -210.2 17.0 0.0
-331.8 570.8 536.1 87.4 153.4 0.0
259.7 -988.8 72.1 17.8 -294.7 0.0
152.9 -977.5 538.1 246.1 -26.0 0.0
324.1 -1361.4 217.1 -209.4 21.0 0.0
-328.0 574.2 536.1 152.1 136.5 0.0
259.8 -996.1 80.1 4.1 -291.0 0.0
159.1 -978.2 538.1 245.7 -28.3 0.0
319.6 -1360.9 217.1 -178.0 17.8 0.0
-322.9 577.3 536.1 205.9 122.4 0.0
259.6 -1003.3 80.1 -7.5 -287.8 0.0
165.2 -979.0 538.1 246.3 -33.7 0.0
315.7 -1362.2 217.1 -158.7 -49.3 0.1
-316.6 580.0 536.1 249.7 110.4 0.0
259.2 -1010.4 88.1 -17.4 -285.1 0.0
171.5 -980.0 538.1 250.1 -39.2 0.0
311.2 -1363.0 217.1 -176.9 -31.1 0.0
-309.5 582.5 536.1 285.7 100.0 0.0
258.5 -1017.7 88.1 -25.7 -293.4 0.0
177.6 -981.1 538.1 246.8 -42.2 0.0
306.6 -1363.4 217.1 -184.1 -17.8 0.0
-301.5 584.3 536.1 319.8 71.8 0.0
257.7 -1025.0 96.1 -31.0 -292.3 0.0
183.8 -982.2 538.1 245.9 -45.1 0.0
302.7 -1363.8 217.1 -156.5 -15.1 0.0
-293.3 585.6 536.1 325.7 51.8 0.0
256.9 -1032.3 96.1 -35.5 -291.3 0.0
189.9 -983.5 538.1 244.0 -50.7 0.0
299.3 -1364.0 217.1 -138.8 -10.7 0.0
-285.3 586.5 536.1 320.7 36.6 0.0
255.9 -1039.6 96.1 -39.3 -290.5 0.0
196.1 -984.9 538.1 247.1 -57.2 0.0
295.9 -1364.1 217.1 -135.6 -2.4 0.0
-277.4 587.1 536.1 318.5 23.2 0.0
255.1 -1047.5 104.1 -31.6 -315.9 0.0
202.2 -986.4 538.1 245.6 -61.1 0.0
292.5 -1364.0 217.1 -132.9 4.7 0.0
-269.8 586.2 536.1 302.7 -35.3 0.0
254.4 -1055.4 104.1 -25.6 -315.7 0.0
208.3 -988.1 538.1 244.4 -64.6 0.0
289.7 -1363.9 217.1 -115.3 5.2 0.0
-262.6 584.1 536.1 289.2 -85.0 0.0
253.9 -1063.3 112.1 -20.5 -315.6 0.0
214.4 -989.8 538.1 241.9 -70.3 0.0
286.9 -1363.6 217.1 -111.5 12.0 0.0
-255.6 580.9 536.1 278.1 -127.1 0.0
253.5 -1071.1 112.1 -16.2 -315.5 0.0
220.5 -991.7 538.1 244.4 -77.3 0.0
284.2 -1363.1 217.1 -108.3 17.7 0.0
-249.2 577.4 536.1 256.4 -142.5 0.0
253.7 -1079.4 120.1 7.9 -328.9 0.0
226.5 -993.8 538.1 242.5 -81.3 0.0
281.5 -1362.6 217.1 -105.6 22.6 0.0
-241.9 573.9 536.1 292.1 -137.6 0.0
254.3 -1087.5 120.1 22.5 -323.7 0.0
232.5 -995.9 538.1 238.7 -83.9 0.0
277.7 -1361.6 217.1 -151.8 40.2 0.0
-234.5 570.7 536.1 294.2 -127.2 0.0
255.2 -1095.4 128.1 34.8 -319.3 0.0
236.2 -996.9 538.1 147.7 -41.0 0.0
272.9 -1360.2 217.1 -192.4 55.3 0.0
-227.1 567.8 536.1 296.5 -118.3 0.0
256.3 -1103.3 128.1 45.3 -315.5 0.0
237.9 -997.0 538.1 69.9 -3.9 0.0
267.3 -1358.5 217.1 -226.9 68.2 0.0
-219.6 565.0 536.1 300.4 -111.4 0.0
257.4 -1111.2 136.1 44.0 -306.1 255.0
237.9 -996.3 538.1 -0.6 27.9 0.0
260.9 -1356.5 217.1 -255.3 78.9 0.0
-212.0 562.5 536.1 303.5 -101.7 0.0
258.6 -1119.0 142.2 48.4 -309.4 235.0
236.5 -995.2 538.1 -55.9 43.8 0.0
254.0 -1354.3 217.1 -274.1 86.2 0.0
-204.4 560.1 536.1 304.8 -93.2 0.0
259.8 -1126.7 147.9 46.9 -300.1 215.0
235.3 -994.2 544.8 -51.2 40.7 255.0
247.2 -1352.2 217.1 -273.8 87.0 0.0
-196.8 558.0 536.1 305.8 -86.0 0.0
261.1 -1134.3 153.0 51.4 -303.6 195.0
234.1 -993.2 550.9 -46.4 37.8 235.0
240.3 -1350.0 217.1 -273.6 87.6 0.0
-189.1 556.0 536.1 306.6 -80.0 0.0
262.4 -1141.9 157.6 51.4 -303.6 175.0
233.1 -992.4 556.5 -41.6 34.8 215.0
233.5 -1347.8 217.1 -273.4 88.2 0.0
-181.5 554.2 536.1 304.5 -70.0 0.0
263.7 -1149.5 161.8 51.4 -303.6 155.0
232.1 -991.6 561.6 -36.8 49.9 212.2
226.3 -1345.4 217.1 -287.6 93.5 0.0
-173.9 552.7 536.1 304.9 -61.7 0.0
265.0 -1157.0 165.4 51.4 -303.6 135.0
231.2 -990.3 566.7 -36.8 49.9 192.2
219.1 -1343.1 217.1 -289.7 95.0 0.0
-166.2 551.3 536.1 305.1 -54.7 0.0
266.3 -1164.6 168.5 51.4 -303.6 115.0
230.3 -989.1 571.2 -36.8 49.9 172.2
211.8 -1340.7 217.1 -289.5 95.6 0.0
-158.6 550.1 536.1 305.5 -48.5 0.0
267.6 -1172.2 171.1 51.4 -303.6 95.0
229.4 -987.8 575.3 -36.8 49.9 152.2
204.6 -1338.3 217.1 -289.4 96.1 0.0
-151.4 549.3 536.1 288.6 -34.1 0.0
268.8 -1179.8 173.2 51.4 -303.6 75.0
228.5 -986.6 578.8 -36.8 49.9 132.2
197.5 -1335.9 217.1 -282.1 94.1 0.0
-144.3 548.8 536.1 282.7 -19.7 0.0
270.1 -1187.4 176.1 49.9 -294.5 55.0
227.5 -985.3 581.9 -36.8 49.9 112.2
190.5 -1333.5 217.1 -281.9 94.5 0.0
-137.3 548.6 538.1 279.4 -7.1 0.0
271.4 -1194.8 177.2 49.9 -294.5 35.0
226.6 -984.1 584.5 -36.8 49.9 92.2
183.5 -1331.2 217.1 -281.8 94.9 0.0
-130.5 548.7 538.1 274.3 3.0 0.0
272.8 -1202.2 184.1 55.5 -288.5 15.0
225.7 -982.8 586.5 -36.8 49.9 72.2
176.4 -1328.8 217.1 -281.7 95.2 0.0
-123.9 548.9 538.1 262.6 11.6 0.0
274.4 -1209.5 184.2 62.9 -291.5 -5.0
224.8 -981.6 588.1 -36.8 49.9 52.2
169.1 -1326.3 217.1 -293.4 99.8 0.0
-117.5 549.4 538.1 257.2 20.2 0.0
277.6 -1216.4 184.3 127.6 -278.0 0.0
223.9 -980.3 589.1 -36.8 49.9 32.2
161.6 -1323.7 217.1 -300.4 102.8 0.0
-111.2 550.1 538.1 252.3 27.3 0.0
282.1 -1223.1 192.1 182.5 -266.6 0.0
222.9 -979.1 589.7 -36.8 49.9 12.2
154.1 -1321.1 217.1 -300.2 103.3 0.0
-105.0 551.0 538.1 248.0 33.5 0.0
286.9 -1229.5 192.1 188.7 -257.0 0.0
222.0 -977.9 589.7 -36.8 49.9 -7.8
146.6 -1318.5 217.1 -300.0 103.8 0.0
-97.9 550.8 538.1 282.3 -6.1 0.0
291.8 -1235.9 200.1 199.1 -253.3 0.0
221.1 -976.6 589.3 -32.6 66.9 -9.9
139.1 -1315.9 217.1 -299.9 104.1 0.0
-90.1 549.8 538.1 311.4 -39.6 0.0
297.0 -1242.1 200.1 206.0 -248.9 0.0
220.3 -974.9 588.8 -32.6 66.9 -29.9
131.7 -1313.4 217.1 -295.2 102.5 0.0
-82.1 548.3 538.1 322.7 -61.6 0.0
302.2 -1248.2 200.1 210.6 -244.0 0.0
219.5 -973.3 587.8 -32.6 66.9 -49.9
124.3 -1310.8 217.1 -295.2 102.5 0.0
-74.1 546.5 538.1 317.1 -72.8 0.0
307.2 -1254.4 208.1 199.9 -249.7 0.0
218.7 -971.6 586.3 -32.6 66.9 -69.9
116.9 -1308.3 217.1 -295.1 102.5 0.0
-66.3 544.3 538.1 314.5 -86.4 0.0
312.1 -1260.9 208.1 193.0 -258.6 0.0
217.8 -969.9 584.3 -32.6 66.9 -89.9
109.4 -1305.6 217.1 -299.7 104.8 0.0
-58.5 541.9 538.1 309.3 -96.6 0.0
316.7 -1267.5 217.1 186.2 -265.0 0.0
217.0 -968.2 581.8 -32.6 66.9 -109.9
101.9 -1303.0 217.1 -299.5 105.3 0.0
-50.9 539.3 538.1 304.5 -104.8 0.0
321.2 -1274.2 217.1 179.5 -268.3 0.0
216.2 -966.6 578.8 -32.6 66.9 -129.9
94.5 -1300.4 217.1 -299.4 105.7 0.0
-43.4 536.5 538.1 300.7 -112.1 0.0
324.1 -1281.2 217.1 117.2 -279.4 0.0
215.4 -964.9 575.3 -32.6 66.9 -149.9
87.0 -1297.7 217.1 -299.3 106.0 0.0
-36.0 533.4 538.1 297.9 -120.9 0.0
325.8 -1288.3 217.1 67.9 -283.7 0.0
214.6 -963.2 571.3 -32.6 66.9 -169.9
80.5 -1295.3 217.1 -260.5 96.9 0.0
-28.6 530.3 538.1 294.0 -127.4 0.0
326.5 -1295.5 217.1 26.0 -287.4 0.0
213.8 -961.6 566.8 -32.6 66.9 -189.9
74.3 -1292.5 226.1 -246.4 109.8 0.0
-21.4 526.9 538.1 290.6 -132.8 0.0
326.9 -1302.6 217.1 18.2 -284.5 0.0
213.0 -959.9 561.8 -32.6 66.9 -209.9
68.4 -1289.5 226.1 -234.3 120.8 0.0
-14.2 523.5 538.1 287.8 -137.8 0.0
326.3 -1309.7 217.1 -25.8 -282.5 0.0
212.1 -958.2 556.3 -32.6 66.9 -229.9
62.8 -1286.3 226.1 -224.1 130.1 0.0
-7.0 519.9 538.1 285.4 -144.0 0.0
325.0 -1316.4 217.1 -50.8 -268.5 0.0
211.3 -956.5 550.3 -32.6 66.9 -249.9
58.9 -1283.2 226.1 -156.3 121.5 0.0
0.0 516.2 538.1 282.3 -148.5 0.0
323.4 -1322.7 217.1 -67.2 -251.8 0.0
210.5 -954.9 543.8 -32.6 66.9 -269.9
56.4 -1280.4 234.1 -102.3 113.2 0.0
7.0 512.4 538.1 279.8 -152.1 0.0
321.3 -1328.6 217.1 -81.1 -237.5 0.0
209.7 -953.2 538.1 -32.6 66.9 0.3
55.0 -1277.8 234.1 -57.0 106.1 0.0
14.0 508.5 538.1 277.7 -155.5 0.0
318.8 -1332.5 217.1 -102.1 -156.7 0.0
209.1 -951.9 538.1 -26.0 53.4 0.0
54.5 -1275.3 234.1 -18.5 100.0 0.0
20.9 504.5 538.1 275.6 -160.3 0.0
315.8 -1334.7 217.1 -119.9 -87.9 0.0
208.6 -950.9 538.1 -19.4 39.9 0.0
54.1 -1272.9 240.8 -15.5 95.3 255.0
27.7 500.4 538.1 273.1 -163.6 0.0
312.4 -1335.5 217.1 -135.0 -29.5 0.0
210.0 -950.6 538.1 55.5 11.9 0.0
53.8 -1270.6 246.9 -12.4 90.5 235.0
34.5 496.2 538.1 271.0 -166.8 0.0
308.7 -1335.0 217.1 -147.9 20.1 0.0
212.7 -950.7 538.1 109.9 -5.8 0.0
53.6 -1268.5 252.5 -9.4 85.7 215.0
41.2 492.0 538.1 269.2 -169.3 0.0
304.8 -1333.3 217.1 -155.7 64.5 0.0
216.8 -951.2 538.1 162.5 -19.3 0.0
53.4 -1266.4 257.6 -6.3 81.0 195.0
46.9 488.4 538.1 228.8 -143.9 0.0
300.8 -1330.8 217.1 -162.3 102.2 0.0
221.9 -952.0 538.1 207.2 -30.7 0.0
53.4 -1264.5 262.2 -0.3 77.7 175.0
51.8 485.3 538.1 194.5 -122.3 0.0
296.6 -1327.4 217.1 -167.9 134.3 0.0
228.1 -953.0 538.1 245.7 -41.1 0.0
53.5 -1262.6 266.4 5.2 74.7 155.0
55.9 482.7 538.1 165.3 -104.0 0.0
292.3 -1323.5 217.1 -170.2 157.7 0.0
235.0 -954.2 538.1 278.4 -50.1 0.0
53.8 -1260.8 270.0 -320.3 148.1 159.0
59.4 480.5 538.1 140.5 -88.4 0.0
288.0 -1319.5 223.8 -171.4 159.6 255.0
242.0 -955.5 538.1 280.1 -51.9 0.0
45.9 -1257.2 273.7 -314.8 145.1 139.0
62.4 478.7 538.1 119.4 -75.1 0.0
283.7 -1315.5 229.9 -171.4 159.6 235.0
249.0 -956.9 538.1 279.8 -53.4 0.0
38.2 -1253.7 277.0 -309.7 141.4 119.0
64.9 477.1 538.1 101.5 -63.8 0.0
279.4 -1311.5 235.5 -171.4 159.6 215.0
256.2 -958.3 538.1 286.9 -56.4 0.0
30.6 -1250.2 279.7 -304.0 137.5 99.0
67.2 475.6 538.1 90.4 -58.0 0.0
275.2 -1307.5 240.6 -171.4 159.6 195.0
263.4 -959.7 538.1 286.6 -57.6 0.0
23.1 -1246.9 281.9 -298.1 133.3 79.0
69.4 474.1 538.1 88.5 -60.1 0.0
270.9 -1303.5 245.3 -171.4 159.6 175.0
270.5 -961.2 538.1 286.4 -58.5 0.0
15.8 -1243.7 283.6 -292.0 129.0 59.0
71.3 472.8 538.1 75.3 -51.1 0.0
266.6 -1299.5 249.4 -171.4 159.6 155.0
277.7 -962.7 538.1 286.2 -59.5 0.0
15.1 -1240.5 284.9 0.3 125.2 39.0
72.9 471.7 538.1 66.0 -46.3 0.0
262.9 -1295.7 252.9 -147.7 153.3 130.2
284.9 -964.2 538.1 288.5 -60.8 0.0
15.3 -1237.5 285.6 6.9 121.3 19.0
74.6 470.4 538.1 64.8 -50.6 0.0
259.2 -1291.9 255.9 -147.7 153.3 110.2
292.2 -965.7 538.1 290.8 -61.9 0.0
15.6 -1234.6 285.8 13.6 117.5 -1.0
76.1 469.1 538.1 62.6 -52.5 0.0
255.5 -1288.0 258.4 -147.7 153.3 90.2
299.4 -967.3 538.1 288.2 -62.2 0.0
16.2 -1231.7 285.5 20.2 113.6 -21.0
77.9 467.7 538.1 69.0 -57.8 0.0
251.8 -1284.2 260.4 -147.7 153.3 70.2
306.6 -968.9 538.1 288.1 -62.8 0.0
16.8 -1229.0 284.8 26.3 108.9 -41.0
79.6 466.2 538.1 71.4 -59.9 0.0
248.1 -1280.4 261.9 -147.7 153.3 50.2
311.1 -971.0 538.1 181.5 -87.3 0.0
17.6 -1226.4 283.5 32.4 104.2 -61.0
81.4 464.7 538.1 71.4 -59.9 0.0
244.4 -1276.6 262.9 -147.7 153.3 30.2
313.5 -973.7 538.1 94.2 -106.0 0.0
18.6 -1223.9 281.7 38.5 99.5 -81.0
83.2 463.2 538.1 71.4 -59.9 0.0
240.7 -1272.7 263.4 -147.7 153.3 10.2
314.0 -976.7 538.1 20.4 -121.5 0.0
19.7 -1221.5 279.4 44.6 94.9 -101.0
86.4 461.0 538.1 129.4 -87.4 0.0
237.0 -1268.9 263.4 -147.7 153.3 -9.8
312.9 -980.1 538.1 -42.2 -134.8 0.0
20.9 -1219.3 276.7 49.5 90.0 -121.0
90.9 458.2 538.1 179.5 -111.3 0.0
233.9 -1265.2 262.8 -124.0 146.7 -34.4
312.0 -983.0 538.1 -35.9 -114.6 0.0
22.3 -1217.2 273.4 54.2 85.3 -141.0
96.5 454.9 538.1 222.0 -131.6 0.0
230.8 -1261.5 261.7 -124.0 146.7 -54.4
311.3 -985.4 538.1 -30.5 -97.4 0.0
23.8 -1215.1 269.6 58.9 80.7 -161.0
102.9 451.2 538.1 258.3 -148.8 0.0
227.7 -1257.9 260.1 -124.0 146.7 -74.4
310.6 -987.5 538.1 -25.9 -82.8 0.0
25.4 -1213.2 266.1 63.6 76.0 0.2
109.8 447.3 538.1 274.4 -155.1 0.0
224.6 -1254.2 258.0 -124.0 146.7 -94.4
310.1 -989.2 538.1 -21.5 -68.5 0.0
28.4 -1211.2 266.1 121.5 80.1 0.0
116.7 443.5 538.1 275.1 -153.7 0.0
222.1 -1250.7 255.2 -100.5 139.8 -119.0
308.1 -991.0 538.1 -79.2 -74.6 0.0
32.7 -1209.2 266.1 170.8 83.7 0.0
123.6 439.7 538.1 275.9 -152.2 0.0
219.6 -1247.2 252.0 -100.5 139.8 -139.0
304.9 -993.1 538.1 -128.9 -83.9 0.0
38.0 -1207.0 266.1 212.7 86.8 0.0
130.5 435.9 538.1 276.5 -151.0 0.0
217.1 -1243.7 248.3 -100.5 139.8 -159.0
300.6 -995.4 538.1 -171.2 -91.5 0.0
44.2 -1204.7 266.1 248.3 89.4 0.0
137.4 432.1 538.1 277.2 -149.8 0.0
214.6 -1240.2 244.1 -100.5 139.8 -179.0
295.4 -997.9 538.1 -207.1 -98.1 0.0
51.0 -1202.7 266.1 272.2 82.8 0.0
144.4 428.4 538.1 277.8 -148.6 0.0
212.1 -1236.7 239.4 -100.5 139.8 -199.0
289.4 -1000.4 538.1 -239.6 -101.8 0.0
57.8 -1200.8 274.1 273.0 75.0 0.0
151.3 424.7 538.1 278.2 -147.8 0.0
209.6 -1233.2 234.1 -100.5 139.8 -219.0
283.3 -1002.9 538.1 -246.9 -98.9 0.0
64.7 -1199.1 274.1 273.8 68.5 0.0
158.3 421.1 538.1 278.6 -147.0 0.0
207.1 -1229.6 228.4 -98.3 147.4 -239.0
277.1 -1005.3 538.1 -248.0 -95.0 0.0
71.5 -1197.5 274.1 274.4 62.8 0.0
165.2 417.4 538.1 277.0 -144.8 0.0
204.7 -1225.7 222.2 -96.1 154.9 -259.0
270.8 -1007.6 538.1 -248.9 -91.7 0.0
78.3 -1194.5 274.1 272.4 119.6 0.0
172.1 413.8 538.1 277.5 -143.8 0.0
202.9 -1221.8 215.2 -71.7 156.5 -288.7
263.7 -1009.1 538.1 -287.6 -62.7 0.0
85.0 -1190.4 274.1 268.7 165.3 0.0
179.1 410.3 538.1 277.9 -143.0 0.0
201.2 -1217.7 207.7 -69.5 164.1 -308.7
255.7 -1010.1 538.1 -316.1 -39.1 0.0
91.4 -1185.8 274.1 254.0 184.1 0.0
186.0 406.7 538.1 278.2 -142.3 0.0
199.5 -1213.4 199.8 -66.8 171.4 -328.7
248.2 -1010.8 538.1 -300.4 -27.1 0.0
97.3 -1181.0 282.1 237.7 193.6 0.0
193.0 403.2 538.1 276.6 -140.0 0.0
197.9 -1208.9 191.3 -64.1 178.6 -348.7
241.2 -1011.2 538.1 -283.5 -17.4 0.0
101.3 -1175.6 282.1 159.3 212.6 0.0
199.9 399.7 538.1 277.1 -139.0 0.0
196.9 -1204.4 184.1 -41.9 181.7 0.4
234.5 -1011.5 538.1 -265.6 -11.7 0.0
102.4 -1171.2 282.1 42.7 178.6 0.1
206.8 396.3 538.1 277.5 -138.2 0.0
196.6 -1198.7 184.1 -8.4 227.0 0.0
227.8 -1011.6 538.1 -270.0 -4.0 0.0
102.2 -1166.1 282.1 -8.9 202.7 0.0
213.7 392.9 538.1 275.5 -136.3 0.0
196.6 -1193.1 183.9 -0.9 224.7 -20.0
221.0 -1011.6 538.1 -269.0 1.6 0.0
100.8 -1160.5 282.1 -52.8 223.2 0.0
220.5 389.6 538.1 272.5 -132.0 0.0
196.8 -1187.5 183.1 6.5 222.4 -40.0
214.3 -1011.4 538.1 -268.4 6.5 0.0
98.3 -1154.6 282.1 -101.6 237.6 0.0
227.4 386.3 538.1 273.3 -130.0 0.0
197.5 -1182.2 181.4 30.3 214.3 -78.0
207.5 -1011.2 538.1 -272.4 9.5 0.0
94.7 -1148.3 282.1 -143.2 249.9 0.0
234.2 383.1 538.1 271.8 -127.2 0.0
198.5 -1176.9 179.2 37.8 212.0 -98.0
200.6 -1010.9 538.1 -274.7 12.0 0.0
90.4 -1141.9 282.1 -173.2 255.8 0.0
241.0 380.0 538.1 272.5 -125.6 0.0
199.6 -1171.7 176.5 43.5 208.0 -118.0
193.8 -1010.5 538.1 -274.5 14.0 0.0
85.9 -1135.8 282.1 -181.3 246.2 0.0
248.2 376.0 538.1 288.6 -162.2 0.0
200.8 -1166.6 173.3 49.3 204.0 -138.0
187.0 -1010.2 538.1 -271.8 15.2 0.0
80.9 -1129.8 282.1 -200.2 240.1 0.0
255.1 371.7 538.1 278.1 -170.0 0.0
202.6 -1161.7 169.2 72.8 195.6 -175.0
180.0 -1009.7 538.1 -279.6 19.6 0.0
75.7 -1124.1 282.1 -207.6 229.1 0.0
261.9 367.3 538.1 270.3 -177.9 0.0
204.6 -1156.9 164.6 78.5 191.6 -195.0
173.0 -1009.1 538.1 -279.3 22.4 0.0
70.3 -1118.6 282.1 -213.8 219.7 0.0
268.5 362.6 538.1 263.7 -184.5 0.0
206.7 -1152.1 159.4 86.3 189.8 -215.0
166.0 -1008.5 538.1 -278.9 24.8 0.0
64.8 -1113.3 282.1 -219.2 211.7 0.0
274.9 357.8 538.1 258.2 -192.6 0.0
209.1 -1147.4 153.8 94.0 188.0 -235.0
159.1 -1007.8 538.1 -278.6 26.8 0.0
59.5 -1108.0 288.8 -213.8 209.9 255.0
281.2 352.9 538.1 252.3 -198.0 0.0
211.6 -1142.8 152.1 101.7 186.1 0.3
151.9 -1007.0 538.1 -286.9 34.3 0.0
54.3 -1102.8 294.9 -208.5 208.0 235.0
287.4 347.8 538.1 247.4 -202.5 0.0
215.7 -1139.3 152.1 163.7 139.9 0.0
144.8 -1006.0 538.1 -285.9 39.0 0.0
49.2 -1097.7 300.5 -203.2 206.1 215.0
293.5 342.7 538.1 241.6 -204.7 0.0
221.2 -1136.2 152.1 217.1 123.4 0.0
137.6 -1004.9 538.1 -284.9 42.9 0.0
44.3 -1092.6 305.6 -197.8 204.3 195.0
299.4 337.5 538.1 237.8 -209.2 0.0
226.8 -1133.1 151.9 224.9 123.8 -20.0
130.5 -1003.7 538.1 -284.1 46.1 0.0
39.1 -1087.4 310.3 -205.4 205.4 175.0
305.2 332.2 538.1 232.4 -210.9 0.0
232.6 -1130.0 151.1 232.7 124.3 -40.0
123.4 -1002.4 538.1 -286.6 52.3 0.0
33.8 -1082.3 314.4 -213.2 206.6 155.0
311.0 326.9 538.1 229.2 -213.6 0.0
238.6 -1126.9 149.9 240.5 124.7 -60.0
116.2 -1001.0 538.1 -285.3 56.7 0.0
28.3 -1077.1 318.0 -221.1 207.8 135.0
316.6 321.5 538.1 224.9 -214.1 0.0
244.8 -1123.7 148.1 247.2 127.0 -80.0
109.1 -999.5 538.1 -284.2 60.4 0.0
22.5 -1071.8 321.1 -228.9 209.0 115.0
322.1 316.1 538.1 222.3 -217.2 0.0
251.1 -1120.5 145.9 253.8 129.3 -100.0
102.0 -997.9 538.1 -283.3 63.4 0.0
16.7 -1066.8 323.8 -232.1 202.3 95.0
327.6 310.6 538.1 218.0 -217.5 0.0
257.5 -1117.2 143.1 253.9 129.4 -120.0
97.5 -996.6 538.1 -182.2 54.0 0.0
10.9 -1061.9 325.9 -235.2 195.6 75.0
333.0 305.2 538.1 216.0 -219.3 0.0
263.8 -1114.0 139.9 253.9 129.4 -140.0
95.1 -995.4 538.1 -96.9 45.8 0.0
4.9 -1057.2 327.5 -238.3 188.9 55.0
338.3 299.7 538.1 212.5 -219.0 0.0
270.1 -1110.7 136.1 250.0 133.9 -160.0
94.5 -994.5 538.1 -24.5 38.9 0.0
-1.1 -1052.6 328.6 -241.4 182.3 35.0
343.6 294.2 538.1 210.6 -221.1 0.0
274.4 -1106.7 136.1 173.1 159.8 0.1
95.5 -993.8 538.1 41.5 26.2 0.0
-7.1 -1048.2 329.3 -238.7 176.3 15.0
348.7 288.6 538.1 207.1 -220.7 0.0
277.1 -1102.1 136.1 107.8 181.7 0.0
97.8 -993.4 538.1 90.5 17.5 0.0
-13.0 -1043.9 329.4 -236.2 170.9 -5.0
353.8 283.1 538.1 204.0 -220.0 0.0
279.7 -1097.5 135.9 103.9 186.3 -20.0
101.2 -993.0 538.1 138.8 13.6 0.0
-18.9 -1039.8 329.0 -233.8 165.6 -25.0
358.9 277.6 538.1 202.8 -221.0 0.0
282.1 -1092.7 135.1 96.5 189.0 -40.0
105.8 -992.8 538.1 181.0 10.7 0.0
-24.6 -1035.8 328.1 -231.4 160.3 -45.0
363.9 272.1 538.1 201.5 -222.3 0.0
284.3 -1087.9 133.9 89.2 191.6 -60.0
111.2 -992.6 538.1 216.2 8.4 0.0
-30.3 -1031.9 326.8 -227.8 155.5 -65.0
368.9 266.5 538.1 198.7 -221.3 0.0
286.4 -1083.1 132.1 81.8 194.3 -80.0
117.0 -992.4 538.1 234.5 6.3 0.0
-35.9 -1028.1 324.9 -224.2 150.8 -85.0
373.9 261.0 538.1 197.6 -222.4 0.0
288.3 -1078.2 129.9 74.5 196.9 -100.0
122.8 -992.3 538.1 229.4 4.9 0.0
-41.5 -1024.5 322.5 -220.6 146.0 -105.0
378.7 255.4 538.1 195.1 -221.1 0.0
289.9 -1073.2 127.1 66.7 198.1 -120.0
128.5 -992.2 538.1 229.4 3.6 0.0
-46.9 -1021.0 319.6 -217.0 141.2 -125.0
383.6 249.9 538.1 194.0 -222.1 0.0
291.4 -1068.2 123.9 58.8 199.4 -140.0
134.3 -992.1 538.1 231.9 2.4 0.0
-52.2 -1017.5 316.3 -212.7 136.5 -145.0
388.4 244.4 538.1 191.3 -221.1 0.0
292.7 -1063.2 120.1 51.0 200.6 -160.0
140.3 -992.1 538.1 242.0 1.1 0.0
-57.4 -1014.3 312.4 -208.0 131.4 -165.0
393.1 238.8 538.1 190.3 -222.0 0.0
293.7 -1058.2 115.9 43.1 201.8 -180.0
146.5 -992.1 538.1 247.0 0.1 0.0
-62.5 -1011.1 308.0 -203.2 126.2 -185.0
397.8 233.3 538.1 188.0 -220.6 0.0
294.6 -1053.1 111.1 35.2 202.1 -200.0
152.6 -992.1 538.1 244.4 -0.6 0.0
-67.4 -1008.1 303.1 -198.5 121.1 -205.0
402.5 227.7 538.1 186.6 -221.9 0.0
295.3 -1048.1 105.9 27.3 202.4 -220.0
158.7 -992.1 538.1 244.4 -1.2 0.0
-72.3 -1005.2 297.8 -193.7 116.4 -225.0
407.1 222.2 538.1 183.9 -220.9 0.0
295.8 -1043.0 104.1 19.3 202.7 0.2
165.2 -992.2 538.1 259.5 -2.3 0.0
-77.0 -1002.4 291.9 -189.1 112.0 -245.0
411.6 216.7 538.1 181.3 -219.7 0.0
294.2 -1038.6 104.1 -62.9 175.0 0.0
171.8 -992.3 538.1 264.6 -2.8 0.0
-81.6 -999.7 285.5 -184.5 107.5 -265.0
416.1 211.3 538.1 178.9 -218.4 0.0
292.4 -1034.3 103.9 -70.8 174.6 -20.0
178.4 -992.3 538.1 264.6 -3.3 0.0
-86.1 -997.1 282.1 -179.9 103.1 0.3
420.1 204.7 538.1 162.2 -264.3 0.0
290.5 -1029.9 103.1 -78.7 174.1 -40.0
185.0 -992.4 538.1 262.0 -3.6 0.0
-90.4 -993.2 282.1 -170.3 155.4 0.0
423.8 197.1 538.1 147.6 -301.3 0.0
288.3 -1025.6 101.9 -86.7 173.6 -60.0
191.9 -992.5 538.1 274.6 -4.3 0.0
-94.4 -988.3 282.1 -160.9 196.2 0.0
427.1 189.6 538.1 131.7 -302.8 0.0
285.9 -1021.2 100.1 -94.6 173.2 -80.0
198.8 -992.7 538.1 277.1 -4.7 0.0
-98.2 -982.5 282.1 -153.0 230.9 0.0
430.1 181.9 538.1 117.8 -305.3 0.0
283.4 -1017.0 97.9 -100.3 169.4 -100.0
205.7 -992.8 538.1 277.1 -4.9 0.0
-101.7 -976.6 282.1 -140.4 237.4 0.0
432.7 174.2 538.1 105.3 -308.1 0.0
280.8 -1012.9 95.1 -106.0 165.6 -120.0
212.6 -992.9 538.1 277.1 -5.0 0.0
-105.0 -970.0 282.1 -130.7 266.1 0.0
435.1 166.5 538.1 94.5 -309.3 0.0
278.0 -1008.8 91.9 -111.8 161.8 -140.0
219.8 -993.0 538.1 284.7 -5.3 0.0
-108.0 -963.2 282.1 -118.5 268.2 0.0
437.2 158.7 538.1 85.4 -310.2 0.0
275.1 -1004.9 88.1 -117.5 158.0 -160.0
226.9 -993.2 538.1 287.2 -5.4 0.0
-110.7 -956.5 282.1 -108.1 270.0 0.0
439.1 151.0 538.1 77.4 -311.3 0.0
271.9 -1001.0 83.9 -125.3 156.4 -180.0
234.1 -993.3 538.1 287.2 -5.6 0.0
-113.2 -949.7 282.1 -99.3 271.6 0.0
440.9 143.1 538.1 68.9 -313.7 0.0
268.6 -997.1 80.1 -133.0 154.8 0.2
241.3 -993.5 538.1 287.2 -5.7 0.0
-115.4 -942.8 282.1 -90.5 278.0 0.0
442.4 135.3 538.1 61.5 -314.3 0.0
263.8 -994.2 80.1 -190.8 115.4 0.0
248.6 -993.6 538.1 292.2 -6.0 0.0
-117.5 -935.8 282.1 -82.4 279.0 0.0
443.8 127.4 538.1 55.1 -314.8 0.0
257.8 -992.2 80.1 -239.9 81.9 0.0
256.0 -993.8 538.1 294.7 -6.1 0.0
-119.4 -928.8 282.1 -75.5 279.9 0.0
445.0 119.5 538.1 49.6 -315.1 0.0
251.8 -990.3 79.9 -242.0 75.1 -20.0
263.3 -993.9 538.1 294.7 -6.0 0.0
-121.1 -921.8 282.1 -69.7 280.7 0.0
446.1 111.6 538.1 43.6 -316.4 0.0
245.7 -988.6 79.1 -244.1 68.4 -40.0
270.7 -994.1 538.1 294.7 -6.1 0.0
-122.6 -915.4 282.1 -60.3 253.1 0.0
447.1 103.7 538.1 38.2 -316.7 0.0
239.5 -987.0 77.9 -246.3 61.7 -60.0
278.1 -994.2 538.1 297.3 -6.1 0.0
-124.0 -909.1 282.1 -54.2 253.6 0.0
447.9 95.8 538.1 33.7 -316.7 0.0
233.3 -985.6 76.1 -248.4 55.0 -80.0
285.6 -994.4 538.1 299.8 -6.2 0.0
-125.2 -902.7 282.1 -49.0 254.0 0.0
448.6 87.8 538.1 29.8 -316.9 0.0
227.3 -984.3 73.9 -241.9 52.8 -100.0
293.1 -994.5 538.1 299.8 -6.1 0.0
-126.3 -896.4 282.1 -44.6 254.3 0.0
449.3 79.8 544.8 25.3 -320.2 255.0
221.4 -983.1 72.1 -235.4 50.7 0.1
300.6 -994.7 538.1 299.8 -6.3 0.0
-127.3 -891.0 282.1 -37.9 216.2 0.0
449.8 71.7 550.9 20.7 -323.5 235.0
218.0 -982.5 72.1 -134.9 21.5 0.0
308.2 -994.8 538.1 302.3 -6.4 0.0
-128.1 -886.4 282.1 -32.2 183.8 0.0
450.2 63.6 556.5 16.2 -326.9 215.0
216.8 -982.6 72.1 -49.4 -3.3 0.0
315.7 -995.0 538.1 302.3 -6.5 0.0
-128.8 -882.1 282.1 -27.7 170.8 0.0
450.5 55.3 561.6 11.7 -330.2 195.0
217.6 -983.1 72.1 33.1 -20.1 0.0
323.3 -995.2 538.1 302.3 -6.6 0.0
-129.4 -877.8 282.1 -24.1 170.9 0.0
450.8 47.1 566.2 11.7 -330.2 175.0
219.8 -983.9 72.1 87.9 -30.1 0.0
330.9 -995.3 538.1 302.3 -6.5 0.0
-129.9 -874.2 282.1 -20.5 145.2 0.0
451.1 38.8 570.4 11.7 -330.2 155.0
223.3 -984.9 72.1 141.4 -43.1 0.0
338.5 -995.5 538.1 304.8 -6.5 0.0
-130.3 -871.1 282.1 -17.4 124.1 0.0
451.4 30.6 574.0 11.7 -330.2 135.0
228.0 -986.3 72.1 187.8 -54.4 0.0
346.1 -995.7 538.1 304.8 -6.8 0.0
-130.7 -868.0 282.1 -14.1 124.0 0.0
451.7 22.3 577.1 11.7 -330.2 115.0
233.8 -987.9 72.1 229.4 -63.1 0.0
353.7 -995.8 538.1 304.8 -7.0 0.0
-130.9 -864.9 282.1 -11.3 123.9 0.0
452.0 14.0 579.8 11.7 -330.2 95.0
240.4 -989.6 72.1 264.8 -70.4 0.0
361.3 -996.0 538.1 304.8 -7.2 0.0
-131.2 -862.3 282.1 -9.6 105.3 0.0
452.2 5.8 581.9 11.7 -330.2 75.0
247.3 -991.5 72.1 278.0 -72.6 0.0
369.0 -996.2 538.1 307.3 -7.1 0.0
-131.4 -859.8 282.1 -7.4 97.1 0.0
452.5 -2.5 583.5 11.7 -330.2 55.0
254.3 -993.2 80.1 278.2 -71.8 0.0
376.7 -996.4 538.1 307.3 -7.3 0.0
-131.5 -857.4 282.1 -4.7 96.8 0.0
452.8 -10.7 584.6 11.7 -330.2 35.0
260.4 -996.7 80.1 245.4 -139.9 0.0
384.4 -996.6 538.1 307.3 -7.5 0.0
-131.5 -855.0 282.1 -2.4 96.5 0.0
453.1 -19.0 585.2 11.7 -330.2 15.0
265.9 -1001.7 80.1 217.6 -197.7 0.0
392.1 -996.8 538.1 307.3 -7.5 0.0
-130.9 -854.4 282.1 23.9 22.8 0.0
453.4 -27.2 585.4 11.7 -330.2 -5.0
270.7 -1007.9 80.1 193.9 -246.9 0.0
399.8 -997.0 538.1 307.3 -7.7 0.0
-130.0 -855.6 282.1 38.9 -46.4 0.0
453.7 -35.5 585.0 11.7 -330.2 -25.0
275.1 -1015.1 88.1 173.8 -288.8 0.0
407.5 -997.2 538.1 309.8 -8.1 0.0
-128.6 -858.0 282.1 55.2 -93.7 0.0
454.0 -43.8 584.1 11.7 -330.2 -45.0
277.1 -1022.1 88.1 83.0 -279.4 0.0
415.2 -997.4 538.1 309.8 -8.3 0.0
-126.8 -861.4 282.1 72.8 -138.4 0.0
454.3 -52.0 582.8 11.7 -330.2 -65.0
277.3 -1028.9 96.1 5.9 -271.5 0.0
423.0 -997.6 538.1 309.8 -8.4 0.0
-123.4 -864.9 282.1 136.5 -140.8 0.0
454.6 -60.3 580.9 11.7 -330.2 -85.0
275.8 -1035.5 96.1 -59.7 -264.7 0.0
430.7 -997.8 538.1 309.8 -8.6 0.0
-118.6 -868.5 282.1 190.6 -142.8 0.0
454.9 -68.5 578.5 11.7 -330.2 -105.0
272.9 -1041.9 104.1 -115.4 -259.0 0.0
438.5 -998.0 538.1 309.8 -8.5 0.0
-112.7 -872.1 282.1 236.7 -144.5 0.0
455.2 -76.8 575.6 11.7 -330.2 -125.0
270.2 -1047.7 104.1 -108.6 -229.6 0.0
446.2 -998.2 538.1 309.8 -8.8 0.0
-105.8 -875.8 282.1 275.8 -146.0 0.0
455.5 -85.0 572.2 11.7 -330.2 -145.0
267.2 -1053.2 104.1 -118.4 -218.7 0.0
454.0 -998.4 538.1 309.8 -9.0 0.0
-98.7 -879.1 282.1 282.2 -134.8 0.0
455.7 -93.3 568.4 11.7 -330.2 -165.0
264.1 -1058.4 112.1 -126.8 -209.4 0.0
461.3 -998.8 538.1 293.0 -15.5 0.0
-91.6 -882.2 282.1 284.5 -124.6 0.0
456.0 -101.5 564.0 11.7 -330.2 -185.0
260.7 -1063.4 112.1 -133.9 -201.5 0.0
468.6 -999.4 538.1 290.8 -24.3 0.0
-84.4 -885.1 282.1 286.4 -115.9 0.0
456.3 -109.8 559.1 11.7 -330.2 -205.0
257.1 -1069.4 112.1 -146.0 -238.2 0.0
475.8 -1000.2 538.1 288.8 -31.8 0.0
-77.2 -887.9 282.1 288.1 -108.6 0.0
456.6 -118.1 553.8 11.7 -330.2 -225.0
253.3 -1075.8 120.1 -150.6 -257.5 0.0
483.0 -1001.2 538.1 287.1 -38.1 0.0
-70.1 -890.3 282.1 284.6 -97.4 0.0
456.9 -126.3 547.9 11.7 -330.2 -245.0
249.6 -1082.3 120.1 -147.4 -259.0 0.0
488.9 -1002.6 538.1 239.3 -57.1 0.0
-63.0 -892.5 282.1 285.8 -88.5 0.0
457.2 -134.6 541.5 11.7 -330.2 -265.0
246.0 -1088.8 120.1 -144.6 -260.4 0.0
493.9 -1004.4 538.1 198.5 -73.3 0.0
-55.8 -894.5 282.1 286.8 -80.9 0.0
457.5 -142.8 538.1 11.7 -330.2 0.3
244.9 -1094.4 128.1 -44.2 -223.8 0.0
496.9 -1006.6 538.1 -0.2 -87.0 0.0
-48.6 -896.4 282.1 287.6 -74.5 0.0
458.2 -150.3 538.1 29.8 -299.0 0.0
245.9 -1099.2 128.1 41.1 -192.8 0.0
496.7 -1009.0 538.1 -5.0 -96.7 0.0
-42.5 -898.0 282.1 244.5 -63.3 0.0
459.5 -157.2 538.1 50.1 -276.9 0.0
248.8 -1103.4 128.1 113.7 -166.4 0.0
496.5 -1011.2 538.1 -8.6 -87.7 0.0
-37.3 -899.3 282.1 207.8 -53.8 0.0
461.2 -163.7 538.1 67.4 -258.1 0.0
253.1 -1107.0 136.1 175.3 -144.0 0.0
496.1 -1013.4 538.1 -15.9 -84.9 0.0
-32.9 -900.5 282.1 176.6 -45.7 0.0
463.2 -169.7 538.1 82.0 -242.2 0.0
257.2 -1111.8 136.1 163.3 -192.8 0.0
495.6 -1015.4 538.1 -21.1 -81.1 0.0
-29.1 -901.4 282.1 150.1 -38.9 0.0
465.6 -175.4 538.1 94.2 -228.4 0.0
261.1 -1117.7 136.1 153.1 -234.2 0.0
495.0 -1017.3 538.1 -24.4 -76.1 0.0
-24.2 -901.6 282.1 199.4 -5.7 0.0
468.2 -180.9 538.1 104.7 -217.0 0.0
264.6 -1124.3 144.1 143.3 -264.0 0.0
494.5 -1018.8 538.1 -19.8 -61.8 0.0
-18.1 -901.0 282.1 243.3 22.8 0.0
471.0 -186.0 538.1 113.7 -207.3 0.0
267.9 -1130.9 144.1 130.4 -266.6 0.0
494.1 -1020.0 538.1 -15.3 -47.5 0.0
-11.1 -899.8 282.1 281.0 47.4 0.0
474.1 -191.0 538.1 121.4 -199.1 0.0
271.2 -1137.6 152.1 126.5 -258.6 255.0
493.9 -1020.9 538.1 -10.7 -33.3 0.0
-3.2 -898.1 282.1 313.1 68.5 0.0
477.3 -195.9 538.1 128.8 -193.6 0.0
274.3 -1144.1 158.2 126.5 -258.6 235.0
493.7 -1021.3 538.1 -6.1 -19.0 0.0
3.4 -896.7 282.1 266.1 58.2 0.0
480.6 -200.6 538.1 134.1 -188.0 0.0
277.5 -1150.5 163.9 126.5 -258.6 215.0
492.2 -1020.5 538.1 -59.0 33.9 0.0
9.7 -895.5 282.1 251.9 45.5 0.0
484.1 -205.1 538.1 138.6 -183.3 0.0
279.4 -1157.6 166.9 77.4 -283.3 111.4
489.6 -1018.8 538.1 -104.4 66.1 0.0
16.5 -894.8 282.1 272.5 29.4 0.0
487.7 -209.6 538.1 142.4 -179.3 0.0
281.2 -1164.8 169.4 70.8 -286.6 91.4
485.9 -1016.5 538.1 -146.9 95.0 0.0
23.6 -894.4 282.1 283.4 16.7 0.0
490.7 -213.4 538.1 121.1 -152.4 0.0
282.8 -1172.0 171.5 64.2 -289.8 71.4
481.4 -1013.5 538.1 -182.8 119.9 0.0
31.0 -894.3 282.1 295.0 1.9 0.0
493.3 -216.7 538.1 102.9 -129.5 0.0
284.2 -1179.3 173.0 57.5 -293.0 51.4
477.2 -1009.1 538.1 -165.2 173.1 0.0
38.3 -894.5 282.1 292.7 -7.9 0.0
495.5 -219.4 538.1 87.5 -110.1 0.0
285.5 -1186.7 176.1 49.4 -287.4 31.4
473.5 -1003.7 538.1 -149.8 215.7 0.0
45.6 -894.9 282.1 290.8 -16.2 0.0
496.9 -221.8 538.1 -0.1 -93.6 0.0
286.6 -1193.8 176.7 42.9 -283.5 11.4
470.1 -997.4 538.1 -136.5 251.4 0.0
52.8 -895.5 282.1 289.2 -23.3 0.0
496.9 -222.8 538.1 -0.0 -40.1 0.0
287.5 -1200.8 176.7 36.4 -279.5 -8.6
467.0 -990.9 538.1 -122.8 263.0 0.0
60.2 -896.4 282.1 296.8 -34.3 0.0
496.9 -222.4 538.1 -0.0 13.3 0.0
288.2 -1207.7 184.1 29.8 -275.6 0.0
465.8 -984.0 538.1 -46.8 276.4 0.0
67.6 -897.4 282.1 294.8 -41.3 0.0
496.9 -221.5 538.1 -0.0 38.4 0.0
287.2 -1212.6 184.1 -39.8 -194.7 0.0
466.3 -976.8 538.1 16.3 286.5 0.0
74.9 -898.6 282.1 293.1 -47.3 0.0
496.9 -219.9 538.1 -0.0 61.9 0.0
284.7 -1217.0 184.1 -103.0 -175.8 0.0
467.9 -969.5 538.1 67.7 292.9 0.0
82.2 -899.9 282.1 291.6 -52.3 0.0
496.9 -219.8 538.1 -0.0 5.7 0.0
280.7 -1221.0 192.1 -156.7 -159.7 0.0
470.6 -962.1 538.1 106.4 293.8 0.0
89.9 -901.5 282.1 308.2 -65.9 0.0
496.9 -220.8 538.1 -0.0 -41.2 0.0
275.7 -1224.6 192.1 -202.4 -146.1 0.0
473.2 -955.5 538.1 105.3 263.6 0.0
97.6 -903.3 282.1 306.1 -71.6 0.0
496.9 -222.5 538.1 -0.0 -67.4 0.0
269.6 -1228.0 192.1 -241.2 -134.5 0.0
475.8 -949.6 538.1 103.2 236.8 0.0
105.2 -905.2 282.1 304.4 -76.6 0.0
496.9 -224.8 538.1 -0.0 -93.6 0.0
262.7 -1231.5 192.1 -278.7 -142.0 0.0
478.7 -944.0 538.1 113.6 225.4 0.0
112.8 -907.3 282.1 302.9 -80.8 0.0
496.9 -227.3 537.9 -0.0 -97.7 -20.0
255.6 -1235.0 200.1 -284.4 -138.6 0.0
478.7 -939.7 538.1 -61.9 144.4 -0.0
119.2 -909.0 282.1 257.4 -68.6 0.0
496.9 -229.8 537.1 -0.0 -101.8 -40.0
248.4 -1238.3 200.1 -286.0 -134.4 0.0
478.6 -935.4 538.1 -2.5 170.6 0.0
124.7 -910.4 282.1 218.8 -58.3 0.0
496.9 -232.5 535.9 -0.0 -105.9 -60.0
241.2 -1241.6 200.1 -287.3 -130.9 0.0
478.6 -930.6 538.1 0.0 195.6 -0.0
129.3 -911.7 282.1 186.0 -49.6 0.0
496.9 -235.2 534.1 -0.0 -110.0 -80.0
236.5 -1245.1 200.1 -190.8 -138.3 0.0
478.6 -925.1 538.1 0.0 218.9 -0.0
133.3 -912.7 282.1 158.1 -42.2 0.0
496.9 -238.1 532.1 -0.0 -114.2 0.1
233.7 -1248.7 200.1 -108.8 -144.5 0.0
478.6 -919.1 538.1 0.0 240.1 -0.0
136.6 -913.6 282.1 134.4 -35.8 0.0
496.9 -241.6 532.1 -0.0 -139.1 0.0
232.8 -1252.4 208.1 -39.1 -149.9 0.0
478.6 -912.6 538.1 0.0 258.9 -0.0
139.5 -914.4 282.1 114.2 -30.5 0.0
496.9 -245.6 532.1 -0.0 -160.2 0.0
233.3 -1256.3 208.1 20.2 -154.4 0.0
478.6 -905.7 538.1 0.0 274.3 -0.0
141.9 -915.0 282.1 97.1 -25.9 0.0
496.9 -249.7 531.9 -0.0 -164.4 -20.0
235.2 -1260.1 208.1 75.9 -154.0 0.0
478.6 -898.6 538.1 0.0 287.8 -0.0
144.0 -915.6 282.1 82.5 -22.0 0.0
496.9 -253.8 531.1 -0.0 -164.4 -40.0
238.3 -1264.0 208.1 123.3 -153.7 0.0
478.6 -891.1 538.1 0.0 298.3 -0.0
145.8 -916.1 281.9 75.1 -20.6 -20.0
496.9 -257.9 529.9 -0.0 -164.4 -60.0
242.3 -1267.8 217.1 163.5 -153.4 0.0
478.6 -883.5 538.1 0.0 305.2 -0.0
147.5 -916.6 281.1 67.7 -19.3 -40.0
496.9 -262.0 528.1 -0.0 -164.4 -80.0
247.3 -1271.7 217.1 197.7 -153.1 0.0
478.6 -875.7 538.1 0.0 309.2 -0.0
149.0 -917.0 279.9 60.2 -17.9 -60.0
496.9 -266.1 525.9 -0.0 -164.4 -100.0
249.6 -1274.9 217.1 91.2 -131.3 0.0
478.6 -868.0 538.1 0.0 310.1 -0.0
150.4 -917.4 278.1 52.8 -16.6 -80.0
496.9 -270.2 523.1 -0.0 -164.4 -120.0
249.6 -1277.8 217.1 0.7 -112.8 0.0
151.5 -917.8 275.9 45.4 -15.2 -100.0
496.9 -274.3 519.9 -0.0 -164.4 -140.0
247.7 -1280.2 217.1 -76.2 -97.1 0.0
152.5 -918.2 273.1 38.0 -13.8 -120.0
496.9 -278.4 516.1 -0.0 -164.4 -160.0
244.1 -1282.3 217.1 -141.7 -83.7 0.0
153.2 -918.5 269.9 30.7 -12.5 -140.0
496.9 -282.6 511.9 -0.0 -164.4 -180.0
239.3 -1283.9 217.1 -195.0 -64.3 0.0
153.8 -918.8 266.1 23.3 -11.1 -160.0
496.9 -286.7 507.1 -0.0 -164.4 -200.0
233.3 -1285.1 217.1 -240.4 -47.7 0.0
154.3 -919.0 261.9 18.2 -10.2 -180.0
496.9 -290.8 501.9 -0.0 -164.4 -220.0
226.3 -1285.9 217.1 -279.0 -33.7 0.0
154.6 -919.2 257.1 13.0 -9.3 -200.0
496.9 -294.9 496.1 -0.0 -164.4 -240.0
218.7 -1286.5 217.1 -303.2 -22.5 0.0
154.8 -919.5 251.9 7.8 -8.4 -220.0
496.9 -299.0 489.9 -0.0 -164.4 -260.0
211.0 -1286.7 217.1 -306.1 -10.8 0.0
154.8 -919.6 246.1 2.7 -7.5 -240.0
496.9 -303.1 483.1 -0.0 -164.4 -280.0
203.4 -1286.8 217.1 -304.5 -1.5 0.0
154.8 -919.8 239.9 0.0 -7.0 -260.0
496.9 -307.2 475.9 -0.0 -164.4 -300.0
195.8 -1286.6 217.1 -303.2 6.3 0.0
154.8 -920.0 233.1 -2.6 -6.5 -280.0
496.9 -311.3 468.1 -0.0 -164.4 -320.0
188.3 -1286.3 217.1 -302.0 13.0 0.0
154.6 -920.1 225.9 -5.3 -6.0 -300.0
496.9 -315.4 459.9 -0.0 -164.4 -340.0
180.7 -1285.7 217.1 -302.4 24.3 0.0
154.4 -920.3 218.1 -7.9 -5.5 -320.0
495.8 -318.9 451.1 -68.1 -119.0 -362.1
173.2 -1284.9 217.1 -299.9 33.0 0.0
154.2 -920.4 209.9 -9.5 -5.2 -340.0
494.1 -321.8 441.8 -68.1 -119.0 -382.1
165.8 -1283.9 217.1 -297.8 40.4 0.0
153.9 -920.5 201.1 -11.0 -4.9 -360.0
492.4 -324.8 432.0 -14.6 -26.0 -377.9
158.4 -1282.7 217.1 -296.0 46.7 0.0
153.6 -920.6 191.9 -12.6 -4.7 -380.0
492.1 -325.5 422.3 -14.6 -26.0 -397.9
151.4 -1281.3 217.1 -279.4 57.1 0.0
153.3 -920.7 182.1 -14.1 -4.4 -400.0
491.7 -326.1 412.1 -14.6 -26.0 -417.9
144.6 -1279.5 217.1 -271.5 69.9 0.0
152.9 -920.9 171.9 -15.3 -4.2 -420.0
491.3 -326.8 401.4 -14.6 -26.0 -437.9
138.0 -1277.5 234.1 -264.7 80.7 0.0
152.5 -921.0 161.1 -16.4 -3.9 -440.0
491.0 -327.4 390.2 -14.6 -26.0 -457.9
131.5 -1275.3 234.1 -258.9 89.8 0.0
152.0 -921.0 149.9 -17.5 -3.7 -460.0
490.6 -328.1 378.5 -14.6 -26.0 -477.9
124.1 -1273.0 234.1 -297.4 91.2 0.0
151.6 -921.1 138.1 -18.6 -3.5 -480.0
490.2 -328.7 366.3 -14.6 -26.0 -497.9
116.5 -1270.8 234.1 -304.0 87.3 0.0
151.1 -921.2 125.9 -18.6 -3.5 -500.0
489.9 -329.4 353.6 -14.6 -26.0 -517.9
108.9 -1268.7 234.1 -304.8 83.1 0.0
150.6 -921.3 113.1 -18.6 -3.5 -520.0
489.5 -330.0 340.4 -14.6 -26.0 -537.9
101.2 -1266.7 234.1 -305.4 79.6 0.0
150.2 -921.4 99.9 -18.6 -3.5 -540.0
489.1 -330.7 326.7 -14.6 -26.0 -557.9
93.7 -1264.7 242.1 -291.2 79.2 255.0
149.7 -921.5 86.1 -18.6 -3.5 -560.0
488.8 -331.3 312.5 -14.6 -26.0 -577.9
86.6 -1262.7 248.2 -286.0 81.4 235.0
149.2 -921.6 71.9 -19.3 -3.3 -580.0
488.4 -332.0 297.8 -14.6 -26.0 -597.9
79.6 -1260.6 253.9 -280.8 83.5 215.0
148.7 -921.6 57.1 -20.0 -3.2 -600.0
488.0 -332.6 282.6 -14.6 -26.0 -617.9
72.7 -1258.4 259.0 -275.5 85.6 195.0
148.2 -921.7 41.9 -20.8 -3.0 -620.0
487.7 -333.3 282.1 -14.6 -26.0 0.6
66.0 -1256.3 263.6 -267.9 83.7 175.0
147.7 -921.8 40.1 -21.6 -2.9 0.6
486.1 -334.1 282.1 -63.9 -34.1 0.0
59.5 -1254.3 267.8 -260.3 81.8 155.0
149.5 -921.7 40.1 71.8 5.1 0.0
483.4 -335.3 282.1 -107.3 -48.1 0.0
53.2 -1252.3 271.4 -252.6 79.8 135.0
152.8 -921.4 40.1 133.4 10.4 0.0
479.7 -336.9 282.1 -147.9 -62.0 0.0
47.0 -1250.3 274.5 -245.0 77.9 115.0
157.5 -921.0 40.1 187.5 14.5 0.0
475.1 -338.7 282.1 -182.4 -73.8 0.0
41.1 -1248.5 277.1 -237.8 74.6 95.0
163.2 -920.6 40.1 229.1 17.8 0.0
469.9 -340.8 282.1 -207.9 -81.5 0.0
35.3 -1246.7 279.2 -230.6 71.3 75.0
169.7 -920.1 40.1 258.7 20.4 0.0
464.7 -342.8 282.1 -209.3 -80.8 0.0
29.7 -1245.0 280.9 -223.4 67.9 55.0
175.5 -919.6 40.1 233.6 18.5 0.0
459.5 -344.8 282.1 -209.6 -79.9 0.0
24.3 -1243.4 282.0 -216.2 64.6 35.0
181.6 -919.1 40.1 241.1 19.1 0.0
454.2 -346.8 282.1 -58.3 225.1 -6.0
19.1 -1241.8 282.6 -208.8 61.7 15.0
188.2 -918.6 40.1 266.2 21.6 0.0
451.7 -342.4 282.1 -102.5 173.0 0.0
15.1 -1240.4 282.8 0.2 58.8 -5.0
195.3 -918.0 40.1 283.8 23.1 0.0
448.2 -339.2 282.1 -140.1 128.8 0.0
15.3 -1239.0 282.4 7.6 55.9 -25.0
202.8 -917.4 40.1 298.8 24.7 0.0
443.9 -336.9 282.1 -172.1 91.1 0.0
15.7 -1237.7 281.5 15.0 53.0 -45.0
210.6 -916.8 40.1 311.3 26.2 0.0
438.9 -335.4 282.1 -199.3 59.1 0.0
16.2 -1236.4 280.1 22.3 49.8 -65.0
218.5 -916.1 40.1 316.3 26.8 0.0
433.0 -334.4 282.1 -234.8 40.4 0.0
17.0 -1235.2 278.2 29.5 46.6 -85.0
226.4 -915.4 40.1 316.3 26.8 0.0
426.4 -333.8 282.1 -265.0 24.5 0.0
17.9 -1234.2 275.9 36.8 43.5 -105.0
234.2 -914.7 40.1 313.8 26.5 0.0
419.6 -333.5 282.1 -269.7 14.2 0.0
19.0 -1233.1 273.0 44.1 40.3 -125.0
241.9 -914.1 40.1 306.3 25.7 0.0
412.9 -333.3 282.1 -268.5 6.1 0.0
20.3 -1232.2 269.6 51.1 36.6 -145.0
249.3 -913.5 40.1 298.8 25.0 0.0
409.1 -333.7 282.1 -151.8 -13.9 0.0
21.7 -1231.4 265.8 58.1 32.9 -165.0
256.9 -911.9 40.1 302.6 61.7 0.0
407.8 -334.4 282.1 -52.7 -31.0 0.0
23.4 -1230.7 261.4 65.2 29.2 -185.0
264.5 -910.4 39.9 302.6 61.7 -20.0
408.7 -335.5 282.1 36.6 -42.5 0.0
25.2 -1230.0 258.1 72.2 25.5 0.2
272.0 -908.9 39.1 302.6 61.7 -40.0
411.3 -336.8 282.1 103.2 -50.3 0.0
28.2 -1229.2 258.1 119.9 35.4 0.0
279.6 -907.3 37.9 302.6 61.7 -60.0
415.3 -337.9 282.1 161.4 -44.5 0.0
32.3 -1228.0 258.1 163.7 45.1 0.0
287.0 -905.7 36.1 295.4 64.8 -80.0
420.6 -338.9 282.1 210.9 -39.5 0.0
37.3 -1226.7 258.1 201.0 53.2 0.0
294.2 -904.0 33.9 288.1 68.0 -100.0
426.9 -339.7 282.1 252.9 -35.3 0.0
43.1 -1225.2 258.1 232.7 60.2 0.0
301.2 -902.2 32.1 280.8 71.2 0.1
434.2 -340.5 282.1 288.7 -31.8 0.0
49.4 -1223.6 258.1 251.7 63.4 0.0
305.4 -899.9 32.1 165.9 92.1 0.0
438.9 -341.8 282.1 189.0 -50.5 0.0
55.7 -1222.0 258.1 251.9 62.5 0.0
307.1 -897.8 32.1 67.5 83.0 0.0
441.5 -343.5 282.1 103.7 -66.8 0.0
62.0 -1220.5 258.1 252.1 61.8 0.0
306.6 -896.0 32.1 -16.2 75.2 0.0
442.3 -345.5 282.1 31.2 -80.7 0.0
68.3 -1219.0 258.1 252.2 61.2 0.0
306.1 -894.1 31.9 -23.6 75.6 -20.0
441.5 -347.8 282.1 -31.1 -90.6 0.0
73.7 -1217.7 258.1 214.4 52.0 0.0
305.3 -892.2 31.1 -30.9 76.1 -40.0
439.3 -350.1 282.1 -86.9 -93.3 0.0
78.2 -1216.6 266.1 182.2 44.2 0.0
304.4 -890.1 29.9 -35.4 81.7 -60.0
436.0 -352.5 282.1 -133.9 -96.1 0.0
82.1 -1215.6 266.1 154.9 37.6 0.0
303.4 -887.9 28.1 -39.9 87.3 -80.0
431.6 -355.0 282.1 -173.9 -98.6 0.0
85.4 -1214.8 266.1 131.7 31.9 0.0
302.3 -885.6 25.9 -44.4 92.9 -100.0
426.4 -357.5 282.1 -207.8 -100.6 0.0
87.6 -1212.8 266.1 87.8 79.8 0.0
301.1 -883.2 24.1 -48.9 98.5 0.1
420.3 -359.9 282.1 -243.0 -97.7 0.0
88.8 -1209.8 266.1 50.5 120.5 0.0
298.8 -879.7 24.1 -89.0 138.5 0.0
413.9 -362.2 282.1 -257.1 -92.4 0.0
89.3 -1205.9 266.1 18.8 155.2 0.0
295.8 -875.4 24.1 -123.0 172.5 0.0
407.5 -364.4 282.1 -258.3 -85.9 0.0
89.1 -1201.3 266.1 -8.1 184.6 0.0
292.0 -870.3 24.1 -151.9 201.5 0.0
401.0 -366.4 282.1 -259.3 -80.3 0.0
87.1 -1197.3 274.1 -81.8 160.0 0.0
287.6 -864.7 24.1 -176.5 226.0 0.0
393.7 -368.2 282.1 -289.3 -71.4 0.0
83.5 -1193.8 274.1 -144.4 139.0 0.0
283.0 -859.1 24.1 -180.5 224.6 0.0
386.5 -369.7 282.1 -289.7 -62.7 0.0
78.5 -1190.8 274.1 -197.7 121.3 0.0
278.5 -853.5 24.1 -182.9 222.3 0.0
379.2 -371.1 282.1 -290.1 -55.3 0.0
72.4 -1188.2 274.1 -242.9 106.1 0.0
273.8 -848.0 24.1 -185.0 220.3 0.0
372.0 -372.3 282.1 -290.3 -49.0 0.0
68.5 -1184.4 282.1 -158.7 149.6 0.0
269.2 -842.5 24.1 -186.8 218.7 0.0
364.1 -372.4 282.1 -316.5 -3.8 0.0
66.3 -1179.8 282.1 -87.2 186.6 0.0
264.2 -837.0 24.1 -198.4 220.8 0.0
355.6 -371.6 282.1 -338.7 34.8 0.0
65.6 -1174.3 282.1 -26.3 218.0 0.0
259.2 -831.6 24.1 -201.9 216.9 0.0
347.3 -370.2 282.1 -332.3 53.8 0.0
66.3 -1168.2 282.1 25.4 244.7 0.0
254.1 -826.3 24.1 -204.8 213.5 0.0
339.2 -368.5 282.1 -324.2 68.5 0.0
65.9 -1161.6 282.1 -13.1 262.1 0.0
248.9 -821.0 24.1 -207.3 210.7 0.0
332.3 -367.1 282.1 -275.6 58.2 0.0
64.8 -1154.7 282.1 -45.4 276.2 0.0
244.8 -814.6 24.1 -161.2 257.1 0.0
325.9 -366.0 282.1 -254.9 42.8 0.0
63.3 -1148.1 282.1 -59.4 267.2 0.0
241.8 -807.2 24.1 -122.0 296.4 0.0
319.7 -365.3 282.1 -249.4 25.7 0.0
61.5 -1141.6 282.1 -71.3 259.6 0.0
239.6 -798.9 24.1 -88.7 329.9 0.0
313.6 -365.1 282.1 -244.7 11.3 0.0
58.9 -1134.7 282.1 -106.2 272.8 0.0
238.0 -790.5 24.1 -64.7 335.8 0.0
306.9 -365.5 282.1 -266.8 -19.3 0.0
55.9 -1128.1 282.1 -118.8 264.4 0.0
238.1 -782.8 24.1 4.3 310.2 0.0
300.1 -366.5 282.1 -272.8 -39.1 0.0
52.7 -1121.7 282.1 -128.4 256.0 0.0
239.6 -775.6 24.1 62.9 288.4 0.0
293.4 -367.8 282.1 -267.2 -50.6 0.0
49.3 -1115.5 282.1 -136.5 248.9 0.0
242.5 -768.8 24.1 112.8 269.9 0.0
286.8 -369.3 282.1 -262.4 -60.3 0.0
44.9 -1109.1 282.1 -174.8 258.1 0.0
246.3 -762.5 24.1 155.1 254.2 0.0
280.0 -371.4 282.1 -272.2 -85.9 0.0
40.3 -1102.8 282.1 -185.5 248.7 0.0
249.3 -755.2 24.1 120.5 288.9 0.0
273.8 -373.6 282.1 -250.2 -86.1 0.0
35.5 -1096.9 282.1 -192.9 239.3 0.0
251.6 -747.4 24.1 92.0 312.7 0.0
267.7 -376.0 282.1 -244.0 -95.1 0.0
30.5 -1091.1 282.1 -199.2 231.4 0.0
253.4 -739.7 24.1 71.4 309.5 0.0
261.7 -378.5 282.1 -238.7 -102.7 0.0
24.3 -1085.8 282.1 -246.5 212.2 0.0
254.8 -732.0 24.1 53.9 306.7 0.0
255.5 -382.1 282.1 -250.7 -143.4 0.0
17.3 -1080.9 282.1 -282.1 194.9 0.0
255.7 -724.6 24.1 35.3 298.1 0.0
249.1 -386.4 282.1 -254.5 -170.4 0.0
10.1 -1076.5 282.1 -286.1 175.0 0.0
-992.0 192.0 293.0 0.0 0.0 0.0
256.1 -717.2 24.1 18.6 293.4 0.0
243.0 -390.8 282.1 -245.0 -178.5 0.0
2.9 -1072.6 282.1 -289.5 158.0 0.0
-992.0 192.0 286.8 0.0 0.0 -100.0
256.2 -710.0 24.1 4.5 289.4 0.0
237.0 -395.5 282.1 -236.9 -185.4 0.0
-4.0 -1068.8 282.1 -276.6 150.7 0.0
-992.0 192.0 284.0 0.0 0.0 -120.0
256.1 -702.8 24.1 -7.5 286.0 0.0
233.1 -400.8 282.1 -156.5 -212.8 0.0
-11.0 -1065.0 282.1 -276.7 150.4 0.0
-992.0 192.0 282.1 0.0 0.0 0.1
255.6 -696.0 24.1 -18.6 272.9 0.0
231.0 -406.8 282.1 -85.3 -238.7 0.0
-17.9 -1061.3 282.1 -276.9 150.2 0.0
-992.0 192.0 282.1 0.0 0.0 0.0
254.8 -689.3 24.1 -30.6 268.0 0.0
230.4 -413.3 282.1 -23.4 -262.9 0.0
-24.8 -1057.5 282.1 -277.0 150.0 0.0
-992.0 192.0 282.1 0.0 0.0 0.0
253.8 -682.7 24.1 -40.8 263.8 0.0
231.1 -420.4 282.1 29.6 -283.8 0.0
-31.8 -1053.8 282.1 -279.2 151.1 0.0
-992.0 192.0 282.1 0.0 0.0 0.0
252.6 -676.2 24.1 -49.4 260.2 0.0
233.4 -426.7 282.1 91.4 -249.9 0.0
-38.8 -1050.0 282.1 -279.2 151.1 0.0
-992.0 192.0 282.1 0.0 0.0 0.0
251.2 -670.1 24.1 -54.4 243.5 0.0
237.0 -432.2 282.1 143.9 -221.1 0.0
-45.7 -1046.2 282.1 -279.2 151.1 0.0
-990.5 191.0 282.1 59.0 -39.8 0.0
249.6 -664.2 24.1 -63.6 238.4 0.0
241.7 -437.1 282.1 188.5 -196.6 0.0
-52.7 -1042.4 282.1 -279.3 151.0 0.0
-987.9 189.2 282.1 106.0 -71.7 0.0
247.8 -658.3 24.1 -71.5 234.1 0.0
247.4 -441.5 282.1 226.4 -175.8 0.0
-59.2 -1038.5 282.1 -258.2 156.4 0.0
-984.2 186.7 282.1 148.0 -100.2 0.0
245.9 -652.6 24.1 -78.2 230.4 0.0
253.2 -446.9 282.1 233.0 -215.5 0.0
-65.3 -1034.4 282.1 -244.6 166.6 0.0
-979.7 183.7 282.1 179.6 -121.5 0.0
243.5 -646.7 24.1 -95.7 232.8 0.0
258.8 -452.6 282.1 224.3 -226.0 0.0
-71.1 -1030.0 282.1 -232.9 175.2 0.0
-975.0 180.5 282.1 187.9 -127.0 0.0
240.9 -641.1 24.1 -103.9 226.3 0.0
264.2 -458.3 282.1 215.0 -231.7 0.0
-76.7 -1025.4 282.1 -223.1 182.6 0.0
-969.7 176.9 282.1 212.9 -144.0 0.0
238.1 -635.6 24.1 -110.8 220.8 0.0
269.4 -464.3 282.1 207.1 -236.6 0.0
-80.2 -1020.0 282.1 -142.0 217.9 0.0
-963.8 172.9 282.1 233.7 -158.1 0.0
235.2 -630.2 24.1 -116.8 216.1 0.0
274.4 -470.4 282.1 199.3 -245.1 0.0
-82.1 -1013.8 282.1 -73.0 247.9 0.0
-957.6 168.7 282.1 250.6 -169.1 0.0
231.0 -624.8 24.1 -168.9 216.1 0.0
279.1 -476.6 282.1 191.2 -249.4 0.0
-82.4 -1006.9 282.1 -14.4 273.4 0.0
-951.0 164.3 282.1 261.2 -176.0 0.0
225.6 -619.4 24.1 -213.3 216.1 0.0
283.8 -483.0 282.1 184.3 -253.1 0.0
-81.5 -999.6 282.1 35.4 295.1 0.0
-944.4 159.9 282.1 263.4 -177.3 0.0
219.6 -614.1 24.1 -240.7 211.3 0.0
288.2 -489.4 282.1 178.4 -256.2 0.0
-82.1 -991.9 282.1 -23.7 306.6 0.0
-937.9 155.5 282.1 261.2 -176.0 0.0
213.5 -609.1 24.1 -246.4 199.1 0.0
292.3 -495.5 282.1 164.5 -246.8 0.0
-84.0 -984.0 282.1 -73.9 316.4 0.0
-931.6 151.3 282.1 250.7 -169.0 0.0
208.1 -602.9 24.1 -216.4 246.4 0.0
296.1 -501.4 282.1 151.5 -235.8 0.0
-86.8 -975.9 282.1 -113.2 321.3 0.0
-925.7 147.3 282.1 236.1 -159.2 0.0
203.3 -595.8 24.1 -190.9 286.6 0.0
299.8 -507.4 282.1 145.9 -238.3 0.0
-90.0 -968.3 282.1 -128.5 306.6 0.0
-920.3 143.6 282.1 217.2 -146.5 0.0
199.1 -588.4 24.1 -167.0 296.1 0.0
303.3 -513.4 282.1 141.0 -240.5 0.0
-93.9 -960.7 282.1 -155.4 302.1 0.0
-915.3 140.3 282.1 198.4 -133.9 0.0
195.5 -580.9 24.1 -146.1 298.0 0.0
306.7 -519.6 282.1 135.4 -249.0 0.0
-98.1 -953.5 282.1 -167.5 288.6 0.0
-910.6 137.1 282.1 190.1 -128.3 0.0
192.3 -573.1 24.1 -125.7 312.0 0.0
310.0 -526.3 282.1 133.9 -265.5 0.0
-102.5 -946.6 282.1 -177.8 277.1 0.0
-905.6 133.7 282.1 198.3 -134.0 0.0
189.6 -565.3 24.1 -108.0 312.4 0.0
313.3 -533.2 282.1 131.9 -276.7 0.0
-107.2 -939.9 282.1 -186.6 267.4 0.0
-900.5 130.3 282.1 204.7 -138.1 0.0
187.3 -557.5 24.1 -92.9 312.8 0.0
316.6 -540.3 282.1 129.9 -285.4 0.0
-112.2 -933.4 282.1 -198.5 259.5 0.0
-895.4 126.8 282.1 204.7 -138.1 0.0
185.3 -549.7 24.1 -80.2 313.1 0.0
319.5 -547.7 282.1 119.1 -294.3 0.0
-117.3 -927.1 282.1 -205.8 250.5 0.0
-890.4 123.4 282.1 200.4 -135.4 0.0
183.6 -541.7 24.1 -67.4 318.4 0.0
322.3 -555.1 282.1 108.9 -296.0 0.0
-122.6 -921.1 282.1 -212.0 242.9 0.0
-885.5 120.1 282.1 196.3 -132.5 0.0
182.2 -533.7 24.1 -56.7 318.3 0.0
324.8 -562.5 282.1 100.2 -297.5 0.0
-128.0 -915.2 282.1 -217.2 236.3 0.0
-880.8 116.9 282.1 188.0 -126.9 0.0
181.0 -525.8 24.1 -47.6 318.1 0.0
327.1 -570.0 282.1 92.9 -298.7 0.0
-133.5 -909.5 282.1 -218.3 225.9 0.0
-875.9 113.7 282.1 194.3 -131.0 0.0
180.0 -517.8 24.1 -39.8 318.0 0.0
327.2 -576.9 282.1 3.2 -277.6 0.0
-139.1 -904.0 282.1 -222.9 219.7 0.0
-870.8 110.2 282.1 204.8 -138.0 0.0
179.2 -509.9 24.1 -31.4 319.5 0.0
325.3 -583.4 282.1 -73.0 -259.7 0.0
-144.7 -898.7 282.1 -226.8 214.5 0.0
-865.5 106.6 282.1 213.2 -143.6 0.0
178.6 -501.9 24.1 -24.3 319.1 0.0
321.9 -589.5 282.1 -137.8 -244.4 0.0
-150.5 -893.4 282.1 -230.1 210.0 0.0
-859.9 102.9 282.1 221.6 -149.1 0.0
178.1 -493.9 24.1 -18.3 318.8 0.0
317.1 -595.3 282.1 -192.9 -231.4 0.0
-156.1 -888.5 282.1 -222.8 196.9 0.0
-854.2 99.1 282.1 227.9 -153.3 0.0
177.8 -485.9 24.1 -13.1 318.5 0.0
311.0 -600.4 282.1 -241.8 -202.9 0.0
-161.7 -883.7 282.1 -226.0 192.1 0.0
-848.4 95.1 282.1 234.0 -157.7 0.0
177.6 -478.0 24.1 -7.9 318.8 0.0
303.9 -604.8 282.1 -283.4 -178.7 0.0
-167.4 -879.0 282.1 -228.8 188.0 0.0
-842.5 91.1 282.1 236.1 -159.2 0.0
177.5 -470.0 24.1 -3.5 318.5 0.0
296.4 -608.8 282.1 -301.0 -156.7 0.0
-173.2 -874.4 282.1 -231.1 184.5 0.0
-836.6 87.2 282.1 236.0 -159.2 0.0
177.5 -462.1 24.1 0.3 318.2 0.0
288.9 -612.2 282.1 -302.5 -136.9 0.0
-178.8 -870.1 282.1 -221.9 172.7 0.0
-830.7 83.2 282.1 236.0 -159.3 0.0
177.6 -454.1 24.1 3.5 318.0 0.0
281.3 -615.2 282.1 -303.1 -121.6 0.0
-184.4 -865.8 282.1 -224.2 169.0 0.0
-824.8 79.2 282.1 233.8 -158.1 0.0
177.8 -446.2 24.1 7.2 318.1 0.0
273.7 -617.9 282.1 -304.6 -108.7 0.0
-190.0 -861.7 282.1 -226.2 165.9 0.0
-819.1 75.3 282.1 229.7 -155.2 0.0
178.1 -438.2 24.1 10.4 317.8 0.0
266.0 -620.4 282.1 -305.9 -97.8 0.0
-195.7 -857.6 282.1 -227.8 163.2 0.0
-813.5 71.6 282.1 223.5 -150.8 0.0
178.4 -430.3 24.1 13.1 317.6 0.0
258.3 -622.6 282.1 -306.9 -88.4 0.0
-201.2 -853.8 282.1 -217.9 152.3 0.0
-808.1 67.9 282.1 217.2 -146.6 0.0
178.8 -422.3 24.1 15.4 317.4 0.0
250.9 -624.5 282.1 -297.7 -76.3 0.0
-206.7 -850.1 282.1 -219.9 148.8 0.0
-802.8 64.4 282.1 211.0 -142.2 0.0
179.2 -414.4 24.1 18.4 317.4 0.0
243.8 -626.1 282.1 -285.3 -65.9 0.0
-212.2 -846.4 282.1 -221.5 145.9 0.0
-797.7 60.9 282.1 204.8 -138.0 0.0
179.8 -406.5 24.1 21.0 317.1 0.0
237.0 -627.6 282.1 -270.5 -56.8 0.0
-217.8 -842.8 282.1 -222.9 143.4 0.0
-792.8 57.6 282.1 196.4 -132.3 0.0
180.3 -398.6 24.1 23.1 316.9 0.0
230.7 -628.8 282.1 -250.7 -48.9 0.0
-222.9 -839.6 282.1 -206.6 129.7 0.0
-788.0 54.4 282.1 190.1 -128.2 0.0
181.0 -390.6 24.1 25.0 316.7 0.0
224.7 -631.5 282.1 -243.3 -109.4 0.0
-228.2 -836.5 282.1 -208.6 125.4 0.0
-783.3 51.2 282.1 188.0 -126.8 0.0
181.7 -382.7 24.1 27.7 316.6 0.0
218.7 -635.6 282.1 -237.8 -162.0 0.0
-233.4 -833.4 282.1 -210.3 121.7 0.0
-778.5 47.9 282.1 194.3 -131.1 0.0
182.4 -374.8 24.1 30.0 316.3 0.0
212.9 -640.7 282.1 -233.0 -206.7 0.0
-238.7 -830.5 282.1 -211.7 118.6 0.0
-773.5 44.6 282.1 198.5 -133.7 0.0
183.2 -366.9 24.1 31.9 316.1 0.0
207.3 -646.5 282.1 -223.1 -231.3 0.0
-245.1 -828.3 282.1 -256.4 84.6 0.0
-768.5 41.2 282.1 200.6 -135.2 0.0
184.0 -359.0 24.1 33.6 315.8 0.0
202.3 -652.5 282.1 -202.3 -240.0 0.0
-252.5 -827.0 282.1 -294.3 55.7 0.0
-763.4 37.8 282.1 202.6 -136.7 0.0
185.0 -351.2 24.1 38.2 313.9 0.0
197.7 -658.7 282.1 -184.1 -245.3 0.0
-260.6 -826.2 282.1 -326.0 31.3 0.0
-758.3 34.4 282.1 204.8 -138.0 0.0
186.1 -343.3 24.1 42.2 313.0 0.0
193.4 -664.9 282.1 -168.6 -249.9 0.0
-268.7 -825.7 282.1 -323.0 16.8 0.0
-753.2 30.9 282.1 204.8 -138.0 0.0
187.2 -335.5 24.1 45.7 312.3 0.0
189.5 -671.2 282.1 -155.4 -253.8 0.0
-276.7 -824.4 282.1 -320.8 53.4 0.0
-748.1 27.5 282.1 204.8 -138.0 0.0
188.4 -327.7 24.1 48.6 311.7 0.0
186.1 -677.4 282.1 -137.5 -247.6 0.0
-284.3 -822.6 282.1 -304.8 72.4 0.0
-742.9 24.0 282.1 204.9 -137.9 0.0
189.4 -323.1 24.1 38.4 185.6 0.0
183.0 -683.7 282.1 -123.6 -250.0 0.0
-291.6 -820.4 282.1 -291.1 88.6 0.0
-737.9 20.6 282.1 202.7 -136.5 0.0
190.1 -321.1 24.1 29.8 78.4 0.0
180.2 -690.0 282.1 -111.7 -252.0 0.0
-298.6 -817.8 282.1 -279.5 102.3 0.0
-732.8 17.2 282.1 202.8 -136.4 0.0
190.7 -321.5 24.1 21.6 -14.9 0.0
177.7 -696.3 282.1 -101.7 -253.7 0.0
-305.6 -814.0 282.1 -278.2 153.7 0.0
-727.8 13.8 282.1 200.6 -135.1 0.0
190.8 -323.7 24.1 6.4 -85.7 0.0
175.5 -702.1 282.1 -86.9 -232.1 0.0
-312.5 -809.1 282.1 -276.9 197.4 0.0
-722.8 10.4 282.1 200.7 -135.0 0.0
190.6 -327.4 24.1 -7.2 -149.1 0.0
173.6 -707.9 282.1 -74.8 -232.4 0.0
-319.0 -803.9 282.1 -259.7 207.8 0.0
-718.5 7.6 282.1 170.6 -114.7 0.0
190.2 -332.5 24.1 -18.5 -205.2 0.0
172.0 -713.8 282.1 -64.5 -232.7 0.0
-325.1 -798.4 282.1 -245.1 216.7 0.0
-714.9 5.1 282.1 145.0 -97.5 0.0
189.5 -338.8 24.1 -28.2 -252.8 0.0
170.6 -719.6 282.1 -55.8 -232.9 0.0
-329.8 -792.3 282.1 -188.1 245.9 0.0
-711.8 3.1 282.1 123.3 -82.9 0.0
188.6 -346.2 24.1 -36.4 -293.2 0.0
169.5 -724.5 282.1 -47.4 -198.0 0.0
-333.3 -785.5 282.1 -139.7 270.6 0.0
-709.2 1.3 282.1 104.8 -70.5 0.0
188.0 -354.1 24.1 -22.6 -317.5 0.0
168.4 -728.7 282.1 -40.3 -168.3 0.0
-335.8 -778.2 282.1 -98.5 291.7 0.0
-707.0 -0.2 282.1 89.1 -59.9 0.0
187.7 -362.0 24.1 -13.5 -316.4 0.0
167.6 -732.3 282.1 -34.3 -143.0 0.0
-337.5 -770.8 282.1 -68.2 295.5 0.0
-705.1 -1.5 282.1 75.7 -50.9 0.0
187.5 -369.9 24.1 -5.8 -315.5 0.0
166.9 -735.7 282.1 -26.4 -137.4 0.0
-338.8 -763.3 282.1 -51.7 303.2 0.0
-703.5 -2.5 282.1 63.3 -42.5 0.0
187.5 -377.8 24.1 0.8 -314.7 0.0
166.6 -739.2 282.1 -11.6 -137.3 0.0
-339.7 -755.7 282.1 -38.6 301.6 0.0
-702.2 -3.4 282.1 50.8 -34.2 0.0
187.7 -385.6 24.1 7.5 -314.6 0.0
166.6 -742.5 282.1 -1.7 -132.1 0.0
-340.4 -748.2 282.1 -27.6 300.3 0.0
-701.1 -4.2 282.1 45.6 -31.8 0.0
188.1 -393.5 24.1 13.1 -313.8 0.0
166.8 -745.7 282.1 6.7 -127.6 0.0
-340.9 -740.7 282.1 -18.1 299.1 0.0
-700.0 -5.0 282.1 44.9 -31.9 0.0
188.5 -401.3 24.1 17.8 -313.1 0.0
167.1 -748.8 282.1 13.9 -123.9 0.0
-341.0 -733.2 282.1 -7.4 300.5 0.0
-698.8 -5.8 282.1 44.1 -32.1 0.0
189.0 -409.1 24.1 21.8 -312.5 0.0
167.8 -751.8 282.1 27.6 -122.3 0.0
-341.0 -725.8 282.1 1.3 299.0 0.0
-697.8 -6.6 282.1 43.4 -32.2 0.0
189.7 -416.9 24.1 25.5 -309.7 0.0
168.7 -754.7 282.1 34.6 -115.9 0.0
-340.8 -718.3 282.1 8.6 297.7 0.0
-696.7 -7.4 282.1 42.7 -32.2 0.0
190.4 -424.6 24.1 28.9 -309.2 0.0
169.7 -757.5 282.1 40.5 -110.4 0.0
-340.4 -710.9 282.1 14.9 296.6 0.0
-695.6 -8.2 282.1 42.1 -32.3 0.0
191.2 -432.3 24.1 31.8 -308.7 0.0
170.8 -760.1 282.1 45.5 -105.7 0.0
-339.9 -703.5 282.1 22.8 295.0 0.0
-694.6 -9.0 282.1 41.4 -32.2 0.0
192.1 -440.0 24.1 34.3 -308.3 0.0
170.0 -762.8 282.1 -32.8 -108.1 0.0
-339.1 -696.2 282.1 29.5 293.4 0.0
-693.6 -9.8 282.1 40.8 -32.2 0.0
193.0 -447.7 24.1 36.5 -305.6 0.0
167.5 -765.6 282.1 -99.3 -110.1 0.0
-338.2 -688.9 282.1 35.2 292.0 0.0
-692.6 -10.6 282.1 40.2 -32.1 0.0
193.9 -455.3 24.1 38.7 -305.2 0.0
163.6 -768.4 282.1 -155.8 -111.8 0.0
-337.2 -681.6 282.1 40.1 290.9 0.0
-691.6 -11.4 282.1 39.7 -32.0 0.0
195.0 -462.9 24.1 40.6 -304.9 0.0
158.5 -771.2 282.1 -203.8 -113.2 0.0
-336.1 -674.4 282.1 46.6 288.6 0.0
-690.6 -12.2 282.1 39.2 -31.8 0.0
196.0 -470.5 24.1 42.2 -304.6 0.0
152.4 -773.9 282.1 -243.1 -106.5 0.0
-334.8 -667.2 282.1 52.2 286.9 0.0
-689.6 -13.0 282.1 38.7 -31.6 0.0
197.1 -478.1 24.1 43.9 -304.4 0.0
145.7 -776.4 282.1 -270.6 -99.9 0.0
-333.3 -660.1 282.1 56.9 285.5 0.0
-688.7 -13.8 282.1 38.2 -31.4 0.0
198.2 -485.7 24.1 45.3 -304.2 0.0
138.9 -778.6 282.1 -271.9 -91.1 0.0
-331.8 -653.0 282.1 60.9 284.3 0.0
-687.7 -14.6 282.1 37.7 -31.1 0.0
199.4 -493.3 24.1 46.5 -303.9 0.0
132.1 -780.7 282.1 -273.0 -83.6 0.0
-330.1 -646.0 282.1 67.0 277.9 0.0
-686.8 -15.3 282.1 37.3 -30.8 0.0
200.6 -500.9 24.1 47.6 -303.8 0.0
125.7 -782.5 282.1 -256.3 -72.2 0.0
-328.3 -639.2 282.1 73.3 275.3 0.0
-685.9 -16.1 281.9 38.4 -31.8 -20.0
201.8 -508.5 24.1 48.4 -301.1 0.0
119.2 -784.1 282.1 -256.8 -63.3 0.0
-326.3 -632.3 282.1 78.6 273.0 0.0
-685.0 -16.8 281.1 33.3 -27.6 -40.0
203.0 -516.0 24.1 49.4 -300.9 0.0
112.8 -785.5 282.1 -257.1 -55.7 0.0
-324.3 -625.6 282.1 83.2 271.1 0.0
-684.3 -17.4 279.9 27.7 -23.0 -60.0
204.3 -523.5 24.1 50.3 -300.7 0.0
106.4 -786.7 282.1 -257.4 -49.2 0.0
-322.3 -619.5 282.1 80.8 243.5 0.0
-683.8 -17.8 278.1 21.7 -18.1 -80.0
205.6 -531.0 24.1 51.1 -300.6 0.0
101.4 -789.5 282.1 -200.1 -110.5 0.0
-320.0 -613.6 282.1 90.9 235.6 0.0
-683.4 -18.2 275.9 15.6 -13.1 -100.0
206.9 -538.5 24.1 51.9 -300.5 0.0
97.6 -793.6 282.1 -151.4 -162.6 0.0
-317.5 -607.9 282.1 99.5 228.9 0.0
-683.1 -18.4 273.1 12.6 -10.7 -120.0
208.2 -546.0 24.1 52.7 -300.3 0.0
94.8 -798.7 282.1 -109.9 -206.9 0.0
-314.8 -602.3 282.1 106.8 223.3 0.0
-682.8 -18.6 269.9 9.7 -8.2 -140.0
209.5 -553.5 24.1 53.3 -300.2 0.0
93.0 -804.8 282.1 -74.7 -244.5 0.0
-312.0 -597.0 282.1 113.5 211.9 0.0
-682.7 -18.8 266.1 7.0 -5.9 -160.0
210.9 -561.1 24.1 53.8 -300.1 0.0
92.1 -811.8 282.1 -33.0 -277.7 0.0
-309.0 -591.9 282.1 121.1 204.2 0.0
-682.6 -18.9 261.9 4.4 -3.8 -180.0
212.2 -568.5 24.1 54.4 -297.5 0.0
92.2 -819.4 282.1 2.5 -305.9 0.0
-305.8 -586.9 282.1 127.5 197.6 0.0
-682.5 -19.0 257.1 3.4 -3.0 -200.0
213.6 -575.9 24.1 55.2 -297.3 0.0
92.9 -827.4 282.1 28.5 -320.3 0.0
-302.4 -582.1 282.1 133.0 192.0 0.0
-682.4 -19.0 251.9 2.5 -2.3 -220.0
215.0 -583.4 24.1 56.0 -297.2 0.0
94.0 -835.3 282.1 42.6 -314.2 0.0
-298.9 -577.4 282.1 141.9 189.0 0.0
-682.4 -19.1 246.1 1.5 -1.4 -240.0
216.4 -590.8 24.1 56.6 -297.0 0.0
95.7 -843.4 282.1 70.5 -326.1 0.0
-295.2 -572.8 282.1 146.5 183.9 0.0
-682.4 -19.1 239.9 0.4 -0.5 -260.0
217.8 -598.1 24.1 57.2 -294.4 0.0
97.8 -851.4 282.1 83.0 -317.9 0.0
-291.5 -568.3 282.1 150.4 179.5 0.0
-682.4 -19.1 233.1 -0.3 0.0 -280.0
219.3 -605.5 24.1 58.1 -294.2 0.0
100.2 -859.2 282.1 94.1 -311.7 0.0
-287.6 -563.9 282.1 153.8 175.8 0.0
-682.4 -19.1 225.9 -1.0 0.6 -300.0
220.8 -612.8 24.1 58.8 -294.0 0.0
102.8 -866.8 282.1 103.5 -306.3 0.0
-283.6 -559.6 282.1 160.1 173.9 0.0
-682.4 -19.0 218.1 -1.7 1.2 -320.0
222.3 -620.2 24.1 59.5 -293.9 0.0
105.9 -872.0 282.1 125.5 -205.1 0.0
-279.6 -555.3 282.1 163.1 170.3 0.0
-682.5 -19.0 209.9 -2.3 1.8 -340.0
223.0 -624.8 24.1 30.4 -186.2 0.0
109.4 -875.1 282.1 141.2 -123.2 0.0
-275.4 -551.1 282.1 165.7 167.3 0.0
-682.6 -18.9 201.1 -2.7 2.1 -360.0
223.2 -627.4 24.1 7.9 -101.8 0.0
113.3 -876.4 282.1 153.1 -55.6 0.0
-271.2 -547.0 282.1 167.8 164.7 0.0
-682.6 -18.9 191.9 -3.1 2.4 -380.0
222.9 -628.1 24.1 -12.0 -27.7 0.0
117.3 -876.4 282.1 163.2 1.8 0.0
-266.9 -543.0 282.1 170.8 162.0 0.0
-682.7 -18.8 182.1 -3.4 2.6 -400.0
222.2 -626.8 24.1 -26.7 51.5 0.0
118.8 -876.6 282.1 60.2 -10.1 0.0
-262.6 -539.0 282.1 172.8 159.4 0.0
-682.8 -18.7 171.9 -3.7 2.8 -420.0
223.4 -625.8 24.1 44.4 41.1 0.0
118.0 -877.1 282.1 -33.1 -19.2 0.0
-258.3 -535.1 282.1 174.6 157.1 0.0
-682.9 -18.7 161.1 -3.9 3.0 -440.0
226.0 -624.9 24.1 103.9 34.0 0.0
115.5 -877.7 282.1 -98.6 -23.3 0.0
-253.9 -531.2 282.1 176.1 155.2 0.0
-683.0 -18.6 149.9 -4.2 3.2 -460.0
230.0 -624.1 24.1 163.8 32.6 0.0
111.5 -878.5 282.1 -162.4 -31.5 0.0
-249.4 -527.3 282.1 178.5 152.9 0.0
-683.1 -18.5 138.1 -4.5 3.4 -480.0
235.5 -623.3 24.1 217.9 31.6 0.0
106.1 -879.4 282.1 -216.6 -37.6 0.0
-244.9 -523.6 282.1 180.2 150.7 0.0
-683.2 -18.4 125.9 -4.8 3.7 -500.0
242.1 -622.7 24.1 264.5 22.6 0.0
99.5 -880.5 282.1 -262.7 -42.9 0.0
-240.4 -519.9 282.1 181.6 148.7 0.0
-683.4 -18.3 113.1 -5.0 3.8 -520.0
249.7 -622.4 24.1 304.0 13.9 0.0
92.0 -881.7 282.1 -237.5 -39.7 26.2
-235.8 -516.2 282.1 182.8 147.1 0.0
-683.5 -18.2 99.9 -5.2 4.0 -540.0
257.6 -622.2 24.1 316.2 7.9 0.0
85.8 -882.7 282.5 -245.3 -40.8 6.2
-231.1 -512.5 282.1 187.2 146.2 0.0
-683.6 -18.1 86.1 -5.4 4.1 -560.0
265.5 -622.1 24.1 315.9 3.6 0.0
79.5 -883.8 282.4 -253.3 -41.8 -13.8
-226.4 -508.9 282.1 188.7 144.0 0.0
-683.8 -18.0 71.9 -5.6 4.3 -580.0
272.1 -624.0 24.1 263.1 -76.2 0.0
73.0 -884.8 282.1 -261.2 -42.9 0.0
-221.6 -505.4 282.1 190.0 142.0 0.0
-683.9 -17.9 57.1 -5.7 4.4 -600.0
277.6 -627.6 24.1 218.8 -144.0 0.0
65.4 -886.0 282.1 -301.3 -46.9 0.0
-216.9 -501.9 282.1 191.1 140.4 0.0
-684.1 -17.8 41.9 -5.9 4.5 -620.0
282.1 -632.6 24.1 181.0 -199.7 0.0
57.5 -887.2 282.1 -316.5 -47.8 0.0
-211.6 -498.3 282.1 212.3 144.4 0.0
-684.2 -17.7 26.1 -6.0 4.6 -640.0
285.8 -638.7 24.1 149.5 -242.7 0.0
49.7 -888.3 282.1 -314.3 -45.8 0.0
-206.2 -494.8 282.1 214.5 139.9 0.0
-684.4 -17.5 24.1 -6.0 4.6 0.7
288.7 -645.3 24.1 115.0 -266.2 0.0
41.9 -889.4 282.1 -309.4 -44.0 0.0
-200.8 -491.4 282.1 216.5 136.0 0.0
-682.4 -17.5 24.1 78.7 2.5 0.0
290.9 -652.0 24.1 89.6 -265.6 0.0
34.2 -890.5 282.1 -309.5 -42.9 0.0
-195.3 -488.0 282.1 218.1 132.8 0.0
-678.8 -17.4 24.1 142.4 4.4 0.0
292.5 -659.2 24.1 63.5 -288.0 0.0
26.4 -891.6 282.1 -309.6 -42.0 0.0
-191.5 -484.0 282.1 153.2 160.3 0.0
-673.8 -17.2 24.1 199.8 5.8 0.0
293.5 -666.9 24.1 40.4 -309.6 0.0
18.7 -892.6 282.1 -309.9 -40.5 0.0
-189.0 -479.4 282.1 98.1 183.7 0.0
-667.6 -17.1 24.1 249.1 7.0 0.0
293.8 -675.3 24.1 10.6 -335.1 0.0
10.9 -893.6 282.1 -310.1 -39.2 0.0
-187.8 -474.4 282.1 51.2 203.6 0.0
-660.3 -16.9 24.1 291.1 7.8 0.0
293.6 -683.6 24.1 -6.1 -331.7 0.0
3.2 -894.5 282.1 -310.2 -38.1 0.0
-187.5 -468.8 282.1 11.4 220.5 0.0
-652.4 -16.7 24.1 317.4 8.2 0.0
293.2 -691.6 24.1 -17.9 -322.1 0.0
-4.6 -895.4 282.1 -310.3 -37.2 0.0
-188.4 -462.9 282.1 -38.0 236.0 0.0
-644.6 -16.5 24.1 312.3 7.8 0.0
292.5 -699.3 24.1 -26.0 -306.8 0.0
-12.3 -896.3 282.1 -311.2 -33.8 0.0
-190.4 -456.7 282.1 -80.0 249.1 0.0
-637.0 -16.3 24.1 302.3 7.5 0.0
291.8 -706.3 24.1 -30.6 -280.5 0.0
-20.1 -897.1 282.1 -311.3 -30.9 0.0
-193.3 -450.2 282.1 -115.7 260.2 0.0
-629.7 -16.1 24.1 292.2 7.1 0.0
290.9 -712.9 24.1 -36.0 -261.6 0.0
-27.9 -897.8 282.1 -311.5 -28.5 0.0
-196.6 -443.9 282.1 -130.2 253.6 0.0
-622.8 -15.9 24.1 277.1 6.6 0.0
289.8 -719.1 24.1 -41.7 -248.1 0.0
-35.7 -898.4 282.1 -311.6 -26.4 0.0
-199.3 -438.5 282.1 -110.6 215.6 0.0
-616.4 -15.8 24.1 256.9 6.1 0.0
288.6 -725.1 24.1 -48.2 -240.1 0.0
-43.8 -897.9 282.1 -323.8 19.7 0.0
-201.7 -433.9 282.1 -94.0 183.2 0.0
-610.5 -15.6 24.1 236.8 5.5 0.0
287.2 -730.8 24.1 -56.1 -231.3 0.0
-51.8 -896.7 282.1 -320.9 49.4 0.0
-204.0 -429.8 282.1 -90.5 163.8 0.0
-604.5 -15.5 24.1 236.8 5.4 0.0
285.6 -736.5 24.1 -64.8 -226.8 0.0
-59.5 -895.0 282.1 -308.1 67.3 0.0
-206.4 -425.9 282.1 -97.4 154.8 0.0
-598.1 -15.4 24.1 256.9 6.0 0.0
283.7 -742.4 24.1 -78.1 -233.6 0.0
-67.0 -893.0 282.1 -297.2 82.4 0.0
-208.9 -422.4 282.1 -101.6 141.6 0.0
-591.3 -15.2 24.1 274.6 6.3 0.0
281.4 -748.4 24.1 -91.6 -243.4 0.0
-73.3 -891.2 282.1 -253.4 70.8 0.0
-211.6 -419.1 282.1 -107.1 131.4 0.0
-584.0 -15.0 24.1 289.7 6.8 0.0
278.9 -754.3 24.1 -99.2 -236.2 0.0
-79.3 -889.1 282.1 -239.7 84.5 0.0
-214.4 -416.0 282.1 -111.7 122.7 0.0
-576.2 -13.9 24.1 311.8 47.0 0.0
276.0 -760.4 24.1 -115.5 -243.4 0.0
-85.0 -886.7 282.1 -228.1 96.1 0.0
-217.3 -413.2 282.1 -115.6 115.3 0.0
-568.4 -12.1 24.1 312.6 69.4 0.0
272.7 -766.7 24.1 -130.4 -251.0 0.0
-90.4 -884.0 282.1 -218.2 106.0 0.0
-219.9 -410.6 282.1 -105.6 100.6 0.0
-561.1 -10.2 24.1 293.9 76.6 0.0
269.2 -773.1 24.1 -141.3 -255.5 0.0
-95.1 -881.8 282.1 -185.5 90.1 0.0
-222.6 -408.3 282.1 -108.6 92.4 0.0
-554.2 -8.2 24.1 273.9 80.2 0.0
265.7 -778.9 24.1 -140.2 -232.3 0.0
-99.0 -879.9 282.1 -157.6 76.6 0.0
-225.4 -406.2 282.1 -111.1 85.3 0.0
-548.7 -4.6 24.1 221.9 144.9 0.0
261.8 -784.6 24.1 -157.2 -226.4 0.0
-102.5 -878.0 282.1 -141.2 75.0 0.0
-228.3 -404.2 282.1 -113.3 79.3 0.0
-544.2 0.4 24.1 177.9 198.0 0.0
257.5 -790.0 24.1 -169.0 -219.2 0.0
-105.9 -876.0 282.1 -132.6 81.1 0.0
-230.7 -402.5 282.1 -96.3 67.4 0.0
-540.7 6.4 24.1 141.0 240.0 0.0
253.1 -795.4 24.1 -179.6 -213.5 0.0
-108.9 -873.7 282.1 -122.4 88.2 0.0
-233.1 -401.0 282.1 -96.0 60.1 0.0
-537.9 13.2 24.1 110.0 271.3 0.0
249.4 -801.7 24.1 -147.0 -253.1 0.0
-111.7 -871.4 282.1 -112.9 92.9 0.0
-235.5 -399.7 282.1 -97.2 54.2 0.0
-535.8 19.6 24.1 85.4 258.6 0.0
246.4 -808.9 24.1 -119.4 -287.4 0.0
-114.4 -869.0 282.1 -104.9 96.9 0.0
-237.9 -398.4 282.1 -98.2 49.1 0.0
-535.1 26.5 24.1 -0.1 274.1 0.0
244.0 -816.5 24.1 -96.5 -303.8 0.0
-116.8 -866.5 282.1 -98.1 100.3 0.0
-239.7 -395.5 282.1 -70.6 118.8 0.0
-535.4 33.3 24.1 -12.2 274.6 0.0
242.0 -824.2 24.1 -78.2 -306.9 0.0
-117.1 -864.9 282.1 -10.2 64.2 0.0
-240.9 -391.0 282.1 -47.2 178.0 0.0
-536.1 40.5 24.1 -25.8 286.5 0.0
242.1 -831.5 24.1 2.5 -294.8 0.0
-115.5 -864.2 282.1 64.2 28.5 0.0
-241.6 -385.3 282.1 -27.2 228.4 0.0
-537.2 48.1 24.1 -45.6 304.1 0.0
243.8 -838.6 24.1 69.4 -283.6 0.0
-112.4 -864.1 282.1 122.5 1.6 0.0
-241.8 -378.5 282.1 -10.3 271.2 0.0
-538.6 55.6 24.1 -55.2 300.4 0.0
246.9 -845.5 24.1 123.9 -273.3 0.0
-108.0 -864.6 282.1 176.1 -19.5 0.0
-242.1 -371.2 282.1 -11.0 292.1 0.0
-540.2 63.0 24.1 -63.2 297.2 0.0
251.1 -852.0 24.1 167.3 -263.2 0.0
-102.5 -865.6 282.1 219.0 -39.8 0.0
-242.4 -363.9 282.1 -11.0 292.1 0.0
-541.9 70.4 24.1 -70.2 294.5 0.0
254.7 -857.6 24.1 142.3 -224.3 0.0
-96.1 -867.0 282.1 255.4 -57.0 0.0
-242.7 -356.6 282.1 -11.0 292.1 0.0
-544.1 78.0 24.1 -85.4 305.1 0.0
257.7 -862.4 24.1 120.9 -190.6 0.0
-89.0 -868.8 282.1 284.5 -71.0 0.0
-242.9 -349.3 282.1 -10.9 292.1 0.0
-546.4 85.7 24.1 -94.7 306.3 0.0
260.3 -866.5 24.1 102.8 -162.1 0.0
-82.0 -870.7 282.1 283.4 -74.3 0.0
-243.2 -342.2 282.1 -10.7 287.0 0.0
-549.0 93.3 24.1 -101.0 303.5 0.0
262.4 -869.9 24.1 87.4 -137.7 0.0
-74.7 -872.7 282.1 289.7 -81.6 0.0
-243.5 -335.0 282.1 -10.6 287.0 0.0
-551.6 100.8 24.1 -106.1 300.9 0.0
264.0 -870.9 24.1 61.6 -41.3 0.0
-67.5 -874.8 282.1 288.3 -85.2 0.0
-243.7 -327.8 282.1 -10.6 287.1 0.0
-554.5 108.3 24.1 -116.1 300.0 0.0
264.9 -870.0 24.1 37.1 39.1 0.0
-60.3 -877.1 282.1 287.2 -88.3 0.0
-244.0 -320.6 282.1 -10.5 287.1 0.0
-557.6 115.7 24.1 -122.4 296.0 0.0
265.3 -867.6 24.1 15.7 94.1 0.0
-53.2 -879.3 282.1 286.2 -90.9 0.0
-244.2 -313.6 282.1 -10.4 279.5 0.0
-560.8 123.0 24.1 -127.8 292.8 0.0
265.4 -864.2 24.1 3.5 137.7 0.0
-46.0 -881.7 282.1 285.4 -95.7 0.0
-244.5 -306.6 282.1 -10.5 279.5 0.0
-564.1 130.3 24.1 -132.8 290.2 0.0
265.1 -859.9 24.1 -12.5 171.6 0.0
-38.9 -884.2 282.1 283.8 -99.4 0.0
-244.8 -299.7 282.1 -10.6 279.5 0.0
-567.9 137.5 24.1 -151.7 288.6 0.0
264.4 -854.7 24.1 -27.8 207.8 0.0
-31.9 -886.8 282.1 282.4 -102.6 0.0
-245.0 -292.7 282.1 -10.7 279.5 0.0
-571.9 144.5 24.1 -160.7 280.0 0.0
263.3 -848.6 24.1 -42.6 244.6 0.0
-24.8 -889.4 282.1 281.3 -105.2 0.0
-245.3 -285.8 282.1 -10.5 274.4 0.0
-576.1 151.3 24.1 -168.5 272.8 0.0
261.9 -841.5 24.1 -56.6 280.7 0.0
-18.1 -892.1 282.1 269.1 -109.4 0.0
-245.6 -279.0 282.1 -10.4 274.4 0.0
-580.5 158.0 24.1 -175.6 266.7 0.0
259.9 -834.2 24.1 -78.5 293.5 0.0
-11.5 -895.1 282.1 264.3 -116.5 0.0
-245.8 -272.1 282.1 -10.4 274.4 0.0
-584.9 164.3 24.1 -177.4 253.0 0.0
257.5 -826.7 24.1 -95.4 301.4 0.0
-5.0 -898.1 282.1 260.3 -122.7 0.0
-246.1 -265.2 282.1 -10.3 274.5 0.0
-589.5 170.5 24.1 -183.7 246.0 0.0
254.9 -819.1 24.1 -107.0 303.4 0.0
1.4 -901.3 282.1 256.8 -127.8 0.0
-246.3 -258.6 282.1 -10.1 266.9 0.0
-594.3 176.5 24.1 -189.4 240.2 0.0
252.0 -811.6 24.1 -114.2 299.8 0.0
8.1 -903.2 282.1 266.6 -76.6 0.0
-246.6 -251.9 282.1 -10.2 266.9 0.0
-599.1 182.3 24.1 -194.4 235.1 0.0
249.6 -805.1 24.1 -96.3 260.2 0.0
15.0 -904.1 282.1 274.9 -33.1 0.0
-246.8 -245.2 282.1 -10.3 266.9 0.0
-604.1 188.0 24.1 -199.7 228.6 0.0
247.8 -798.0 24.1 -73.2 284.6 0.0
21.9 -904.0 282.1 277.5 1.0 0.0
-247.1 -238.5 282.1 -10.4 266.9 0.0
-609.2 193.6 24.1 -204.2 223.2 0.0
246.4 -790.3 24.1 -53.5 305.1 0.0
28.5 -903.5 282.1 264.9 20.0 0.0
-247.4 -232.0 282.1 -10.3 261.8 0.0
-614.4 199.1 24.1 -208.0 218.6 0.0
245.5 -782.4 24.1 -37.2 318.2 0.0
35.3 -902.1 282.1 270.3 55.3 0.0
-247.6 -225.4 282.1 -10.4 261.8 0.0
-619.7 204.5 24.1 -211.2 214.7 0.0
244.6 -775.0 24.1 -35.3 297.8 0.0
41.7 -900.4 282.1 257.4 70.5 0.0
-247.9 -218.9 282.1 -10.4 261.8 0.0
-625.2 209.8 24.1 -221.3 213.4 0.0
243.7 -767.2 24.1 -37.7 310.2 0.0
47.9 -898.3 282.1 246.5 83.4 0.0
-248.1 -212.4 282.1 -10.5 261.8 0.0
-631.0 215.1 24.1 -228.9 211.6 0.0
242.7 -759.3 24.1 -38.8 315.1 0.0
53.8 -895.9 282.1 237.2 94.4 0.0
-248.4 -205.9 282.1 -10.3 256.8 0.0
-636.8 220.3 24.1 -231.9 207.6 0.0
241.7 -751.5 24.1 -39.2 312.5 0.0
59.7 -893.0 282.1 237.1 115.8 0.0
-248.7 -199.5 282.1 -10.2 256.8 0.0
-642.6 225.4 24.1 -234.4 204.1 0.0
240.8 -743.9 24.1 -38.5 302.5 0.0
65.4 -889.9 282.1 228.0 124.9 0.0
-248.9 -193.1 282.1 -10.2 256.8 0.0
-648.2 230.1 24.1 -224.3 188.8 0.0
239.9 -736.8 24.1 -36.6 284.9 0.0
70.9 -886.6 282.1 220.2 132.7 0.0
-249.2 -186.7 282.1 -10.1 256.8 0.0
-653.9 234.6 24.1 -225.2 181.9 0.0
239.0 -730.3 24.1 -33.9 262.4 0.0
76.3 -883.1 282.1 213.6 139.2 0.0
-249.4 -180.4 282.1 -9.9 249.3 0.0
-659.6 239.1 24.1 -228.3 177.2 0.0
238.2 -724.3 24.1 -31.2 239.9 0.0
81.3 -879.6 282.1 201.7 141.1 0.0
-249.7 -174.2 282.1 -10.0 249.2 0.0
-665.3 243.4 24.1 -230.7 173.2 0.0
237.5 -718.6 24.1 -29.9 227.4 0.0
86.1 -876.1 282.1 190.3 141.4 0.0
-249.9 -168.0 282.1 -10.1 249.2 0.0
-671.3 247.1 24.1 -240.2 149.3 0.0
236.7 -713.0 24.1 -29.6 222.3 0.0
90.9 -872.2 282.1 191.4 153.7 0.0
-250.2 -161.8 282.1 -10.1 249.2 0.0
-677.2 250.3 24.1 -236.2 128.3 0.0
236.0 -707.3 24.1 -30.7 227.2 0.0
95.5 -868.3 282.1 186.7 157.8 0.0
-250.4 -155.6 282.1 -10.0 244.2 0.0
-683.2 253.1 24.1 -239.7 110.8 0.0
235.2 -701.4 24.1 -32.4 237.2 0.0
100.2 -864.0 282.1 187.0 170.7 0.0
-250.7 -149.5 282.1 -10.1 244.2 0.0
-689.2 255.5 24.1 -240.1 95.9 0.0
234.3 -695.2 24.1 -34.3 249.6 0.0
104.7 -859.6 282.1 181.8 174.8 0.0
-250.9 -143.4 282.1 -10.2 244.2 0.0
-696.1 257.0 24.1 -276.6 58.1 0.0
233.4 -688.5 24.1 -37.2 267.0 0.0
109.2 -855.2 282.1 177.4 178.2 0.0
-251.2 -137.3 282.1 -10.2 244.2 0.0
-703.8 257.6 24.1 -307.7 26.0 0.0
232.4 -681.4 24.1 -39.7 281.9 0.0
113.5 -850.7 282.1 173.7 181.1 0.0
-251.4 -131.4 282.1 -9.9 239.2 0.0
-711.9 257.7 24.1 -321.4 2.7 0.0
231.3 -674.1 24.1 -42.0 294.3 0.0
117.9 -845.8 282.1 173.9 192.5 0.0
-251.7 -125.4 282.1 -9.9 239.2 0.0
-719.8 257.4 24.1 -316.8 -12.0 0.0
230.2 -666.5 24.1 -44.1 304.2 0.0
122.1 -841.0 282.1 169.5 195.5 0.0
-251.9 -119.4 282.1 -9.8 239.2 0.0
-727.2 255.5 24.1 -294.7 -74.0 0.0
229.1 -658.8 24.1 -45.3 309.2 0.0
126.2 -836.0 282.1 165.8 198.1 0.0
-252.2 -113.4 282.1 -9.8 239.2 0.0
-734.1 252.4 24.1 -276.3 -127.2 0.0
227.9 -650.9 24.1 -46.4 314.1 0.0
130.3 -831.0 282.1 162.6 200.2 0.0
-252.4 -107.6 282.1 -9.5 234.1 0.0
-740.6 248.0 24.1 -260.5 -172.5 0.0
226.8 -643.1 24.1 -46.7 314.0 0.0
134.2 -825.9 282.1 155.5 202.4 0.0
-252.6 -101.7 282.1 -9.4 234.1 0.0
-746.6 243.1 24.1 -242.3 -199.4 0.0
225.6 -635.2 24.1 -46.8 314.0 0.0
138.0 -820.8 282.1 150.1 205.3 0.0
-252.9 -95.9 282.1 -9.3 234.1 0.0
-753.0 240.4 24.1 -253.9 -106.2 0.0
224.4 -627.4 24.1 -47.0 314.0 0.0
141.6 -815.6 282.1 145.5 207.8 0.0
-253.1 -90.0 282.1 -9.2 234.1 0.0
-759.6 239.7 24.1 -263.6 -27.0 0.0
223.3 -619.5 24.1 -46.8 314.0 0.0
145.1 -810.4 282.1 141.6 209.9 0.0
-253.3 -84.3 282.1 -9.0 229.1 0.0
-766.4 240.7 24.1 -272.1 40.3 0.0
222.1 -611.6 24.1 -46.6 314.0 0.0
149.3 -804.5 282.1 165.9 235.6 0.0
-253.6 -78.5 282.1 -8.9 229.1 0.0
-773.4 243.2 24.1 -279.3 97.4 0.0
220.7 -603.9 24.1 -53.9 311.0 0.0
153.6 -798.5 282.1 170.8 237.6 0.0
-253.8 -72.8 282.1 -8.9 229.1 0.0
-779.0 246.8 24.1 -225.6 145.3 0.0
219.2 -596.1 24.1 -61.1 311.3 0.0
157.9 -792.6 282.1 172.5 236.3 0.0
-254.0 -67.1 282.1 -8.9 229.1 0.0
-783.5 251.5 24.1 -179.4 187.9 0.0
217.6 -588.4 24.1 -66.5 309.5 0.0
162.2 -786.7 282.1 173.9 235.1 0.0
-254.2 -61.5 282.1 -8.7 224.1 0.0
-787.0 257.1 24.1 -139.9 224.0 0.0
215.8 -580.6 24.1 -72.0 310.5 0.0
166.3 -781.1 282.1 162.7 226.8 0.0
-254.4 -55.9 282.1 -8.7 224.1 0.0
-789.6 263.5 24.1 -106.4 254.7 0.0
213.8 -572.9 24.1 -76.7 309.3 0.0
170.2 -775.3 282.1 158.4 229.1 0.0
-254.6 -50.3 282.1 -8.7 224.1 0.0
-790.2 269.5 24.1 -20.3 241.2 0.0
211.8 -565.2 24.1 -80.8 308.0 0.0
174.1 -769.6 282.1 154.7 231.2 0.0
-254.9 -44.7 282.1 -8.7 224.1 0.0
-788.8 275.2 24.1 53.4 229.9 0.0
209.7 -557.5 24.1 -84.5 306.8 0.0
177.9 -763.7 282.1 151.6 232.9 0.0
-255.1 -39.0 282.1 -8.8 229.1 0.0
-785.9 280.8 24.1 115.5 220.3 0.0
207.5 -549.9 24.1 -86.8 303.4 0.0
180.8 -757.0 282.1 116.2 269.3 0.0
-255.3 -33.2 282.1 -8.7 229.1 0.0
-781.7 286.1 24.1 168.2 212.2 0.0
205.3 -542.5 24.1 -88.2 297.7 0.0
183.0 -749.5 282.1 86.0 300.2 0.0
-255.5 -27.5 282.1 -8.6 229.1 0.0
-776.6 291.8 24.1 204.7 230.3 0.0
203.1 -535.1 24.1 -89.9 294.4 0.0
184.6 -741.9 282.1 64.1 305.8 0.0
-255.7 -21.8 282.1 -8.5 229.1 0.0
-771.1 297.6 24.1 220.5 232.8 0.0
200.8 -527.9 24.1 -89.4 286.5 0.0
185.7 -734.3 282.1 46.8 302.7 0.0
-256.0 -15.3 282.1 -8.8 256.9 0.0
-765.5 303.3 24.1 224.6 227.5 0.0
198.6 -520.9 24.1 -89.5 281.1 0.0
186.6 -726.7 282.1 35.6 302.0 0.0
-256.2 -8.3 282.1 -9.0 282.1 0.0
-759.8 308.9 24.1 228.1 223.1 0.0
196.4 -514.0 24.1 -89.8 275.8 0.0
187.2 -718.8 282.1 24.7 316.2 0.0
-256.4 -0.7 282.1 -9.0 302.2 0.0
-754.0 314.4 24.1 232.7 218.8 0.0
194.1 -507.3 24.1 -89.7 270.4 0.0
187.6 -710.8 282.1 16.0 320.5 0.0
-256.6 7.1 282.1 -9.3 314.8 0.0
-748.1 319.7 24.1 236.3 214.5 0.0
191.9 -500.6 24.1 -89.4 265.2 0.0
187.9 -702.8 282.1 9.8 319.3 0.0
-258.6 14.4 282.1 -80.5 288.8 0.0
-742.1 325.0 24.1 239.1 210.6 0.0
189.7 -494.1 24.1 -88.8 260.0 0.0
187.9 -695.2 282.1 3.0 306.3 0.0
-262.2 21.0 282.1 -144.0 267.7 0.0
-736.0 330.2 24.1 241.4 207.4 0.0
187.4 -487.7 24.1 -89.3 257.2 0.0
187.9 -688.1 282.1 -1.2 285.2 0.0
-267.2 27.3 282.1 -198.6 249.8 0.0
-729.4 333.9 24.1 267.3 148.6 0.0
185.2 -481.4 24.1 -88.6 252.1 0.0
187.8 -681.6 282.1 -3.6 259.4 0.0
-273.3 33.2 282.1 -244.2 234.9 0.0
-722.1 336.4 24.1 289.3 98.4 0.0
183.0 -475.2 24.1 -88.7 249.3 0.0
187.7 -675.9 282.1 -4.3 228.7 0.0
-279.8 38.3 282.1 -259.9 206.6 0.0
-714.4 337.8 24.1 308.0 55.9 0.0
180.8 -469.0 24.1 -88.5 246.7 0.0
187.2 -669.3 282.1 -19.1 260.6 0.0
-285.7 42.8 282.1 -236.3 177.5 0.0
-706.7 338.4 24.1 309.5 26.3 0.0
178.6 -462.9 24.1 -88.4 244.1 0.0
186.4 -662.0 282.1 -32.7 293.4 0.0
-290.9 46.6 282.1 -206.7 151.7 0.0
-698.6 337.9 24.1 323.7 -19.6 0.0
176.4 -456.9 24.1 -88.2 241.4 0.0
185.4 -654.3 282.1 -41.4 308.5 0.0
-296.9 50.0 282.1 -239.4 137.0 0.0
-690.5 336.6 24.1 324.4 -51.3 0.0
174.2 -450.9 24.1 -87.8 238.9 0.0
184.2 -646.4 282.1 -47.5 314.9 0.0
-303.8 52.9 282.1 -278.4 115.6 0.0
-682.7 334.9 24.1 311.8 -68.9 0.0
172.0 -445.0 24.1 -87.4 236.3 0.0
182.8 -638.7 282.1 -56.2 309.9 0.0
-311.7 55.3 282.1 -315.4 97.3 0.0
-675.2 332.8 24.1 301.1 -83.9 0.0
169.8 -439.1 24.1 -87.0 233.8 0.0
181.3 -631.3 282.1 -59.6 295.1 0.0
-319.7 57.4 282.1 -318.6 82.0 0.0
-667.4 329.7 24.1 310.8 -126.0 0.0
167.7 -433.4 24.1 -86.7 231.2 0.0
179.8 -624.5 282.1 -58.4 271.5 0.0
-327.6 59.1 282.1 -315.5 69.4 0.0
-659.9 326.1 24.1 297.9 -141.1 0.0
165.5 -427.6 24.1 -86.2 228.7 0.0
178.5 -618.5 282.1 -53.7 241.2 0.0
-335.1 60.4 282.1 -300.3 54.4 0.0
-652.8 322.3 24.1 285.9 -152.9 0.0
163.4 -422.0 24.1 -85.6 226.2 0.0
178.7 -612.9 282.1 8.6 221.5 0.0
-342.0 61.5 282.1 -275.5 43.5 0.0
-645.9 318.3 24.1 275.8 -162.8 0.0
161.3 -416.4 24.1 -84.1 221.4 0.0
180.4 -607.8 282.1 68.8 206.9 0.0
-348.0 62.4 282.1 -241.8 35.9 0.0
-639.0 313.2 24.1 274.6 -202.9 0.0
159.2 -411.0 24.1 -83.6 218.9 0.0
183.6 -602.9 282.1 126.0 196.2 0.0
-354.4 63.0 282.1 -255.3 23.5 0.0
-632.6 307.9 24.1 258.6 -212.6 0.0
157.1 -405.6 24.1 -82.1 214.1 0.0
188.1 -598.2 282.1 179.5 188.6 0.0
-361.6 62.9 282.1 -288.4 -3.0 0.0
-626.4 302.3 24.1 245.1 -220.9 0.0
155.1 -400.3 24.1 -81.5 211.6 0.0
193.7 -594.0 282.1 226.7 166.6 0.0
-369.5 62.3 282.1 -317.2 -25.6 0.0
-620.6 296.6 24.1 233.7 -228.0 0.0
153.0 -395.0 24.1 -82.0 211.4 0.0
200.5 -590.3 282.1 270.5 148.3 0.0
-377.5 61.4 282.1 -318.4 -37.1 0.0
-615.7 290.1 24.1 197.2 -262.5 0.0
150.9 -389.6 24.1 -84.2 216.0 0.0
208.2 -587.0 282.1 307.1 132.8 0.0
-385.4 60.2 282.1 -318.2 -46.5 0.0
-611.5 283.1 24.1 166.4 -278.6 0.0
148.8 -384.1 24.1 -86.3 220.6 0.0
215.9 -584.0 282.1 309.1 116.7 0.0
-393.6 58.1 282.1 -326.9 -85.6 0.0
-608.0 276.2 24.1 140.5 -277.9 0.0
146.6 -378.5 24.1 -88.4 225.2 0.0
222.9 -581.5 282.1 279.2 102.8 0.0
-401.5 55.5 282.1 -315.5 -103.4 0.0
-605.0 269.2 24.1 118.5 -277.4 0.0
143.4 -372.5 24.1 -125.9 241.3 0.0
229.5 -579.1 282.1 263.3 93.1 0.0
-409.2 52.5 282.1 -306.2 -118.9 0.0
-602.2 262.1 24.1 112.5 -286.9 0.0
139.7 -366.3 24.1 -148.9 246.8 0.0
235.8 -577.0 282.1 251.9 85.5 0.0
-416.6 49.2 282.1 -298.6 -132.5 0.0
-599.6 254.8 24.1 105.9 -288.4 0.0
135.8 -360.4 24.1 -154.8 237.7 0.0
242.0 -575.0 282.1 248.0 80.2 0.0
-424.5 47.6 282.1 -313.5 -64.2 0.0
-597.1 247.6 24.1 100.3 -289.7 0.0
131.8 -354.6 24.1 -159.6 229.5 0.0
248.4 -573.1 282.1 257.5 76.7 0.0
-432.6 47.5 282.1 -326.8 -5.0 0.0
-594.7 240.3 24.1 95.6 -290.8 0.0
126.5 -349.5 24.1 -214.2 206.4 0.0
255.0 -571.3 282.1 263.3 73.2 0.0
-441.1 48.6 282.1 -339.2 46.0 0.0
-592.4 233.1 24.1 89.7 -290.6 0.0
120.0 -344.8 24.1 -260.6 186.8 0.0
261.8 -569.5 282.1 273.9 71.2 0.0
-449.7 50.7 282.1 -342.3 83.5 0.0
-590.3 225.8 24.1 85.0 -291.4 0.0
112.5 -340.5 24.1 -296.2 169.6 0.0
269.0 -567.7 282.1 284.5 69.7 0.0
-458.0 53.4 282.1 -331.4 108.0 0.0
-588.3 218.5 24.1 80.9 -292.2 0.0
105.1 -336.8 24.1 -298.7 151.0 0.0
276.5 -566.1 282.1 301.2 67.1 0.0
-465.9 56.5 282.1 -316.5 123.1 0.0
-586.4 211.2 24.1 77.5 -292.9 0.0
97.3 -333.5 24.1 -311.0 131.4 0.0
284.2 -564.5 282.1 306.7 63.8 0.0
-473.4 59.9 282.1 -302.8 135.5 0.0
-584.6 203.9 24.1 72.1 -289.7 0.0
89.5 -330.6 24.1 -311.8 114.2 0.0
292.0 -562.9 282.1 312.3 60.8 0.0
-480.7 63.5 282.1 -292.1 146.5 0.0
-582.9 196.7 24.1 68.2 -290.3 0.0
81.7 -328.1 24.1 -313.0 99.4 0.0
299.8 -561.5 282.1 312.6 57.8 0.0
-487.8 67.5 282.1 -282.5 158.0 0.0
-581.2 189.4 24.1 64.8 -290.8 0.0
73.9 -326.0 24.1 -313.2 87.1 0.0
307.6 -560.2 282.1 313.6 50.6 0.0
-494.6 71.7 282.1 -273.6 166.8 0.0
-579.7 182.1 24.1 61.9 -291.3 0.0
65.9 -324.2 24.1 -320.1 72.2 0.0
315.3 -559.1 282.1 308.8 44.2 0.0
-501.3 76.0 282.1 -266.2 175.0 0.0
-578.3 175.0 24.1 56.0 -283.3 0.0
57.9 -322.7 24.1 -319.7 59.7 0.0
323.0 -558.1 282.1 306.4 38.9 0.0
-507.8 80.6 282.1 -261.5 183.2 0.0
-577.0 167.9 24.1 51.7 -283.6 0.0
49.9 -321.4 24.1 -319.3 49.2 0.0
330.5 -557.3 282.1 301.4 34.4 0.0
-514.2 85.4 282.1 -256.0 190.4 0.0
-575.8 160.8 24.1 48.1 -283.9 0.0
41.9 -320.4 24.1 -318.8 40.4 0.0
338.4 -556.1 282.1 316.6 45.7 0.0
-520.5 90.3 282.1 -250.5 195.6 0.0
-574.7 153.7 24.1 45.0 -284.2 0.0
33.8 -319.7 24.1 -322.6 28.6 0.0
346.3 -554.9 282.1 315.1 51.4 0.0
-526.7 95.3 282.1 -247.7 202.0 0.0
-573.8 147.3 24.1 36.5 -255.8 0.0
25.8 -319.2 24.1 -321.6 19.1 0.0
354.2 -553.4 282.1 313.8 56.5 0.0
-532.8 100.5 282.1 -243.7 205.7 0.0
-573.1 141.0 24.1 26.7 -252.1 0.0
17.8 -319.0 24.1 -320.9 10.6 0.0
362.0 -551.9 282.1 312.6 60.5 0.0
-538.8 105.7 282.1 -240.2 209.8 0.0
-572.6 134.7 24.1 18.1 -251.1 0.0
9.8 -318.9 24.1 -320.0 3.6 0.0
369.8 -550.3 282.1 311.9 65.4 0.0
-544.7 111.0 282.1 -236.7 213.5 0.0
-572.4 128.4 24.1 10.7 -252.5 0.0
1.8 -319.1 24.1 -318.6 -7.5 0.0
377.5 -548.6 282.1 310.7 69.1 0.0
-550.6 116.4 282.1 -233.6 216.2 0.0
-572.2 121.8 24.1 7.8 -264.9 0.0
-6.1 -319.5 24.1 -316.4 -16.4 0.0
385.3 -546.8 282.1 309.7 71.9 0.0
-556.3 121.9 282.1 -229.4 216.8 0.0
-572.0 115.3 24.1 5.7 -262.3 0.0
-14.0 -320.1 24.1 -314.7 -24.2 0.0
393.0 -544.9 282.1 309.0 74.6 0.0
-562.0 127.3 282.1 -226.9 219.3 0.0
-571.9 108.7 24.1 3.8 -262.2 0.0
-21.8 -320.9 24.1 -313.3 -30.9 0.0
400.7 -543.0 282.1 308.3 77.6 0.0
-567.5 132.8 282.1 -221.4 217.6 0.0
-571.9 102.1 24.1 2.3 -264.7 0.0
-29.3 -322.0 24.1 -301.0 -44.4 0.0
408.3 -541.0 282.1 305.2 79.6 0.0
-572.9 138.2 282.1 -217.8 217.3 0.0
-571.9 95.7 24.1 0.8 -257.2 0.0
-36.7 -323.4 24.1 -294.2 -58.1 0.0
416.0 -538.9 282.1 304.4 81.6 0.0
-578.3 143.6 282.1 -212.9 215.0 0.0
-571.9 89.2 24.1 -0.6 -257.1 0.0
-43.9 -325.2 24.1 -288.1 -69.3 0.0
423.5 -536.9 282.1 301.5 82.7 0.0
-583.5 149.0 282.1 -209.6 214.7 0.0
-571.9 82.8 24.1 -1.7 -257.1 0.0
-51.0 -327.1 24.1 -283.2 -79.3 0.0
431.0 -534.8 282.1 298.5 84.4 0.0
-588.6 154.3 282.1 -204.9 212.3 0.0
-572.0 76.4 24.1 -2.7 -257.1 0.0
-58.8 -328.3 24.1 -313.6 -47.3 0.0
438.3 -532.6 282.1 295.5 85.8 0.0
-593.6 159.5 282.1 -200.4 209.5 0.0
-572.1 70.1 24.1 -3.7 -252.0 0.0
-66.8 -328.9 24.1 -320.7 -25.2 0.0
445.7 -530.4 282.1 294.9 87.6 0.0
-598.5 164.7 282.1 -196.0 206.6 0.0
-572.2 63.8 24.1 -4.8 -249.5 0.0
-74.6 -329.2 24.1 -313.4 -10.4 0.0
453.0 -528.2 282.1 291.9 88.3 0.0
-603.3 169.8 282.1 -191.7 203.9 0.0
-572.3 57.5 24.1 -5.7 -252.0 0.0
-82.4 -329.1 24.1 -309.8 2.9 0.0
460.2 -526.0 282.1 289.0 89.9 0.0
-608.0 174.8 282.1 -187.3 201.0 0.0
-572.5 51.2 24.1 -6.5 -251.9 0.0
-89.6 -328.7 24.1 -288.8 18.5 0.0
467.5 -523.7 282.1 288.3 91.9 0.0
-612.5 179.7 282.1 -181.6 195.9 0.0
-572.7 45.1 24.1 -7.2 -244.4 0.0
-96.5 -327.8 24.1 -275.8 34.7 0.0
474.6 -521.3 282.1 287.7 93.5 0.0
-617.0 184.5 282.1 -177.6 192.8 0.0
-572.9 39.0 24.1 -7.8 -244.3 0.0
-103.2 -326.6 24.1 -266.1 49.3 0.0
481.8 -519.0 282.1 287.2 94.9 0.0
-621.3 189.3 282.1 -173.6 189.6 0.0
-573.1 32.9 24.1 -8.5 -244.3 0.0
-109.6 -325.1 24.1 -256.2 60.6 0.0
488.8 -516.6 282.1 277.5 95.7 0.0
-625.5 193.9 282.1 -168.0 184.4 0.0
-573.3 26.8 24.1 -9.0 -244.3 0.0
-115.5 -321.8 24.1 -235.3 128.9 0.0
495.7 -514.1 282.1 275.8 99.4 0.0
-629.6 198.4 282.1 -164.2 181.1 0.0
-573.5 20.9 24.1 -9.6 -236.7 0.0
-120.9 -317.2 24.1 -218.0 186.9 0.0
502.5 -511.5 282.1 274.4 102.5 0.0
-633.6 202.8 282.1 -158.8 175.7 0.0
-573.8 15.0 24.1 -10.3 -234.2 0.0
-126.0 -311.3 24.1 -203.1 236.2 0.0
509.3 -508.9 282.1 273.2 105.2 0.0
-637.5 207.1 282.1 -155.1 172.3 0.0
-574.1 9.2 24.1 -11.1 -234.1 0.0
-130.7 -304.3 24.1 -190.2 278.1 0.0
517.1 -506.8 282.1 311.5 85.0 0.0
-641.3 211.3 282.1 -151.4 168.9 0.0
-574.4 3.3 24.1 -11.7 -234.1 0.0
-136.8 -298.6 24.1 -240.6 227.4 0.0
525.2 -505.0 282.1 322.1 68.9 0.0
-645.2 215.7 282.1 -156.1 174.8 0.0
-574.7 -2.3 24.1 -12.2 -224.0 0.0
-143.8 -294.0 24.1 -283.3 184.0 0.0
533.2 -503.6 282.1 321.1 55.9 0.0
-649.1 220.2 282.1 -159.2 178.8 0.0
-575.0 -7.9 24.1 -13.5 -226.5 0.0
-151.8 -290.3 24.1 -319.6 147.3 0.0
541.2 -502.5 282.1 320.3 45.0 0.0
-653.2 224.7 282.1 -162.3 182.8 0.0
-575.4 -13.6 24.1 -14.4 -226.4 0.0
-160.1 -287.4 24.1 -330.2 118.6 0.0
549.3 -502.2 282.1 324.7 13.2 0.0
-657.4 229.4 282.1 -167.1 188.6 0.0
-575.8 -19.3 24.1 -15.2 -226.3 0.0
-168.9 -285.4 24.1 -353.3 80.0 0.0
557.2 -502.4 282.1 315.0 -7.4 0.0
-661.6 234.2 282.1 -170.3 192.5 0.0
-575.9 -25.7 24.1 -4.5 -257.3 0.0
-177.6 -284.0 24.1 -347.5 53.9 0.0
564.9 -503.0 288.1 308.7 -25.9 0.0
-666.0 239.2 282.1 -173.4 196.5 0.0
-575.8 -32.3 24.1 2.1 -264.0 0.0
-186.1 -283.2 24.1 -340.5 32.5 0.0
572.5 -504.0 288.1 301.8 -40.9 0.0
-670.4 244.2 282.1 -176.5 200.4 0.0
-575.6 -38.9 24.1 6.8 -263.4 0.0
-194.5 -282.9 24.1 -335.3 14.0 0.0
579.5 -505.4 296.1 280.0 -54.5 0.0
-674.9 249.3 282.1 -179.7 204.3 0.0
-575.4 -45.4 24.1 10.8 -262.8 0.0
-203.1 -283.3 24.1 -344.5 -16.8 0.0
586.2 -507.2 296.1 268.3 -71.6 0.0
-679.4 254.4 282.1 -181.2 206.4 0.0
-575.0 -51.9 24.1 13.8 -257.5 0.0
-211.5 -284.1 24.1 -335.2 -34.5 0.0
592.7 -509.4 296.1 258.8 -86.2 0.0
-684.0 259.7 282.1 -184.3 210.4 0.0
-574.6 -58.3 24.1 17.0 -257.1 0.0
-219.7 -285.4 24.1 -328.0 -49.8 0.0
598.9 -511.8 304.1 249.6 -98.0 0.0
-688.7 265.0 282.1 -185.5 212.7 0.0
-574.1 -64.7 24.1 19.6 -256.7 0.0
-227.7 -287.0 24.1 -322.1 -63.3 0.0
606.2 -513.9 304.1 291.5 -84.8 0.0
-693.3 270.4 282.1 -186.7 215.0 0.0
-573.6 -71.1 24.1 22.1 -256.4 0.0
-235.8 -288.4 30.8 -323.2 -57.8 255.0
614.1 -515.8 312.1 315.6 -73.9 0.0
-698.1 275.9 282.1 -189.8 219.0 0.0
-573.0 -77.4 24.1 23.5 -251.2 0.0
-243.9 -289.7 36.9 -324.4 -52.3 235.0
622.0 -517.4 312.1 316.1 -63.9 0.0
-702.8 281.4 282.1 -191.3 221.0 0.0
-572.3 -83.7 24.1 25.3 -250.9 0.0
-252.1 -290.9 42.5 -325.5 -46.7 215.0
629.9 -518.8 320.1 316.1 -55.6 0.0
-707.1 287.1 282.1 -169.6 229.4 0.0
-571.7 -90.0 24.1 26.9 -250.7 0.0
-260.2 -291.9 47.6 -326.7 -41.2 195.0
637.9 -519.2 320.1 320.5 -16.5 0.0
-710.8 292.8 282.1 -149.8 227.3 0.0
-571.0 -96.2 24.1 28.3 -250.5 0.0
-268.4 -292.9 52.2 -326.7 -41.2 175.0
645.5 -519.0 328.1 305.6 6.1 0.0
-714.2 298.4 282.1 -132.7 225.4 0.0
-570.3 -102.5 30.8 28.3 -250.5 255.0
-276.6 -294.0 56.4 -326.7 -41.2 155.0
652.9 -518.4 328.1 293.2 25.2 0.0
-717.1 304.0 282.1 -118.2 222.4 0.0
-569.5 -108.7 36.9 28.3 -250.5 235.0
-284.7 -295.0 60.0 -326.7 -41.2 135.0
659.9 -517.4 336.1 281.4 40.7 0.0
-718.4 310.3 282.1 -51.0 251.1 0.0
-568.8 -115.0 42.5 28.3 -250.5 215.0
-292.9 -296.0 63.1 -326.7 -41.2 115.0
666.9 -516.0 336.1 278.7 53.5 0.0
-718.2 317.2 282.1 5.9 275.7 0.0
-568.1 -121.3 47.6 28.3 -250.5 195.0
-301.1 -297.1 65.8 -326.7 -41.2 95.0
673.6 -514.5 344.1 269.6 61.1 0.0
-716.9 324.6 282.1 54.5 296.4 0.0
-567.4 -127.5 52.2 28.3 -250.5 175.0
-308.2 -298.7 67.8 -284.1 -67.3 73.5
680.1 -512.9 344.1 259.0 66.3 0.0
-714.5 332.4 282.1 95.8 314.0 0.0
-566.7 -133.8 56.4 28.3 -250.5 155.0
-315.3 -300.4 69.4 -284.1 -67.3 53.5
686.3 -511.1 344.1 248.5 69.7 0.0
-711.3 340.3 282.1 126.6 315.6 0.0
-566.0 -140.1 60.0 28.3 -250.5 135.0
-321.3 -302.8 70.5 -241.4 -93.5 32.6
693.5 -509.9 352.1 289.4 50.1 0.0
-707.8 347.9 282.1 140.2 303.3 0.0
-565.3 -146.3 63.1 28.3 -250.5 115.0
-327.3 -305.1 71.1 -241.4 -93.5 12.6
701.4 -509.0 352.1 316.1 34.4 0.0
-704.0 355.2 282.1 151.7 292.6 0.0
-564.6 -152.6 65.8 28.3 -250.5 95.0
-332.3 -308.1 71.1 -198.9 -119.7 -9.2
709.2 -508.4 360.1 309.7 24.5 0.0
-700.0 362.3 282.1 161.9 283.7 0.0
-563.9 -158.8 67.9 28.3 -250.5 75.0
-337.3 -311.1 70.6 -198.9 -119.7 -29.2
716.6 -508.0 360.1 298.8 16.7 0.0
-695.6 369.2 282.1 174.9 276.7 0.0
-563.2 -165.1 69.5 28.3 -250.5 55.0
-341.2 -314.7 69.6 -156.4 -145.9 -51.2
724.8 -508.4 368.1 325.5 -17.1 0.0
-691.0 375.9 282.1 182.9 268.0 0.0
-562.5 -171.4 70.6 28.3 -250.5 35.0
-344.9 -318.4 68.0 -149.2 -146.4 -71.2
732.8 -509.2 368.1 320.5 -33.4 0.0
-686.3 382.5 282.1 190.5 260.8 0.0
-561.8 -177.6 71.2 28.3 -250.5 15.0
-347.4 -322.7 65.9 -99.5 -173.3 -94.4
740.4 -510.3 376.1 305.4 -42.7 0.0
-681.3 388.8 282.1 196.6 254.3 0.0
-561.0 -183.9 71.4 28.3 -250.5 -5.0
-349.7 -327.1 63.3 -92.3 -173.8 -114.4
747.7 -511.5 376.1 291.3 -50.0 0.0
-676.2 395.0 282.1 204.3 248.7 0.0
-560.3 -190.2 71.0 28.3 -250.5 -25.0
-350.8 -332.1 60.1 -42.7 -200.7 -137.9
753.9 -512.6 384.1 247.9 -42.5 0.0
-671.0 401.1 282.1 209.9 242.7 0.0
-559.6 -196.4 70.1 28.3 -250.5 -45.0
-351.7 -337.1 56.4 -36.5 -199.8 -157.9
760.5 -513.6 384.1 265.8 -38.3 0.0
-665.6 407.0 282.1 214.6 237.4 0.0
-558.9 -202.7 68.8 28.3 -250.5 -65.0
-351.4 -342.7 52.1 12.0 -225.1 -182.6
767.5 -514.4 384.1 278.4 -34.9 0.0
-660.2 412.9 282.1 218.5 232.8 0.0
-558.2 -208.9 66.9 28.3 -250.5 -85.0
-350.9 -348.3 47.3 18.2 -224.2 -202.6
774.7 -515.2 392.1 288.6 -32.0 0.0
-654.6 418.6 282.1 223.7 228.4 0.0
-557.5 -215.2 64.5 28.3 -250.5 -105.0
-349.3 -354.6 41.8 66.7 -249.5 -227.7
782.8 -515.3 392.1 321.1 -3.4 0.0
-648.9 424.2 282.1 227.3 224.0 0.0
-556.8 -221.5 61.6 28.3 -250.5 -125.0
-347.5 -360.7 35.9 72.9 -246.7 -247.7
790.9 -515.0 400.1 327.8 14.0 0.0
-643.1 429.7 282.1 230.7 220.1 0.0
-556.1 -227.7 58.2 28.3 -250.5 -145.0
-344.4 -367.5 29.2 121.2 -269.4 -276.8
799.1 -514.3 400.1 324.3 26.1 0.0
-637.3 435.1 282.1 233.3 216.7 0.0
-555.4 -234.0 54.4 28.3 -250.5 -165.0
-341.2 -374.1 24.1 127.4 -266.6 0.3
807.0 -513.4 410.1 318.6 35.3 0.0
-632.3 439.7 282.1 198.3 184.2 0.0
-554.7 -240.3 50.0 28.3 -250.5 -185.0
-336.1 -379.6 24.1 206.1 -220.4 0.0
814.9 -512.6 410.1 316.0 33.0 0.0
-627.9 443.8 282.1 179.1 164.5 0.0
-554.0 -246.5 45.1 28.3 -250.5 -205.0
-333.3 -384.4 24.1 112.3 -191.7 0.0
822.8 -511.8 410.1 316.1 31.1 0.0
-623.3 447.8 282.1 181.6 161.4 0.0
-553.2 -252.8 39.8 28.3 -250.5 -225.0
-331.6 -389.2 24.1 68.1 -190.2 0.0
830.7 -511.1 410.1 316.3 29.2 0.0
-618.7 451.8 282.1 183.4 158.7 0.0
-552.5 -259.0 33.9 28.3 -250.5 -245.0
-331.7 -393.3 24.1 -4.9 -166.1 0.0
838.6 -510.4 410.1 316.5 27.4 0.0
-614.8 455.2 282.1 155.9 134.9 0.0
-551.8 -265.3 27.5 28.3 -250.5 -265.0
-332.5 -397.6 24.1 -31.6 -168.8 0.0
846.3 -511.2 410.1 306.6 -31.2 0.0
-611.5 458.0 282.1 132.5 114.7 0.0
-551.1 -271.6 24.1 28.3 -250.5 0.3
-335.0 -400.8 24.1 -102.2 -128.2 0.0
853.8 -513.2 410.1 298.7 -82.1 0.0
-608.4 460.7 282.1 123.7 104.9 0.0
-550.4 -277.3 24.1 28.4 -227.8 0.0
-338.2 -403.6 24.1 -125.3 -114.2 0.0
861.1 -516.4 410.1 293.4 -127.5 0.0
-605.2 463.3 282.1 127.5 104.0 0.0
-549.6 -282.9 24.1 33.5 -226.3 0.0
-342.7 -405.6 24.1 -181.7 -81.3 0.0
868.2 -520.4 410.1 282.9 -157.4 0.0
-602.5 465.5 282.1 108.4 88.4 0.0
-548.6 -288.5 24.1 37.7 -225.0 0.0
-347.5 -407.5 24.1 -192.5 -73.8 0.0
875.1 -525.5 410.1 275.1 -203.8 0.0
-600.2 467.4 282.1 92.1 75.2 0.0
-547.6 -294.1 24.1 -57.3 -172.5 -8.3
-352.9 -410.5 24.1 -214.1 -120.7 0.0
881.5 -531.0 410.1 258.6 -222.9 0.0
-598.1 469.0 282.1 83.4 66.9 0.0
-548.4 -299.1 24.1 -33.0 -200.4 0.0
-357.8 -415.0 24.1 -195.2 -180.9 0.0
887.6 -536.9 410.1 242.1 -234.1 0.0
-596.0 470.6 282.1 84.8 64.9 0.0
-548.7 -304.7 24.1 -12.1 -224.1 0.0
-363.2 -420.3 24.1 -216.3 -211.8 0.0
893.3 -543.0 410.1 228.1 -243.7 0.0
-595.0 470.6 282.1 39.5 -1.0 0.0
-548.7 -310.5 24.1 -8.2 -227.5 16.1
-367.8 -426.5 24.1 -186.0 -245.6 0.0
898.6 -549.4 410.1 212.3 -258.3 0.0
-595.1 469.4 282.1 -3.7 -49.8 0.0
-548.8 -316.4 24.3 -6.6 -232.9 -3.9
-372.6 -432.4 24.1 -189.8 -237.3 0.0
903.5 -556.0 410.1 195.6 -261.5 0.0
-596.0 467.1 282.1 -34.6 -90.6 0.0
-548.7 -322.2 24.3 4.0 -232.0 0.0
-376.8 -438.9 24.1 -168.0 -261.6 0.0
908.0 -562.6 410.1 181.4 -263.9 0.0
-597.6 463.7 282.1 -64.4 -137.7 0.0
-548.4 -327.9 24.3 12.5 -229.4 0.0
-381.2 -445.2 24.1 -176.2 -252.4 0.0
912.3 -569.3 410.1 170.0 -268.2 0.0
-599.9 459.1 282.1 -92.9 -182.3 0.0
-547.9 -333.6 24.3 1.7 -217.0 34.2
-385.8 -451.4 24.1 -183.2 -244.7 0.0
915.9 -575.0 410.1 144.5 -228.0 0.0
-602.9 453.5 282.1 -118.4 -223.1 0.0
-547.9 -339.1 24.9 3.2 -222.4 14.2
-390.7 -455.1 24.1 -197.3 -147.9 0.0
919.0 -579.9 410.1 123.5 -196.5 0.0
-606.4 447.1 282.1 -140.9 -258.1 0.0
-547.8 -344.8 25.0 4.5 -227.9 -5.8
-395.0 -457.3 24.1 -173.4 -88.0 0.0
921.8 -584.9 410.1 112.8 -201.9 0.0
-610.2 440.2 282.1 -153.1 -275.4 0.0
-547.6 -350.6 24.6 5.0 -230.3 -25.8
-399.7 -457.6 24.1 -189.0 -14.7 0.0
924.4 -590.1 410.1 103.7 -206.6 0.0
-614.0 433.6 282.1 -149.3 -266.0 0.0
-547.5 -356.4 24.1 -18.2 -216.1 53.5
926.6 -594.5 410.1 88.1 -175.6 0.0
-617.5 427.3 282.1 -141.2 -250.2 0.0
-547.9 -361.9 25.2 -17.0 -221.6 33.5
928.5 -598.2 410.1 74.9 -149.3 0.0
-620.7 421.6 282.1 -129.2 -228.0 0.0
-548.5 -367.6 25.8 -21.3 -228.2 13.5
930.1 -602.0 410.1 65.5 -151.9 0.0
-623.6 416.6 282.1 -113.2 -199.5 0.0
-549.1 -373.5 25.9 -25.6 -234.9 -6.5
931.5 -605.9 410.1 57.8 -154.4 0.0
-626.7 411.1 282.1 -125.7 -218.4 0.0
-549.8 -379.5 25.5 -29.9 -241.6 -26.5
931.9 -610.5 410.1 15.2 -185.8 0.0
-630.2 405.1 282.1 -140.5 -241.8 0.0
-550.7 -385.7 24.6 -34.3 -248.3 -46.5
931.3 -616.0 410.1 -24.1 -218.0 0.0
-634.0 398.6 282.1 -151.4 -258.8 0.0
-551.6 -392.1 24.1 -37.3 -255.4 0.1
929.8 -622.2 410.1 -60.2 -249.6 0.0
-638.0 391.9 282.1 -158.3 -269.4 0.0
-553.2 -399.2 24.1 -60.8 -285.5 0.0
927.5 -629.2 410.1 -92.2 -279.4 0.0
-642.0 385.1 282.1 -161.3 -273.5 0.0
-554.8 -406.0 24.1 -63.8 -271.2 0.0
924.4 -636.7 410.1 -122.2 -301.2 0.0
-646.0 378.2 282.1 -161.6 -273.3 0.0
-556.2 -412.1 24.1 -59.4 -242.8 0.0
921.2 -644.1 410.1 -131.4 -295.4 0.0
-650.1 371.4 282.1 -161.8 -273.2 0.0
-557.8 -417.8 24.1 -62.2 -229.0 0.0
917.8 -651.2 410.1 -134.7 -284.0 0.0
-654.1 364.6 282.1 -162.2 -272.9 0.0
-559.7 -423.9 24.1 -78.3 -243.3 0.0
914.5 -657.9 410.1 -132.3 -267.0 0.0
-658.2 357.8 282.1 -162.5 -272.7 0.0
-562.2 -430.5 24.1 -96.6 -264.9 0.0
911.1 -664.3 410.1 -134.2 -255.6 0.0
-662.2 351.1 282.1 -160.3 -268.2 0.0
-564.9 -437.5 24.1 -110.7 -280.4 0.0
907.9 -670.3 410.1 -130.9 -239.3 0.0
-666.1 344.5 282.1 -158.0 -263.7 0.0
-568.0 -444.6 24.1 -124.0 -281.7 0.0
904.7 -675.9 410.1 -126.5 -223.5 0.0
-670.0 338.1 282.1 -153.1 -254.9 0.0
-571.5 -451.8 24.1 -138.3 -287.2 0.0
901.6 -681.1 410.1 -122.8 -210.3 0.0
-673.6 332.0 282.1 -146.9 -243.9 0.0
-575.1 -458.9 24.1 -145.6 -285.1 0.0
898.4 -686.3 410.1 -128.2 -207.7 0.0
-677.1 326.2 282.1 -139.3 -230.8 0.0
-578.9 -465.9 24.1 -151.0 -281.6 0.0
895.2 -691.3 410.1 -128.6 -200.7 0.0
-680.4 320.8 282.1 -130.4 -215.6 0.0
-582.1 -472.1 24.1 -128.0 -245.3 0.0
891.9 -696.2 410.1 -130.2 -196.2 0.0
-683.4 315.8 282.1 -121.4 -200.4 0.0
-584.8 -478.4 24.1 -106.1 -253.7 0.0
888.6 -701.1 410.1 -132.9 -194.0 0.0
-686.5 310.8 282.1 -121.9 -200.1 0.0
-586.9 -484.8 24.1 -87.5 -257.9 0.0
885.1 -706.0 410.1 -141.0 -197.7 0.0
-689.7 305.6 282.1 -127.5 -208.6 0.0
-588.7 -491.2 24.1 -72.2 -254.5 0.0
881.4 -711.0 410.1 -147.0 -199.3 0.0
-693.0 300.2 282.1 -133.3 -216.8 0.0
-589.3 -498.3 24.1 -22.4 -283.3 0.0
877.7 -716.0 410.1 -150.8 -199.4 0.0
-696.4 294.7 282.1 -136.3 -220.9 0.0
-588.8 -506.0 24.1 19.8 -307.2 0.0
873.8 -721.0 410.1 -155.9 -201.6 0.0
-699.9 289.0 282.1 -139.8 -224.7 0.0
-587.5 -514.0 24.1 0.0 -50.0 1018.0
869.7 -726.2 410.1 -163.5 -205.5 0.0
-703.4 283.4 282.1 -140.5 -224.2 0.0
-587.4 -515.4 49.3 3.7 -56.4 998.0
865.4 -731.4 410.1 -169.2 -207.3 0.0
-706.9 277.9 282.1 -139.7 -221.7 0.0
-587.5 -516.9 74.0 -1.4 -62.3 978.0
861.2 -736.5 410.1 -170.8 -205.7 0.0
-710.3 272.5 282.1 -137.4 -217.2 0.0
-587.6 -518.6 98.2 -6.6 -68.2 958.0
856.8 -741.7 410.1 -173.9 -206.3 0.0
-713.1 265.9 282.1 -109.6 -261.2 0.0
-587.9 -520.5 121.9 -11.7 -74.0 938.0
852.3 -746.9 410.1 -180.0 -208.2 0.0
-715.2 258.5 282.1 -86.4 -299.2 0.0
-588.3 -522.5 145.1 -16.7 -79.8 918.0
847.8 -752.0 410.1 -180.1 -204.6 0.0
-716.9 250.5 282.1 -67.7 -319.6 0.0
-588.9 -524.6 167.8 -21.6 -85.4 898.0
843.3 -757.0 410.1 -181.9 -202.9 0.0
-718.3 242.4 282.1 -53.2 -320.9 0.0
-589.5 -526.9 190.0 -26.5 -91.0 878.0
838.8 -762.0 410.1 -179.7 -197.9 0.0
-719.2 234.3 282.1 -38.4 -325.1 0.0
-590.3 -529.3 211.7 -31.4 -96.5 858.0
833.2 -767.0 410.1 -223.1 -200.8 0.0
-719.9 226.2 282.1 -26.3 -323.8 0.0
-591.2 -531.9 232.9 -36.3 -102.1 838.0
827.0 -772.0 416.1 -247.1 -197.5 0.0
-720.3 218.2 282.1 -16.1 -322.4 0.0
-592.3 -534.6 253.6 -41.3 -107.6 818.0
820.8 -776.6 416.1 -249.6 -186.3 0.0
-720.5 210.1 282.1 -7.5 -321.1 0.0
-593.4 -537.4 273.8 -46.2 -113.0 798.0
814.6 -781.0 424.1 -248.9 -175.5 0.0
-720.4 202.1 282.1 1.1 -321.2 0.0
-594.7 -540.3 293.5 -51.2 -118.5 778.0
808.2 -783.8 424.1 -256.3 -112.3 0.0
-720.2 194.1 282.1 8.3 -320.0 0.0
-596.1 -543.4 312.7 -56.2 -124.1 758.0
801.6 -785.2 424.1 -263.9 -57.2 0.0
-719.9 186.1 282.1 14.2 -319.0 0.0
-597.6 -546.7 331.4 -61.3 -129.7 738.0
794.8 -785.5 432.1 -271.9 -9.4 0.0
-719.4 178.2 282.1 19.2 -318.2 0.0
-599.3 -550.1 349.6 -66.4 -135.3 718.0
787.8 -784.7 432.1 -280.2 32.5 0.0
-718.8 170.2 282.1 24.7 -318.0 0.0
-601.1 -553.6 367.3 -71.6 -140.9 698.0
781.5 -782.1 440.1 -251.0 104.0 0.0
-718.0 162.3 282.1 29.0 -317.1 0.0
-603.0 -557.3 384.5 -76.8 -146.6 678.0
775.8 -778.0 440.1 -226.2 164.2 0.0
-717.2 154.4 282.1 32.9 -316.5 0.0
-604.9 -560.9 401.2 -76.4 -145.9 658.0
770.7 -772.6 440.1 -204.9 214.7 0.0
-716.3 146.5 282.1 36.3 -316.0 0.0
-606.8 -564.5 417.4 -76.0 -145.2 638.0
766.0 -766.1 448.1 -187.0 257.7 0.0
-715.3 138.6 282.1 39.6 -315.6 0.0
-608.7 -568.1 433.1 -75.5 -144.5 618.0
760.1 -760.9 448.1 -235.9 209.8 0.0
-714.3 130.7 282.1 42.5 -315.1 0.0
-610.6 -571.7 448.3 -75.1 -143.8 598.0
753.2 -756.7 448.1 -277.4 169.1 0.0
-713.1 122.8 282.1 45.0 -314.6 0.0
-612.5 -575.3 463.0 -75.0 -143.7 578.0
745.4 -753.3 456.1 -312.7 134.2 0.0
-712.0 115.0 282.1 47.2 -314.2 0.0
-614.3 -578.9 477.2 -75.0 -143.6 558.0
737.2 -750.7 456.1 -327.8 106.5 0.0
-710.7 107.2 282.1 49.2 -311.4 0.0
-616.2 -582.5 490.9 -74.9 -143.5 538.0
730.0 -750.4 464.1 -288.5 11.7 0.0
-709.4 99.4 282.1 51.4 -311.0 0.0
-616.7 -585.6 504.1 35.6 -106.5 518.0
723.6 -752.1 464.1 -255.1 -68.8 0.0
-708.1 91.7 282.1 53.1 -310.6 0.0
-615.8 -588.3 516.8 35.5 -106.5 498.0
717.9 -755.5 472.1 -226.6 -136.6 0.0
-706.8 83.9 282.1 54.7 -310.3 0.0
-615.0 -591.0 538.1 28.8 -105.2 478.0
712.9 -760.3 472.1 -202.9 -193.5 0.0
-705.3 76.2 282.1 56.4 -310.0 0.0
-614.5 -593.7 549.8 22.9 -107.1 458.0
707.9 -765.0 472.1 -200.4 -185.9 0.0
-703.9 68.4 282.1 57.8 -309.7 0.0
-614.0 -596.4 561.0 17.1 -108.9 438.0
702.7 -769.6 480.1 -206.5 -186.0 0.0
-702.4 60.7 282.1 59.3 -309.5 0.0
-613.7 -599.2 571.7 11.3 -110.9 418.0
697.4 -774.3 480.1 -212.5 -186.6 0.0
-700.9 52.9 282.1 60.5 -309.2 0.0
-613.6 -602.0 581.9 5.4 -112.8 398.0
692.0 -778.9 480.1 -216.4 -185.8 0.0
-699.3 45.2 282.1 62.0 -308.9 0.0
-613.6 -604.9 591.6 -0.5 -114.8 378.0
686.6 -781.1 488.1 -216.4 -87.6 0.0
-697.8 37.5 282.1 63.3 -308.6 0.0
-613.8 -607.8 600.8 -6.5 -116.8 358.0
681.1 -781.2 488.1 -216.5 -4.2 0.0
-696.2 29.8 282.1 64.3 -308.4 0.0
-614.1 -610.7 609.5 -12.6 -118.7 338.0
675.7 -779.6 488.1 -216.1 67.0 0.0
-694.5 22.1 282.1 65.3 -308.2 0.0
-614.6 -613.8 617.7 -18.7 -120.7 318.0
670.3 -776.4 496.1 -215.9 127.4 0.0
-693.1 15.5 282.1 55.5 -261.9 0.0
-615.2 -616.8 625.4 -25.0 -122.6 298.0
664.9 -773.2 496.1 -217.8 126.9 0.0
-692.0 10.0 282.1 47.2 -222.6 0.0
-616.0 -619.9 632.6 -31.5 -124.7 278.0
659.4 -770.0 496.1 -220.6 127.1 0.0
-691.0 5.3 282.1 40.1 -189.3 0.0
-616.9 -623.1 639.3 -38.0 -126.6 258.0
653.8 -766.8 504.1 -223.2 127.5 0.0
-690.1 1.2 282.1 34.1 -160.9 0.0
-618.1 -626.3 645.5 -44.7 -128.6 238.0
648.1 -763.6 504.1 -228.1 129.1 0.0
-689.4 -2.2 282.1 29.0 -136.7 0.0
-619.3 -629.6 651.2 -51.5 -130.6 218.0
641.6 -761.7 504.1 -261.6 77.6 0.0
-688.8 -5.1 282.1 24.6 -116.2 0.0
-617.5 -632.9 653.1 69.9 -132.7 69.6
634.3 -760.8 512.1 -289.5 34.1 0.0
-688.2 -7.6 282.1 20.9 -98.8 0.0
-615.9 -636.3 654.6 62.7 -134.8 49.6
626.5 -760.9 512.1 -313.2 -3.0 0.0
-687.8 -9.7 282.1 17.8 -84.0 0.0
-614.5 -639.7 655.6 55.5 -136.9 29.6
618.6 -761.6 520.1 -316.6 -26.5 0.0
-687.4 -11.5 282.1 16.5 -74.4 0.0
-613.3 -643.2 656.1 48.1 -139.1 9.6
610.9 -762.6 520.1 -306.7 -43.1 0.0
-686.9 -13.4 282.1 18.3 -73.7 0.0
-612.3 -646.7 656.1 40.6 -141.3 -10.4
603.4 -764.1 528.1 -301.4 -59.1 0.0
-686.4 -15.2 282.1 19.7 -73.2 0.0
-611.5 -650.3 655.5 33.2 -143.4 -30.4
596.0 -765.9 528.1 -294.3 -71.2 0.0
-685.9 -17.0 281.9 19.7 -73.2 -20.0
-610.8 -653.9 654.5 25.9 -145.5 -50.4
588.7 -768.0 538.1 -290.9 -83.1 0.0
-685.5 -18.7 281.1 17.9 -65.6 -40.0
-610.3 -657.6 653.0 19.0 -147.4 -70.4
581.1 -770.1 538.1 -306.2 -84.6 0.0
-685.1 -20.1 279.9 16.0 -58.1 -60.0
-610.0 -661.4 651.0 12.8 -149.1 -90.4
573.4 -772.1 538.1 -306.6 -82.9 0.0
-684.7 -21.4 278.1 14.1 -50.5 -80.0
-609.8 -665.1 648.5 7.3 -150.6 -110.4
565.7 -774.2 538.1 -307.0 -81.4 0.0
-684.4 -22.5 275.9 12.2 -42.9 -100.0
-609.8 -668.9 645.5 1.0 -152.2 -130.4
558.1 -776.2 538.1 -307.3 -80.0 0.0
-684.2 -23.3 273.1 10.3 -35.3 -120.0
-610.0 -672.8 642.0 -5.9 -154.0 -150.4
550.4 -778.1 538.1 -307.8 -78.3 0.0
-684.0 -24.0 269.9 8.4 -27.8 -140.0
-610.3 -676.7 638.0 -13.2 -155.9 -170.4
542.7 -780.1 538.1 -308.1 -76.9 0.0
-683.8 -24.5 266.1 6.5 -20.2 -160.0
-610.8 -680.6 633.5 -20.9 -157.8 -190.4
535.0 -782.0 538.1 -308.4 -75.7 0.0
-683.7 -24.9 261.9 4.6 -12.6 -180.0
-611.5 -684.6 628.5 -28.6 -159.7 -210.4
527.2 -783.8 538.1 -308.7 -74.5 0.0
-683.6 -25.1 257.1 3.7 -8.9 -200.0
-612.4 -688.6 622.9 -36.2 -161.6 -230.4
519.5 -785.6 538.1 -309.1 -72.9 0.0
-683.5 -25.2 251.9 2.7 -5.1 -220.0
-613.5 -692.7 616.9 -43.5 -163.4 -250.4
511.8 -787.4 538.1 -309.4 -71.5 0.0
-683.5 -25.2 246.1 1.8 -1.4 -240.0
-614.8 -696.9 610.4 -50.5 -165.0 -270.4
504.0 -789.2 538.1 -309.6 -70.6 0.0
-683.5 -25.2 239.9 0.8 2.3 -260.0
-616.2 -701.0 603.4 -57.2 -166.5 -290.4
496.3 -790.9 538.1 -309.8 -69.8 0.0
-683.5 -25.1 233.1 0.4 4.1 -280.0
-617.8 -705.2 595.9 -63.7 -168.0 -310.4
488.5 -792.4 538.1 -311.4 -60.2 0.0
-683.5 -24.9 225.9 -0.1 5.8 -300.0
-619.6 -709.5 587.9 -70.1 -169.4 -330.4
-1616.0 200.0 33.0 0.0 0.0 0.0
480.7 -793.7 538.1 -311.4 -52.2 0.0
-683.5 -24.7 218.1 -0.5 7.6 -320.0
-621.5 -713.7 579.4 -76.3 -170.8 -350.4
-1616.0 200.0 26.8 0.0 0.0 -100.0
472.9 -794.9 538.1 -314.2 -45.2 0.0
-683.5 -24.5 209.9 -1.0 9.4 -340.0
-623.5 -718.0 570.4 -82.5 -172.1 -370.4
-1616.0 200.0 24.1 0.0 0.0 0.1
465.0 -795.9 538.1 -314.2 -39.4 0.0
-683.5 -24.2 201.1 -1.3 10.4 -360.0
-625.7 -722.4 560.9 -88.7 -173.4 -390.4
-1616.0 200.0 24.1 0.0 0.0 0.0
457.3 -796.6 538.1 -309.8 -28.8 0.0
-683.6 -24.0 191.9 -1.6 11.4 -380.0
-628.1 -726.7 550.9 -95.0 -174.8 -410.4
-1616.0 200.0 24.1 0.0 0.0 0.0
449.5 -797.1 538.1 -309.0 -19.4 0.0
-683.6 -23.7 182.1 -1.9 12.5 -400.0
-630.7 -731.1 540.3 -101.3 -176.0 -430.4
-1616.0 200.0 24.1 0.0 0.0 0.0
441.8 -797.4 538.1 -307.9 -11.6 0.0
-683.7 -23.3 171.9 -2.2 13.5 -420.0
-633.3 -735.6 538.1 -107.6 -177.2 0.5
-1616.0 200.0 24.1 0.0 0.0 0.0
434.2 -797.5 538.1 -307.3 -4.8 0.0
-683.7 -23.0 161.1 -2.4 14.2 -440.0
-637.2 -739.6 538.1 -155.1 -163.1 0.0
-1616.0 200.0 24.1 0.0 0.0 0.0
427.3 -797.4 538.1 -273.5 4.2 0.0
-683.8 -22.6 149.9 -2.6 14.8 -460.0
-642.1 -743.4 538.1 -194.9 -151.0 0.0
-1614.4 199.8 24.1 65.6 -8.3 0.0
420.8 -796.8 538.1 -261.0 22.7 0.0
-683.9 -22.2 138.1 -2.8 15.5 -480.0
-644.7 -746.3 538.1 -102.9 -114.6 0.0
-1611.4 199.4 24.1 118.9 -14.7 0.0
414.5 -795.8 538.1 -250.2 38.3 0.0
-683.9 -21.8 125.9 -3.0 16.1 -500.0
-645.3 -748.4 538.1 -26.5 -84.2 0.0
-1607.1 198.9 24.1 171.1 -21.2 0.0
408.5 -794.5 538.1 -241.4 51.9 0.0
-684.0 -21.4 113.1 -3.1 16.6 -520.0
-644.4 -749.8 538.1 36.5 -57.3 0.0
-1601.7 198.2 24.1 218.0 -26.6 0.0
401.4 -793.9 538.1 -282.7 26.7 0.0
-684.1 -21.0 99.9 -3.3 17.1 -540.0
-642.3 -750.6 538.1 84.4 -32.3 0.0
-1595.2 197.4 24.1 260.4 -31.4 0.0
393.5 -793.7 538.1 -317.7 5.4 0.0
-684.2 -20.5 86.1 -3.5 17.6 -560.0
-639.1 -750.6 538.1 129.2 0.4 0.0
-1587.7 196.6 24.1 298.2 -35.8 0.0
385.4 -793.9 538.1 -323.6 -7.3 0.0
-684.3 -20.1 71.9 -3.6 18.1 -580.0
-634.9 -750.0 538.1 165.9 26.3 0.0
-1579.9 195.6 24.1 312.7 -37.5 0.0
377.4 -794.3 538.1 -321.6 -16.6 0.0
-684.4 -19.6 57.1 -3.6 18.1 -600.0
-630.1 -748.8 538.1 193.5 46.8 0.0
-1572.0 194.7 24.1 315.2 -37.9 0.0
369.3 -795.0 538.1 -320.7 -25.9 0.0
-684.5 -19.2 41.9 -3.6 18.1 -620.0
-624.7 -747.2 538.1 217.1 64.1 0.0
-1564.1 193.7 24.1 315.2 -38.1 0.0
361.4 -795.8 538.1 -318.6 -33.1 0.0
-684.5 -18.7 26.1 -3.6 18.1 -640.0
-618.8 -744.7 538.1 234.5 97.8 0.0
-1556.2 192.8 24.1 315.2 -38.0 0.0
353.4 -796.8 538.1 -317.1 -39.4 0.0
-684.6 -18.3 24.1 -3.6 18.1 0.7
-612.8 -741.8 538.1 238.5 116.9 0.0
-1548.4 191.8 24.1 315.2 -38.4 0.0
345.6 -797.9 538.1 -315.9 -44.7 0.0
-683.9 -20.0 24.1 30.9 -68.8 0.0
-607.1 -738.7 538.1 230.1 123.3 0.0
-1540.5 190.8 24.1 315.1 -39.0 0.0
337.7 -799.2 538.1 -315.0 -50.1 0.0
-682.5 -23.2 24.1 56.4 -127.2 0.0
-601.5 -735.5 538.1 222.5 128.1 0.0
-1532.7 190.0 24.1 312.5 -33.0 0.0
329.8 -800.5 538.1 -313.8 -54.5 0.0
-680.5 -27.7 24.1 79.6 -180.2 0.0
-596.4 -733.3 538.1 204.8 89.2 0.0
-1524.8 189.3 24.1 315.1 -27.8 0.0
322.0 -802.0 538.1 -312.9 -58.6 0.0
-678.0 -33.3 24.1 99.3 -225.3 0.0
-591.6 -731.9 538.1 190.4 55.0 0.0
-1516.9 188.7 24.1 315.0 -23.5 0.0
314.2 -803.5 538.1 -312.0 -61.9 0.0
-675.1 -39.9 24.1 116.3 -263.5 0.0
-587.2 -731.3 538.1 178.8 24.8 0.0
-1509.0 188.2 24.1 315.1 -19.6 0.0
306.4 -805.2 538.1 -311.3 -65.4 0.0
-671.9 -47.1 24.1 127.4 -288.1 0.0
-582.9 -731.4 538.1 170.5 -2.0 0.0
-1501.1 187.8 24.1 315.5 -15.4 0.0
298.7 -806.9 538.1 -310.5 -68.0 0.0
-668.7 -54.3 24.1 127.4 -288.0 0.0
-580.9 -731.7 538.1 79.9 -14.0 0.0
-1493.2 187.5 24.1 317.9 -11.8 0.0
290.9 -808.6 538.1 -309.9 -70.3 0.0
-665.5 -61.5 24.1 127.5 -288.0 0.0
-581.1 -732.3 538.1 -6.1 -24.4 0.0
-1485.3 187.3 24.1 317.9 -8.7 0.0
283.2 -810.4 538.1 -309.4 -72.4 0.0
-662.3 -68.7 24.1 127.3 -288.1 0.0
-583.0 -732.9 538.1 -78.0 -23.9 0.0
-1477.3 187.2 24.1 317.8 -5.9 0.0
275.5 -812.3 538.1 -308.9 -74.2 0.0
-659.2 -75.9 24.1 127.2 -288.2 0.0
-586.6 -733.8 538.1 -141.8 -33.7 0.0
-1469.4 187.1 24.1 318.1 -2.3 0.0
267.8 -814.2 538.1 -308.4 -75.7 0.0
-656.0 -83.1 24.1 127.0 -288.2 0.0
-591.5 -734.7 538.1 -199.3 -38.5 0.0
-1461.4 187.1 24.1 317.9 0.7 0.0
260.0 -816.1 538.1 -308.1 -77.0 0.0
-652.8 -90.3 24.1 126.9 -288.3 0.0
-597.7 -735.8 538.1 -245.6 -42.4 0.0
-1453.5 187.2 24.1 317.8 3.4 0.0
252.4 -818.1 538.1 -307.8 -78.0 0.0
-649.7 -97.5 24.1 125.9 -286.0 0.0
-604.7 -736.9 538.1 -281.2 -45.3 0.0
-1445.5 187.4 24.1 317.7 5.7 0.0
244.7 -820.0 538.1 -307.5 -79.2 0.0
-646.5 -104.6 24.1 125.9 -286.0 0.0
-611.3 -737.9 538.1 -264.0 -41.5 0.0
-1437.6 187.6 24.1 317.9 9.2 0.0
237.0 -822.0 538.1 -307.3 -79.9 0.0
-643.4 -111.8 24.1 125.9 -286.0 0.0
-618.2 -738.7 538.1 -273.7 -28.4 0.0
-1429.6 187.9 24.1 317.7 12.2 0.0
229.3 -824.1 538.1 -307.2 -80.3 0.0
-640.2 -118.9 24.1 125.9 -286.0 0.0
-625.6 -739.0 538.1 -297.5 -14.7 0.0
-1421.7 188.3 24.1 317.5 14.7 0.0
221.6 -826.1 538.1 -307.1 -80.7 0.0
-637.1 -126.0 24.1 125.8 -286.0 0.0
-633.4 -739.1 538.1 -311.3 -3.9 0.0
-1413.8 188.7 24.1 317.3 17.0 0.0
214.0 -828.1 538.1 -307.0 -81.1 0.0
-633.9 -133.2 24.1 125.7 -286.0 0.0
-641.4 -739.0 538.1 -320.1 4.6 0.0
-1405.8 189.3 24.1 318.1 22.4 0.0
206.3 -830.1 538.1 -306.8 -81.6 0.0
-630.8 -140.4 24.1 125.6 -286.1 0.0
-648.5 -737.2 538.1 -283.2 72.3 0.0
-1397.9 189.9 24.1 317.3 26.5 0.0
198.6 -832.2 538.1 -306.8 -81.8 0.0
-627.7 -147.5 24.1 125.6 -286.1 0.0
-654.8 -733.9 538.1 -251.9 132.4 0.0
-1390.0 190.7 24.1 316.7 30.2 0.0
190.9 -834.2 538.1 -306.7 -82.1 0.0
-624.5 -154.7 24.1 125.5 -286.1 0.0
-660.4 -729.3 538.1 -225.9 183.4 0.0
-1382.1 191.5 24.1 316.3 33.4 0.0
183.3 -836.3 538.1 -306.6 -82.5 0.0
-621.4 -161.8 24.1 125.5 -286.1 0.0
-665.5 -723.7 538.1 -203.3 224.9 0.0
-1374.3 192.2 24.1 309.8 28.7 0.0
175.6 -838.4 538.1 -306.5 -82.7 0.0
-618.2 -169.0 24.1 125.4 -286.2 0.0
-669.6 -720.7 538.1 -163.9 119.3 0.0
-1366.6 192.8 24.1 309.7 24.8 0.0
168.0 -840.4 538.1 -306.5 -82.8 0.0
-615.1 -176.1 24.1 125.4 -286.2 0.0
-672.9 -719.9 538.1 -130.8 33.9 0.0
-1358.8 193.4 24.1 309.7 21.6 0.0
160.4 -842.5 538.1 -304.0 -82.3 0.0
-612.0 -183.2 24.1 124.4 -283.9 0.0
-675.4 -720.7 538.1 -103.4 -35.0 0.0
-1351.1 193.9 24.1 307.2 18.9 0.0
152.8 -844.6 538.1 -303.9 -82.7 0.0
-608.9 -190.3 24.1 124.4 -283.9 0.0
-677.4 -723.0 538.1 -80.1 -92.9 0.0
-1343.5 194.2 24.1 305.5 14.6 0.0
145.2 -846.6 538.1 -303.9 -82.9 0.0
-605.8 -197.4 24.1 124.4 -283.9 0.0
-678.0 -726.7 538.1 -24.3 -144.4 0.0
-1335.9 194.5 24.1 302.9 11.0 0.0
137.6 -848.7 538.1 -301.4 -82.3 0.0
-602.7 -204.5 24.1 124.4 -283.9 0.0
-677.5 -731.4 538.1 23.3 -188.8 0.0
-1328.4 194.7 24.1 302.7 8.1 0.0
130.1 -850.8 538.1 -301.3 -82.7 0.0
-599.6 -211.6 24.1 124.4 -283.9 0.0
-675.9 -737.0 538.1 63.5 -226.8 0.0
-1320.9 194.8 24.1 300.2 5.4 0.0
122.6 -852.8 538.1 -301.2 -83.0 0.0
-596.5 -218.7 24.1 124.3 -283.9 0.0
-673.5 -743.5 538.1 97.1 -257.9 0.0
-1313.6 194.9 24.1 291.5 0.8 0.0
115.1 -854.9 538.1 -298.7 -82.5 0.0
-593.3 -225.8 24.1 124.2 -283.9 0.0
-669.6 -749.2 538.1 155.5 -229.3 0.0
-1306.4 194.8 24.1 288.5 -3.8 0.0
107.6 -857.0 538.1 -298.7 -82.7 0.0
-590.2 -232.9 24.1 124.2 -283.9 0.0
-664.3 -754.4 538.1 209.0 -205.4 0.0
-1299.2 194.6 24.1 285.6 -7.6 0.0
100.2 -859.0 538.1 -296.2 -82.3 0.0
-587.2 -239.9 24.1 123.2 -281.6 0.0
-657.9 -759.0 538.1 256.2 -185.7 0.0
-1292.2 194.3 24.1 282.7 -11.0 0.0
92.9 -861.1 538.1 -293.7 -81.9 0.0
-584.1 -247.0 24.1 123.2 -281.6 0.0
-650.5 -763.2 538.1 296.3 -169.1 0.0
-1284.3 194.3 24.1 313.3 2.0 0.0
85.5 -863.1 538.1 -293.6 -82.1 0.0
-581.0 -254.0 24.1 123.2 -281.6 0.0
-644.3 -764.9 538.1 248.7 -68.2 0.0
-1276.6 194.6 24.1 309.6 8.2 0.0
78.3 -865.2 538.1 -291.2 -81.5 0.0
-577.9 -261.1 24.1 123.2 -281.6 0.0
-639.1 -764.5 538.1 207.8 15.6 0.0
-1268.9 194.9 24.1 308.9 14.1 0.0
71.0 -867.2 538.1 -291.1 -81.6 0.0
-574.9 -268.0 24.1 122.2 -279.3 0.0
-634.8 -762.4 538.1 173.3 85.6 0.0
-1261.2 195.4 24.1 305.5 18.4 0.0
63.8 -869.2 538.1 -288.6 -81.2 0.0
-571.8 -275.0 24.1 122.1 -279.4 0.0
-631.2 -758.8 538.1 144.1 144.5 0.0
-1253.5 196.0 24.1 308.3 25.1 0.0
56.6 -871.3 538.1 -288.6 -81.2 0.0
-568.8 -282.0 24.1 122.1 -279.4 0.0
-628.5 -754.3 538.1 109.2 181.2 0.0
-1245.9 196.7 24.1 304.8 29.5 0.0
49.4 -873.3 538.1 -286.2 -80.7 0.0
-565.7 -289.0 24.1 122.1 -279.4 0.0
-626.5 -749.0 538.1 79.8 211.2 0.0
-1238.3 197.6 24.1 303.9 33.5 0.0
42.2 -875.3 538.1 -286.2 -80.6 0.0
-562.7 -295.9 24.1 119.9 -274.8 0.0
-625.1 -742.9 538.1 53.9 241.6 0.0
-1230.8 198.5 24.1 300.8 36.4 0.0
35.1 -877.3 538.1 -283.7 -80.1 0.0
-559.7 -302.7 24.1 119.8 -274.9 0.0
-624.4 -736.1 538.1 30.2 272.2 0.0
-1223.1 199.5 24.1 305.7 42.7 0.0
28.1 -879.3 538.1 -281.2 -79.7 0.0
-556.7 -309.6 24.1 119.6 -274.9 0.0
-624.3 -728.7 538.1 1.1 296.8 0.0
-1215.5 200.7 24.1 304.7 46.8 0.0
21.1 -881.3 538.1 -281.2 -79.8 0.0
-553.7 -316.5 24.1 119.5 -275.0 0.0
-624.7 -721.2 538.1 -16.6 299.9 0.0
-1207.9 202.0 24.1 303.9 49.9 0.0
14.1 -883.3 538.1 -278.7 -79.2 0.0
-550.8 -323.2 24.1 117.7 -270.3 0.0
-625.5 -713.7 538.1 -30.7 300.1 0.0
-1200.3 203.3 24.1 303.3 52.6 0.0
7.2 -885.2 538.1 -276.2 -79.1 0.0
-547.8 -330.0 24.1 117.9 -270.2 0.0
-626.5 -706.3 538.1 -41.1 296.2 0.0
-1192.6 204.8 24.1 308.2 59.7 0.0
0.4 -887.2 538.1 -273.6 -79.0 0.0
-544.9 -336.8 24.1 118.0 -270.2 0.0
-627.4 -700.0 538.1 -35.0 251.7 0.0
-1184.9 206.4 24.1 309.3 64.9 0.0
-6.5 -889.2 538.1 -273.5 -79.3 0.0
-541.9 -343.5 24.1 118.1 -270.1 0.0
-628.2 -694.7 538.1 -29.7 214.0 0.0
-1177.2 208.1 24.1 308.2 68.4 0.0
-13.2 -891.2 538.1 -270.9 -79.1 0.0
-539.1 -350.0 24.1 113.9 -261.0 0.0
-628.9 -689.9 538.1 -29.2 189.4 0.0
-1169.5 209.9 24.1 307.3 71.6 0.0
-20.6 -893.1 538.1 -295.4 -75.3 0.0
-536.3 -356.6 24.1 113.7 -261.0 0.0
-629.7 -685.5 538.1 -32.5 176.0 0.0
-1161.8 211.9 24.1 310.0 81.1 0.0
-28.0 -894.8 538.1 -296.3 -69.2 0.0
-533.4 -363.1 24.1 113.6 -261.1 0.0
-630.4 -681.8 538.1 -27.7 149.6 0.0
-1158.5 215.4 24.1 46.0 161.9 0.0
-35.4 -896.4 538.1 -296.9 -64.2 0.0
-530.6 -369.6 24.1 113.4 -261.2 0.0
-631.0 -678.6 538.1 -23.5 127.2 0.0
-1157.1 220.0 24.1 52.8 184.9 0.0
-42.9 -897.9 538.1 -297.3 -60.0 0.0
-529.1 -376.9 24.1 57.6 -291.2 0.0
-631.8 -675.5 538.1 -33.8 126.3 0.0
-1155.7 225.1 24.1 58.4 204.6 0.0
-51.1 -898.6 538.1 -328.1 -26.3 0.0
-528.9 -384.8 24.1 10.1 -316.7 0.0
-632.9 -672.3 538.1 -42.5 125.6 0.0
-1154.0 230.9 24.1 66.5 232.8 0.0
-59.5 -898.7 538.1 -335.1 -4.1 0.0
-529.6 -393.3 24.1 -30.3 -338.4 0.0
-633.8 -669.6 538.1 -37.3 107.9 0.0
-1151.4 237.1 24.1 105.4 247.0 0.0
-67.7 -898.4 538.1 -330.4 11.5 0.0
-531.0 -401.6 24.1 -52.2 -334.8 0.0
-634.9 -667.1 538.1 -42.2 101.7 0.0
-1148.1 243.4 24.1 131.8 252.5 0.0
-75.9 -897.8 538.1 -325.9 24.3 0.0
-533.1 -410.0 24.1 -84.9 -333.0 0.0
-636.1 -664.7 538.1 -47.2 97.1 0.0
-1144.6 249.4 24.1 137.4 240.1 0.0
-83.9 -896.8 538.1 -323.0 38.7 0.0
-535.6 -417.9 24.1 -100.2 -316.7 0.0
-637.3 -662.3 538.1 -51.3 92.9 0.0
-1140.1 255.4 24.1 182.8 240.9 0.0
-91.9 -895.5 538.1 -318.7 50.3 0.0
-538.5 -425.5 24.1 -114.7 -304.6 0.0
-638.4 -660.4 538.1 -43.6 79.0 0.0
-1134.8 261.3 24.1 209.5 234.9 0.0
-99.8 -894.0 538.1 -314.9 60.1 0.0
-541.6 -432.9 24.1 -127.0 -294.3 0.0
-639.4 -658.7 538.1 -39.6 68.0 0.0
-1129.5 266.8 24.1 215.1 220.2 0.0
-107.6 -892.3 538.1 -311.6 68.6 0.0
-544.7 -439.4 24.1 -121.4 -260.4 0.0
-640.5 -657.1 538.1 -43.3 62.4 0.0
-1124.0 272.0 24.1 217.1 206.1 0.0
-115.3 -890.4 538.1 -307.6 77.2 0.0
-547.7 -445.2 24.1 -119.7 -233.9 0.0
-641.6 -655.7 538.1 -45.5 57.8 0.0
-1118.8 276.7 24.1 208.3 190.0 0.0
-122.9 -888.3 538.1 -304.4 85.0 0.0
-550.9 -450.7 24.1 -130.1 -220.3 0.0
-642.5 -654.5 538.1 -36.2 46.0 0.0
-1113.7 281.2 24.1 206.0 179.4 0.0
-130.4 -886.0 538.1 -301.4 91.4 0.0
-554.4 -455.9 24.1 -138.8 -208.8 0.0
-643.4 -653.6 538.1 -33.4 37.0 0.0
-1108.6 285.5 24.1 205.1 171.2 0.0
-137.9 -883.6 538.1 -298.9 96.6 0.0
-559.1 -460.9 24.1 -189.7 -199.4 0.0
-644.2 -652.8 538.1 -33.7 30.4 0.0
-1103.5 289.5 24.1 201.7 162.4 0.0
-145.3 -881.0 538.1 -295.1 102.3 0.0
-565.0 -465.7 24.1 -233.5 -191.8 0.0
-645.0 -652.2 538.1 -33.0 24.9 0.0
-1098.2 293.5 24.1 211.5 159.7 0.0
-152.6 -878.3 538.1 -292.5 107.5 0.0
-571.5 -470.3 24.1 -260.2 -182.1 0.0
-645.7 -651.8 538.1 -26.9 17.3 0.0
-1093.0 297.3 24.1 210.2 152.0 0.0
-159.8 -875.5 538.1 -290.4 112.1 0.0
-578.1 -474.5 24.1 -264.5 -168.1 0.0
-646.3 -651.5 538.1 -21.7 10.9 0.0
-1087.8 300.9 24.1 205.8 143.9 0.0
-167.0 -872.6 538.1 -288.4 115.9 0.0
-583.6 -480.0 24.1 -220.4 -222.2 0.0
-646.6 -651.3 538.1 -15.6 6.0 0.0
-1082.7 304.4 24.1 203.5 137.6 0.0
-174.2 -869.6 538.1 -284.7 120.2 0.0
-588.2 -486.7 24.1 -182.9 -268.1 0.0
-646.9 -651.3 538.1 -9.0 2.4 0.0
-1077.2 307.8 24.1 220.5 137.6 0.0
-181.3 -866.5 538.1 -284.6 125.4 0.0
-591.9 -494.4 24.1 -151.0 -307.1 0.0
-647.0 -651.3 538.1 -6.2 1.0 0.0
-1071.7 311.1 24.1 220.5 131.2 0.0
-188.3 -863.3 538.1 -282.7 128.7 0.0
-595.1 -502.5 24.1 -124.8 -325.0 0.0
-647.2 -651.2 538.1 -6.2 1.0 0.0
-1066.2 314.2 24.1 220.1 125.7 0.0
-195.4 -859.9 538.1 -283.4 132.8 0.0
-596.4 -510.2 24.1 -54.2 -304.9 0.0
-647.3 -651.2 538.1 -6.2 1.0 0.0
-1060.7 317.2 24.1 219.4 120.9 0.0
-202.4 -856.5 538.1 -279.7 136.7 0.0
-596.3 -517.4 24.1 0.0 -50.0 1018.0
-647.5 -651.2 538.1 -6.2 1.0 0.0
-1054.3 320.2 24.1 256.4 116.4 0.0
-209.4 -853.0 538.1 -279.5 141.7 0.0
-596.1 -518.7 49.3 5.2 -52.9 998.0
-647.6 -651.2 538.1 -5.6 0.7 0.0
-1047.7 322.9 24.1 266.4 108.4 0.0
-216.4 -849.3 538.1 -279.8 146.2 0.0
-595.9 -520.1 74.0 10.4 -55.7 978.0
-647.8 -651.1 538.1 -5.6 0.7 0.0
-1041.0 325.4 24.1 265.5 99.8 0.0
-223.4 -845.6 538.1 -278.1 149.0 0.0
-595.7 -521.6 98.2 5.7 -60.8 958.0
-647.9 -651.1 538.1 -5.6 0.7 0.0
-1034.3 327.7 24.1 266.9 92.8 0.0
-230.2 -841.7 538.1 -274.3 155.4 0.0
-595.7 -523.2 121.9 1.0 -65.9 938.0
-648.1 -651.1 538.1 -5.6 0.7 0.0
-1026.8 329.6 24.1 303.6 74.7 0.0
-237.0 -837.7 538.1 -272.5 161.9 0.0
-595.8 -525.0 145.1 -3.7 -71.1 918.0
-648.2 -651.1 538.1 -5.0 0.8 0.0
-1018.9 331.1 24.1 313.7 60.5 0.0
-243.8 -833.5 538.1 -271.3 167.9 0.0
-596.0 -526.9 167.8 -8.4 -76.2 898.0
-648.3 -651.1 538.1 -5.0 0.8 0.0
-1011.1 332.3 24.1 313.0 48.9 0.0
-250.5 -829.2 538.1 -268.4 171.5 0.0
-596.3 -529.0 190.0 -13.1 -81.4 878.0
-648.4 -651.1 538.1 -5.0 0.8 0.0
-1003.2 333.3 24.1 314.8 39.1 0.0
-257.0 -825.5 538.1 -259.7 145.2 0.0
-596.8 -531.1 211.7 -17.9 -86.5 858.0
-648.6 -651.0 538.1 -5.0 0.8 0.0
-995.2 334.0 24.1 319.8 27.6 0.0
-263.3 -822.5 538.1 -251.9 122.8 0.0
-597.4 -533.4 232.9 -22.7 -91.7 838.0
-648.7 -651.0 538.1 -5.0 0.8 0.0
-987.2 334.4 24.1 321.4 18.0 0.0
-269.4 -819.9 538.1 -244.2 103.7 0.0
-598.0 -535.8 253.6 -27.5 -96.9 818.0
-648.8 -651.0 538.1 -5.0 0.8 0.0
-979.2 334.7 24.1 320.5 10.0 0.0
-275.3 -817.7 538.1 -236.3 87.6 0.0
-598.9 -538.4 273.8 -32.4 -102.2 798.0
-648.9 -651.0 538.1 -5.0 0.8 0.0
-971.2 334.7 24.1 319.9 3.1 0.0
-281.6 -816.0 538.1 -251.0 68.8 0.0
-599.8 -541.1 293.5 -37.3 -107.4 778.0
-649.0 -650.9 538.1 -5.0 0.8 0.0
-963.2 334.6 24.1 320.7 -5.2 0.0
-288.0 -814.6 538.1 -257.5 53.3 0.0
-600.8 -543.9 312.7 -42.2 -112.7 758.0
-649.2 -650.9 538.1 -4.4 0.5 0.0
-955.2 334.3 24.1 319.5 -11.7 0.0
-294.6 -813.6 538.1 -260.9 40.4 0.0
-602.0 -546.8 331.4 -47.1 -117.9 738.0
-649.3 -650.9 538.1 -4.4 0.5 0.0
-947.2 333.9 24.1 318.8 -17.6 0.0
-301.2 -812.9 538.1 -264.5 29.5 0.0
-603.3 -549.9 349.6 -52.0 -123.3 718.0
-649.4 -650.9 538.1 -4.4 0.5 0.0
-939.3 333.3 24.1 317.8 -22.3 0.0
-308.3 -812.6 538.1 -285.2 13.1 0.0
-604.7 -553.1 367.3 -57.0 -128.6 698.0
-649.5 -650.9 538.1 -4.4 0.5 0.0
-931.3 332.6 24.1 318.7 -29.9 0.0
-315.4 -812.5 538.1 -285.6 2.7 0.0
-606.3 -556.5 384.5 -62.0 -133.9 678.0
-649.6 -650.9 538.1 -4.3 1.0 0.0
-923.4 331.7 24.1 317.4 -36.0 0.0
-322.5 -812.6 538.1 -283.9 -5.9 0.0
-608.0 -560.0 401.2 -67.0 -139.3 658.0
-649.7 -650.9 538.1 -4.3 1.0 0.0
-915.4 330.6 24.1 316.1 -40.9 0.0
-329.6 -813.0 538.1 -282.5 -13.1 0.0
-609.6 -563.4 417.4 -67.0 -139.3 638.0
-649.8 -650.8 538.1 -4.3 1.0 0.0
-907.6 329.5 24.1 315.2 -45.0 0.0
-336.6 -813.5 538.1 -279.0 -21.9 0.0
-611.3 -566.9 433.1 -67.0 -139.3 618.0
-649.9 -650.8 538.1 -4.3 1.0 0.0
-899.8 328.2 24.1 312.2 -53.8 0.0
-343.1 -814.1 538.1 -259.6 -24.8 0.0
-613.0 -570.4 448.3 -67.0 -139.3 598.0
-650.0 -650.8 538.1 -3.7 0.7 0.0
-892.0 326.6 24.1 309.7 -61.3 0.0
-349.0 -814.8 538.1 -238.5 -26.0 0.0
-614.7 -573.9 463.0 -67.0 -139.3 578.0
-650.1 -650.8 538.1 -3.7 0.7 0.0
-884.3 324.9 24.1 307.5 -67.8 0.0
-355.0 -815.6 538.1 -236.9 -31.4 0.0
-616.3 -577.4 477.2 -67.0 -139.3 558.0
-650.2 -650.8 538.1 -3.7 0.7 0.0
-876.6 323.1 24.1 307.9 -74.2 0.0
-361.0 -816.6 538.1 -242.4 -41.9 0.0
-618.0 -580.9 490.9 -67.0 -139.3 538.0
-650.3 -650.7 538.1 -3.7 0.7 0.0
-868.8 321.5 24.1 312.5 -65.2 0.0
-367.0 -817.8 538.1 -240.1 -48.2 0.0
-617.3 -583.6 504.1 35.2 -105.2 518.0
-650.4 -650.7 538.1 -3.7 0.8 0.0
-861.0 320.0 24.1 312.8 -57.4 0.0
-373.0 -819.2 538.1 -238.1 -53.6 0.0
-616.5 -586.2 516.8 35.2 -105.2 498.0
-650.5 -650.7 538.1 -3.7 0.9 0.0
-853.2 318.8 24.1 313.1 -50.8 0.0
-615.7 -588.9 538.1 28.4 -104.1 478.0
-650.6 -650.7 538.1 -3.7 0.9 0.0
-845.3 317.6 24.1 313.5 -45.0 0.0
-615.2 -591.5 549.8 22.9 -106.0 458.0
-650.7 -650.7 538.1 -3.7 0.9 0.0
-837.5 316.7 24.1 311.7 -36.3 0.0
-614.7 -594.2 561.0 16.7 -108.2 438.0
-650.7 -650.6 538.1 -3.1 0.5 0.0
-829.8 316.0 24.1 308.8 -29.1 0.0
-614.5 -597.0 571.7 9.9 -110.7 418.0
-650.8 -650.6 538.1 -3.1 0.3 0.0
-822.1 315.4 24.1 308.7 -22.7 0.0
-614.4 -599.8 581.9 2.6 -113.3 398.0
-650.9 -650.6 538.1 -3.1 0.3 0.0
-814.5 315.0 24.1 305.9 -17.5 0.0
-614.6 -602.7 591.6 -4.8 -116.0 378.0
-651.0 -650.6 538.1 -3.8 0.2 0.0
-807.1 314.8 24.1 292.6 -8.0 0.0
-614.9 -605.7 600.8 -12.3 -118.6 358.0
-651.1 -650.6 538.1 -3.8 0.2 0.0
-800.0 314.8 24.1 285.8 1.1 0.0
-615.4 -608.7 609.5 -19.7 -121.2 338.0
-651.2 -650.6 538.1 -3.8 0.1 0.0
-793.0 315.0 24.1 281.4 9.1 0.0
-616.0 -611.8 617.7 -26.8 -123.6 318.0
-651.3 -650.6 538.1 -3.7 0.7 0.0
-786.1 315.4 24.1 274.9 15.3 0.0
-616.9 -615.0 625.4 -33.4 -125.9 298.0
-651.4 -650.6 538.1 -3.7 0.7 0.0
-779.0 315.9 24.1 281.9 18.3 0.0
-617.8 -618.2 632.6 -39.4 -127.9 278.0
-651.4 -650.6 538.1 -3.1 0.8 0.0
-772.2 316.4 24.1 274.2 19.3 0.0
-619.0 -621.4 639.3 -44.8 -129.8 258.0
-651.5 -650.5 538.1 -3.1 0.4 0.0
-765.5 316.9 24.1 269.0 20.4 0.0
-620.2 -624.7 645.5 -51.0 -131.8 238.0
-651.6 -650.5 538.1 -3.1 0.1 0.0
-758.9 317.4 24.1 261.3 20.9 0.0
-621.7 -628.1 651.2 -57.8 -134.0 218.0
-651.7 -650.5 538.1 -3.1 0.4 0.0
-753.0 317.9 24.1 237.1 20.6 0.0
-619.9 -631.5 653.0 66.8 -136.3 66.5
-651.8 -650.5 538.1 -3.1 0.1 0.0
-747.3 318.5 24.1 226.5 22.1 0.0
-618.4 -634.9 654.4 59.9 -138.5 46.5
-651.8 -650.5 538.1 -3.1 0.3 0.0
-741.5 319.1 24.1 233.5 26.4 0.0
-617.1 -638.4 655.3 52.6 -140.7 26.5
-651.9 -650.5 538.1 -2.5 0.2 0.0
-735.5 319.9 24.1 240.4 30.1 0.0
-616.0 -642.0 655.8 45.1 -143.0 6.5
-652.0 -650.5 538.1 -2.5 0.4 0.0
-728.7 319.9 24.1 273.7 0.8 0.0
-615.0 -645.6 655.7 37.5 -145.3 -13.5
-652.0 -650.5 538.1 -1.9 0.4 0.0
-721.2 319.3 24.1 299.6 -23.5 0.0
-614.3 -649.3 655.1 30.0 -147.6 -33.5
-652.0 -650.5 538.1 -1.9 0.2 0.0
-714.0 318.5 24.1 288.4 -32.1 0.0
-613.7 -653.1 654.0 22.4 -149.8 -53.5
-652.1 -650.5 538.1 -2.5 0.3 0.0
-707.0 317.5 24.1 280.1 -39.8 0.0
-613.3 -656.9 652.4 14.8 -152.0 -73.5
-652.2 -650.5 538.1 -2.5 0.5 0.0
-699.8 316.1 24.1 284.9 -55.2 0.0
-613.1 -660.7 650.3 7.4 -154.1 -93.5
-652.2 -650.5 538.1 -2.5 0.2 0.0
-693.0 314.6 24.1 273.7 -61.0 0.0
-613.2 -664.6 647.7 -0.1 -156.1 -113.5
-652.3 -650.5 538.1 -2.5 0.5 0.0
-686.3 312.9 24.1 265.7 -66.9 0.0
-613.3 -668.6 644.6 -7.2 -158.0 -133.5
-652.4 -650.4 538.1 -2.5 0.5 0.0
-679.9 311.1 24.1 258.1 -71.4 0.0
-613.7 -672.6 641.1 -13.8 -159.7 -153.5
-652.4 -650.4 538.1 -2.5 0.5 0.0
-673.4 309.0 24.1 261.5 -83.9 0.0
-614.2 -676.6 637.0 -20.2 -161.4 -173.5
-652.5 -650.4 538.1 -2.4 0.8 0.0
-667.0 306.8 24.1 253.3 -88.4 0.0
-614.8 -680.7 632.4 -26.5 -163.1 -193.5
-652.5 -650.4 538.1 -1.9 0.1 0.0
-660.9 304.5 24.1 245.7 -91.8 0.0
-615.6 -684.8 627.3 -32.1 -164.5 -213.5
-652.6 -650.4 538.1 -1.9 0.3 0.0
-655.0 302.2 24.1 236.3 -92.9 0.0
-616.6 -689.0 621.7 -38.2 -166.0 -233.5
-652.6 -650.4 538.1 -1.9 0.3 0.0
-648.8 299.5 24.1 245.6 -109.9 0.0
-617.7 -693.1 615.6 -44.4 -167.6 -253.5
-652.7 -650.4 538.1 -1.8 0.5 0.0
-642.9 296.7 24.1 237.2 -112.8 0.0
-619.0 -697.4 609.0 -50.6 -169.1 -273.5
-652.7 -650.4 538.1 -1.9 -0.0 0.0
-637.2 293.8 24.1 229.6 -115.0 0.0
-620.4 -701.6 602.0 -57.3 -170.7 -293.5
-652.8 -650.4 538.1 -1.9 0.0 0.0
-631.6 290.9 24.1 222.6 -116.5 0.0
-622.0 -705.9 594.4 -64.5 -172.4 -313.5
-652.8 -650.4 538.1 -1.9 -0.0 0.0
-625.7 287.0 24.1 236.8 -152.8 0.0
-623.8 -710.3 586.3 -71.7 -174.1 -333.5
-652.9 -650.4 538.1 -1.9 0.2 0.0
-619.8 282.8 24.1 235.4 -168.2 0.0
-625.8 -714.7 577.7 -78.8 -175.8 -353.5
-652.9 -650.4 538.1 -1.9 0.4 0.0
-614.1 278.5 24.1 226.6 -173.2 0.0
-627.9 -719.1 568.6 -86.4 -177.3 -373.5
-652.9 -650.4 538.1 -1.9 -0.1 0.0
-608.7 274.1 24.1 218.7 -176.6 0.0
-630.3 -723.6 559.0 -94.0 -178.9 -393.5
-653.0 -650.4 538.1 -1.9 0.4 0.0
-602.1 270.1 24.1 260.8 -160.1 0.0
-632.8 -728.1 548.9 -101.6 -180.5 -413.5
-653.0 -650.4 538.1 -1.9 0.0 0.0
-594.9 266.5 24.1 288.5 -144.9 0.0
-635.6 -732.7 538.3 -109.3 -182.1 -433.5
-653.1 -650.4 538.1 -1.9 0.2 0.0
-587.6 263.2 24.1 292.7 -129.6 0.0
-638.3 -734.9 538.4 -109.0 -88.7 0.4
-653.1 -650.4 538.1 -1.9 0.2 0.0
-580.2 260.3 24.1 294.7 -116.2 0.0
-641.0 -735.1 538.4 -108.5 -9.2 0.0
-653.2 -650.4 538.1 -1.9 0.2 0.0
-573.9 255.9 24.1 253.8 -178.1 0.0
-643.7 -733.7 538.4 -108.1 58.3 0.0
-653.2 -650.4 538.1 -1.9 -0.2 0.0
-568.4 250.1 24.1 219.1 -230.7 0.0
-646.4 -730.8 538.4 -107.8 115.7 0.0
-653.3 -650.4 538.1 -1.9 -0.1 0.0
-563.7 243.2 24.1 189.2 -275.4 0.0
-648.9 -726.7 538.4 -98.9 162.8 0.0
-653.3 -650.4 538.1 -1.9 -0.1 0.0
-559.6 235.4 24.1 163.4 -312.2 0.0
-651.2 -721.6 538.4 -91.3 202.9 0.0
-653.4 -650.4 538.1 -1.9 -0.1 0.0
-556.5 226.9 24.1 126.2 -338.8 0.0
-653.3 -715.7 538.4 -84.8 236.9 0.0
-653.4 -650.4 538.1 -1.9 0.1 0.0
-554.0 218.5 24.1 98.7 -337.1 0.0
-655.2 -709.4 538.4 -77.9 252.4 0.0
-653.5 -650.4 538.1 -1.9 0.1 0.0
-552.1 210.2 24.1 76.0 -332.5 0.0
-656.9 -704.0 538.4 -66.2 215.1 0.0
-653.5 -650.4 538.1 -1.9 0.1 0.0
-550.7 202.0 24.1 56.6 -329.2 0.0
-658.3 -699.3 538.4 -56.3 188.2 0.0
-653.6 -650.4 538.1 -1.9 0.1 0.0
-550.1 193.6 24.1 24.0 -336.3 0.0
-659.5 -694.6 538.4 -48.3 188.4 0.0
-653.6 -650.4 538.1 31.0 465.6 217.8
-550.0 185.4 24.1 3.0 -327.0 0.0
-652.8 -638.7 543.3 31.0 465.6 197.8
-550.4 177.4 24.1 -16.0 -321.6 0.0
-652.0 -627.1 548.0 31.0 465.6 177.8
-551.2 169.5 24.1 -31.2 -315.1 0.0
-651.2 -615.4 552.2 31.0 465.6 157.8
-552.5 162.1 24.1 -51.9 -295.2 0.0
-650.5 -603.8 555.9 31.0 465.6 137.8
-554.2 155.1 24.1 -69.9 -278.8 0.0
-649.7 -592.1 559.1 31.0 465.6 117.8
-556.4 148.5 24.1 -85.6 -264.9 0.0
-648.9 -580.5 561.8 31.0 465.6 97.8
-558.8 142.2 24.1 -96.9 -251.0 0.0
-648.1 -568.9 564.0 31.0 465.6 77.8
-561.0 134.9 24.1 -90.5 -292.3 0.0
-647.4 -557.2 565.7 31.0 465.6 57.8
-563.1 127.2 24.1 -83.6 -310.3 0.0
-646.6 -545.6 566.9 31.0 465.6 37.8
-565.0 119.4 24.1 -75.9 -311.3 0.0
-645.8 -533.9 567.6 31.0 465.6 17.8
-566.8 111.6 24.1 -69.5 -311.9 0.0
-645.0 -522.3 567.8 31.0 465.6 -2.2
-568.3 103.7 24.1 -62.3 -314.1 0.0
-644.3 -510.7 567.5 31.0 465.6 -22.2
-569.7 95.9 24.1 -56.4 -314.2 0.0
-643.5 -499.0 566.7 31.0 465.6 -42.2
-571.0 88.0 24.1 -51.4 -314.6 0.0
-642.7 -487.4 565.4 31.0 465.6 -62.2
-572.2 80.1 24.1 -47.1 -314.9 0.0
-642.0 -475.7 563.6 31.0 465.6 -82.2
-573.2 72.2 24.1 -42.0 -316.1 0.0
-641.2 -464.1 561.2 31.0 465.6 -102.2
-574.2 64.3 24.1 -37.6 -316.2 0.0
-640.4 -452.5 558.4 31.0 465.6 -122.2
-575.0 56.4 24.1 -33.6 -316.5 0.0
-639.6 -440.8 555.1 31.0 465.6 -142.2
-575.8 48.5 24.1 -30.3 -316.6 0.0
-638.9 -429.2 551.3 31.0 465.6 -162.2
-576.4 40.6 24.1 -25.9 -317.4 0.0
-638.1 -417.5 547.0 31.0 465.6 -182.2
-577.0 32.6 24.1 -22.0 -317.5 0.0
-637.3 -405.9 542.2 31.0 465.6 -202.2
-577.5 24.7 24.1 -18.7 -317.5 0.0
-636.5 -394.2 536.9 31.0 465.6 -222.2
-577.8 16.8 24.1 -16.0 -317.5 0.0
-635.8 -382.6 531.1 31.0 465.6 -242.2
-578.1 8.8 24.1 -10.7 -318.7 0.0
-635.0 -371.0 524.8 31.0 465.6 -262.2
-578.3 0.8 24.1 -6.0 -318.5 0.0
-634.2 -359.3 518.0 31.0 465.6 -282.2
-578.3 -7.1 24.1 -2.3 -318.2 0.0
-633.4 -347.7 510.7 31.0 465.6 -302.2
-578.3 -15.1 24.1 1.0 -318.0 0.0
-632.7 -336.0 502.9 31.0 465.6 -322.2
-578.3 -23.0 24.1 1.3 -317.5 0.0
-631.9 -324.4 494.6 31.0 465.6 -342.2
-578.2 -31.0 24.1 1.9 -317.5 0.0
-631.1 -312.8 485.8 31.0 465.6 -362.2
-578.2 -38.9 24.1 2.1 -317.5 0.0
-630.3 -301.1 476.5 31.0 465.6 -382.2
-578.1 -46.8 24.1 2.3 -317.5 0.0
-629.6 -289.5 466.7 31.0 465.6 -402.2
-578.1 -54.8 24.1 2.1 -317.5 0.0
-628.8 -277.8 456.4 31.0 465.6 -422.2
-578.0 -62.7 24.1 2.3 -317.5 0.0
-628.0 -266.2 445.6 31.0 465.6 -442.2
-577.9 -70.6 24.1 2.4 -317.5 0.0
-627.3 -254.6 434.3 31.0 465.6 -462.2
-577.9 -78.6 24.1 2.5 -317.5 0.0
447.0 -160.0 291.0 0.0 0.0 0.0
-626.5 -242.9 422.5 31.0 465.6 -482.2
-577.8 -86.5 24.1 2.5 -317.5 0.0
447.0 -160.0 284.8 0.0 0.0 -100.0
-625.7 -231.3 410.2 31.0 465.6 -502.2
-577.7 -94.4 24.1 2.5 -315.0 0.0
447.0 -160.0 282.1 0.0 0.0 0.1
-624.9 -219.6 397.3 31.0 465.6 -522.2
-577.7 -102.3 24.1 2.5 -315.0 0.0
447.0 -160.0 282.1 0.0 0.0 0.0
-624.2 -208.0 384.0 31.0 465.6 -542.2
-577.6 -110.1 24.1 2.6 -315.0 0.0
447.0 -160.0 282.1 0.0 0.0 0.0
-623.4 -196.3 370.2 31.0 465.6 -562.2
-577.6 -118.1 24.1 2.4 -317.5 0.0
447.0 -160.0 282.1 0.0 0.0 0.0
-622.6 -184.7 355.9 31.0 465.6 -582.2
-577.5 -126.0 24.1 2.6 -317.5 0.0
447.0 -160.0 282.1 0.0 0.0 0.0
-621.8 -173.1 341.1 31.0 465.6 -602.2
-577.4 -133.9 24.1 2.8 -317.5 0.0
447.0 -160.0 282.1 0.0 0.0 0.0
-621.1 -161.4 325.8 31.0 465.6 -622.2
-577.3 -141.9 24.1 3.0 -317.5 0.0
445.2 -159.9 282.1 -72.3 4.6 0.0
-620.3 -149.8 310.0 31.0 465.6 -642.2
-577.3 -149.8 24.1 2.9 -317.5 0.0
442.1 -159.7 282.1 -124.6 8.0 0.0
-619.5 -138.1 293.7 31.0 465.6 -662.2
-577.2 -157.6 24.1 2.8 -309.9 0.0
437.9 -159.4 282.1 -165.6 10.7 0.0
-618.7 -126.5 276.9 31.0 465.6 -682.2
-577.1 -165.1 24.1 2.7 -299.8 0.0
432.9 -159.1 282.1 -202.4 12.7 0.0
-618.0 -114.9 259.6 31.0 465.6 -702.2
-577.1 -172.2 24.1 2.5 -284.7 0.0
426.9 -158.7 282.1 -240.6 15.1 0.0
-617.2 -103.2 241.8 31.0 465.6 -722.2
-577.0 -178.2 24.1 2.1 -242.0 0.0
419.9 -158.3 282.1 -278.7 17.4 0.0
-616.4 -91.6 223.5 31.0 465.6 -742.2
-577.0 -183.4 24.1 1.8 -205.7 0.0
412.2 -157.8 282.1 -309.3 19.3 0.0
-615.6 -79.9 204.7 31.0 465.6 -762.2
-576.9 -188.3 24.1 1.8 -199.0 0.0
404.2 -157.3 282.1 -316.9 19.6 0.0
-614.9 -68.3 185.4 31.0 465.6 -782.2
-576.9 -193.8 24.1 2.4 -219.2 0.0
396.3 -156.8 282.1 -316.9 19.8 0.0
-614.1 -56.7 165.6 31.0 465.6 -802.2
-576.8 -198.5 24.1 2.0 -186.3 0.0
388.7 -156.3 282.1 -306.8 19.4 0.0
-613.3 -45.0 145.3 31.0 465.6 -822.2
-576.8 -203.1 24.1 2.0 -183.9 0.0
381.4 -155.9 282.1 -291.7 18.6 0.0
-612.5 -33.4 124.5 31.0 465.6 -842.2
-576.7 -207.9 24.1 2.5 -191.5 0.0
374.6 -155.4 282.1 -269.1 17.2 0.0
-611.8 -21.7 103.2 31.0 465.6 -862.2
-576.6 -212.8 24.1 2.7 -196.5 0.0
368.7 -155.1 282.1 -236.4 14.9 0.0
-611.0 -15.1 81.4 31.0 -0.5 -882.2
-576.6 -217.0 24.1 2.3 -167.0 0.0
362.8 -154.7 282.1 -236.5 14.2 0.0
-610.2 -15.1 59.1 31.0 -0.5 -902.2
-576.5 -220.5 24.1 1.9 -142.0 0.0
356.5 -154.4 282.1 -251.6 14.2 0.0
-609.5 -15.2 36.3 31.0 -0.5 -922.2
-576.5 -223.8 24.1 1.7 -133.5 0.0
350.0 -154.0 282.1 -261.7 14.1 0.0
-608.7 -15.2 24.1 31.0 -0.5 0.9
-576.5 -227.1 24.1 1.5 -128.5 0.0
342.9 -152.7 282.1 -282.1 54.1 0.0
-608.3 -15.2 24.1 16.0 -0.2 0.0
-576.3 -230.2 30.8 4.8 -123.9 255.0
335.5 -150.5 282.1 -296.9 86.3 0.0
-607.0 -16.2 24.1 50.6 -41.8 0.0
-576.1 -233.1 36.9 8.1 -119.4 235.0
328.2 -148.0 282.1 -290.2 99.9 0.0
-604.9 -18.0 24.1 84.2 -70.5 0.0
-575.9 -236.0 42.5 11.4 -114.8 215.0
321.1 -145.2 282.1 -285.0 112.2 0.0
-602.0 -20.4 24.1 116.8 -98.2 0.0
-575.5 -238.8 47.6 14.8 -110.3 195.0
314.9 -142.8 282.1 -247.0 95.5 0.0
-598.4 -23.5 24.1 145.6 -122.3 0.0
-575.1 -241.5 52.2 14.8 -110.3 175.0
309.0 -140.8 282.1 -237.2 81.9 0.0
-594.1 -27.0 24.1 168.1 -141.3 0.0
-574.7 -244.3 56.4 14.8 -110.3 155.0
303.4 -139.0 282.1 -224.7 70.3 0.0
-589.8 -30.7 24.1 175.5 -147.6 0.0
-574.4 -247.0 60.0 14.8 -110.3 135.0
297.6 -137.5 282.1 -232.6 61.0 0.0
-585.4 -34.4 24.1 175.5 -147.6 0.0
-574.0 -249.8 63.1 14.8 -110.3 115.0
291.5 -136.1 282.1 -244.7 54.0 0.0
-581.0 -38.1 24.1 175.4 -147.7 0.0
-573.6 -252.6 65.8 14.8 -110.3 95.0
285.2 -134.9 282.1 -252.6 48.0 0.0
-576.6 -41.8 24.1 177.3 -149.3 0.0
-573.3 -255.3 67.9 14.8 -110.3 75.0
278.7 -133.9 282.1 -257.9 42.6 0.0
-572.1 -45.6 24.1 179.1 -151.1 0.0
-572.9 -258.1 69.5 14.8 -110.3 55.0
272.1 -132.9 282.1 -263.2 38.1 0.0
-567.6 -49.4 24.1 179.1 -151.1 0.0
-572.5 -260.8 70.6 14.8 -110.3 35.0
265.2 -130.7 282.1 -277.1 89.4 0.0
-563.1 -53.2 24.1 178.7 -77.8 -16.2
-572.2 -263.6 71.2 14.8 -110.3 15.0
258.0 -127.3 282.1 -288.8 133.1 0.0
-558.5 -55.2 24.1 183.4 -81.8 0.0
-571.8 -266.3 71.4 14.8 -110.3 -5.0
250.8 -123.4 282.1 -288.0 159.0 0.0
-553.5 -58.0 24.1 203.5 -109.9 0.0
-571.4 -269.1 71.0 14.8 -110.3 -25.0
243.8 -119.1 282.1 -278.4 171.5 0.0
-548.0 -61.2 24.1 216.6 -130.1 0.0
-571.0 -271.9 70.1 14.8 -110.3 -45.0
237.1 -114.5 282.1 -267.1 185.0 0.0
-570.7 -274.6 68.8 14.8 -110.3 -65.0
230.7 -109.6 282.1 -257.0 195.5 0.0
-570.3 -277.4 66.9 14.8 -110.3 -85.0
224.5 -104.4 282.1 -248.9 205.0 0.0
-569.9 -280.1 64.5 -12.5 11.2 45.0
218.4 -99.1 282.1 -242.3 213.5 0.0
-570.2 -279.9 65.4 -12.5 11.2 25.0
212.6 -93.6 282.1 -232.1 221.0 0.0
-570.6 -279.6 65.8 -12.5 11.2 5.0
207.0 -87.8 282.1 -224.6 229.4 0.0
-570.9 -279.3 65.6 -12.5 11.2 -15.0
201.6 -82.0 282.1 -216.8 234.2 0.0
-571.2 -279.0 65.0 -12.5 11.2 -35.0
196.3 -76.0 282.1 -211.8 240.6 0.0
-571.5 -278.7 63.9 -12.5 11.2 -55.0
191.8 -70.9 282.1 -180.0 204.5 0.0
-571.8 -278.4 62.3 -12.5 11.2 -75.0
188.0 -66.5 282.1 -153.0 173.8 0.0
-572.1 -278.2 60.1 -12.5 11.2 -95.0
184.4 -62.3 282.1 -141.9 170.2 0.0
-572.4 -277.9 57.5 -12.5 11.2 -115.0
181.0 -57.9 282.1 -135.8 173.1 0.0
-576.0 1088.0 163.0 0.0 0.0 0.0
-572.7 -277.6 54.4 -12.5 11.2 -135.0
178.2 -54.3 282.1 -115.4 147.1 0.0
-576.0 1088.0 156.8 0.0 0.0 -100.0
-573.1 -277.3 50.8 -12.5 11.2 -155.0
175.7 -51.1 282.1 -98.1 125.0 0.0
-576.0 1088.0 154.0 0.0 0.0 -120.0
-573.4 -277.0 46.6 -12.5 11.2 -175.0
173.5 -48.2 282.1 -88.6 119.2 0.0
-576.0 1088.0 152.1 0.0 0.0 0.1
-573.7 -276.8 42.0 -12.5 11.2 -195.0
171.4 -45.1 282.1 -83.3 121.3 0.0
-576.0 1088.0 152.1 0.0 0.0 0.0
-574.0 -276.5 36.9 -12.5 11.2 -215.0
171.1 -43.2 282.1 -12.2 76.9 0.0
-576.0 1088.0 152.1 0.0 0.0 0.0
-574.3 -276.2 31.3 -12.5 11.2 -235.0
172.5 -42.4 282.1 54.5 33.2 0.0
-576.0 1088.0 152.1 0.0 0.0 0.0
-574.6 -275.9 25.1 -12.5 11.2 -255.0
175.2 -42.5 282.1 110.9 -5.1 0.0
-576.0 1088.0 152.1 0.0 0.0 0.0
-574.9 -275.6 24.1 -12.5 11.2 0.3
179.4 -43.4 282.1 166.3 -36.2 0.0
-577.7 1088.2 152.1 -66.4 7.1 0.0
-575.0 -275.6 24.1 -1.3 1.2 0.0
184.7 -45.0 282.1 212.9 -65.1 0.0
-580.5 1088.5 152.1 -113.5 12.4 0.0
-573.7 -274.8 24.1 49.1 30.7 0.0
191.0 -47.3 282.1 252.3 -90.1 0.0
-584.3 1088.9 152.1 -153.4 16.8 0.0
-571.6 -273.5 24.1 85.1 53.1 0.0
198.1 -50.0 282.1 283.4 -110.6 0.0
-589.2 1089.4 152.1 -195.5 21.2 0.0
-568.6 -271.6 24.1 121.0 75.4 0.0
204.8 -52.7 282.1 269.7 -108.1 0.0
-595.2 1090.1 152.1 -237.6 25.8 0.0
-564.8 -269.3 24.1 151.5 94.3 0.0
211.1 -55.3 282.1 250.4 -102.8 0.0
-602.1 1090.8 152.1 -277.8 29.8 0.0
-560.9 -266.8 30.8 156.2 97.5 255.0
216.7 -57.6 282.1 221.9 -92.1 0.0
-609.9 1091.7 152.1 -313.2 33.7 0.0
-556.9 -264.3 36.9 160.8 100.7 235.0
222.3 -60.1 282.1 227.2 -98.0 0.0
-617.8 1092.5 152.1 -315.6 34.2 0.0
-552.7 -261.7 42.5 165.5 103.9 215.0
228.6 -62.9 282.1 250.8 -112.9 0.0
-625.7 1093.4 152.1 -313.1 34.0 0.0
-548.5 -259.0 47.6 170.1 107.1 195.0
235.3 -66.0 282.1 267.5 -125.0 0.0
-633.3 1094.2 152.1 -305.6 33.0 0.0
-544.2 -256.4 52.2 170.1 107.1 175.0
242.3 -69.4 282.1 279.7 -134.2 0.0
-640.7 1095.0 152.1 -298.1 32.2 0.0
-540.0 -253.7 56.4 170.1 107.1 155.0
249.4 -72.9 282.1 285.3 -139.8 0.0
-648.0 1095.8 152.1 -290.6 31.5 0.0
-535.7 -251.0 60.0 170.1 107.1 135.0
256.5 -76.4 282.1 284.4 -141.7 0.0
-654.2 1096.5 152.1 -247.0 26.8 0.0
-531.5 -248.3 63.1 170.1 107.1 115.0
263.5 -80.0 282.1 278.8 -141.9 0.0
-659.4 1097.0 152.1 -209.9 22.8 0.0
-527.2 -245.7 65.8 170.1 107.1 95.0
270.1 -83.4 282.1 264.5 -136.5 0.0
-663.9 1097.5 152.1 -178.5 19.3 0.0
-523.0 -243.0 67.9 170.1 107.1 75.0
276.2 -86.5 282.1 243.8 -126.9 0.0
-667.7 1097.9 152.1 -151.7 16.4 0.0
-518.7 -240.3 69.5 170.1 107.1 55.0
281.7 -89.4 282.1 219.0 -114.5 0.0
-670.3 1096.9 152.1 -105.7 -41.2 0.0
-514.5 -237.6 70.6 170.1 107.1 35.0
286.8 -92.1 282.1 205.1 -108.8 0.0
-672.0 1094.6 152.1 -66.2 -91.3 0.0
-510.2 -235.0 71.2 170.1 107.1 15.0
292.5 -95.3 282.1 229.8 -126.5 0.0
-672.7 1091.1 152.1 -30.2 -141.1 0.0
-506.0 -232.3 71.4 170.1 107.1 -5.0
298.8 -98.8 282.1 250.5 -140.9 0.0
-672.7 1086.4 152.1 2.9 -187.9 0.0
-501.7 -229.6 71.0 170.1 107.1 -25.0
305.3 -102.5 282.1 260.6 -148.5 0.0
-671.6 1080.8 152.1 41.4 -222.3 0.0
-497.5 -226.9 70.1 170.1 107.1 -45.0
312.5 -106.2 282.1 285.3 -147.7 0.0
-669.7 1074.5 152.1 75.9 -254.9 0.0
-493.2 -224.2 68.8 170.1 107.1 -65.0
319.7 -109.7 282.1 287.7 -140.6 0.0
-667.1 1067.4 152.1 106.6 -283.9 0.0
-489.0 -221.6 66.9 170.1 107.1 -85.0
326.9 -113.1 282.1 289.8 -134.6 0.0
-663.9 1060.0 152.1 125.5 -296.3 0.0
-484.7 -218.9 64.5 170.1 107.1 -105.0
334.2 -116.3 282.1 291.3 -129.7 0.0
-660.1 1052.5 152.1 151.9 -297.1 0.0
-480.4 -216.2 61.6 170.1 107.1 -125.0
340.9 -120.6 282.1 269.8 -171.2 0.0
-656.1 1045.4 152.1 160.9 -284.4 0.0
-476.2 -213.5 58.2 170.1 107.1 -145.0
347.1 -125.5 282.1 247.9 -197.1 0.0
-652.1 1039.1 152.1 161.4 0.3 0.0
-471.9 -210.9 54.4 170.1 107.1 -165.0
352.8 -130.8 282.1 227.1 -212.2 0.0
-647.4 1039.1 152.1 187.2 0.0 0.0
-467.7 -208.2 50.0 170.1 107.1 -185.0
358.1 -136.6 282.1 210.7 -229.4 0.0
-642.4 1039.1 152.1 198.2 0.0 0.0
-463.4 -205.5 45.1 170.1 107.1 -205.0
362.4 -143.4 282.1 171.8 -274.0 0.0
-637.2 1038.0 152.1 208.4 -46.2 0.0
-459.2 -202.8 39.8 170.1 107.1 -225.0
365.8 -151.2 282.1 139.0 -312.0 0.0
-631.7 1035.7 152.1 221.6 -91.6 0.0
-454.9 -200.2 33.9 170.1 107.1 -245.0
368.6 -159.4 282.1 112.5 -328.7 0.0
-625.8 1032.3 152.1 236.1 -134.0 0.0
-450.7 -197.5 27.5 170.1 107.1 -265.0
370.9 -167.6 282.1 91.5 -324.7 0.0
-619.5 1028.5 152.1 251.0 -153.8 0.0
-446.4 -194.8 24.1 170.1 107.1 0.3
372.9 -174.5 282.1 77.8 -276.0 0.0
-613.0 1024.3 152.1 259.6 -167.4 0.0
-440.8 -192.4 24.1 223.8 95.9 0.0
375.1 -181.0 282.1 88.4 -263.2 0.0
-606.4 1019.9 152.1 264.6 -177.6 0.0
-434.1 -190.3 24.1 269.5 85.8 0.0
377.6 -187.4 282.1 99.1 -254.7 0.0
-599.9 1015.3 152.1 262.0 -180.6 0.0
-426.4 -188.3 24.1 306.0 77.4 0.0
380.3 -193.6 282.1 108.3 -247.6 0.0
-593.4 1010.7 152.1 259.2 -187.7 0.0
-419.2 -186.6 24.1 288.7 67.5 0.0
382.9 -199.2 282.1 105.8 -224.4 0.0
-587.0 1005.9 152.1 255.1 -191.8 0.0
-411.2 -185.7 24.1 320.2 37.1 0.0
385.7 -204.5 282.1 111.0 -212.3 0.0
-580.7 1001.0 152.1 251.7 -195.7 0.0
-403.5 -185.2 24.1 308.4 21.9 0.0
388.7 -209.6 282.1 118.5 -205.0 0.0
-574.5 996.0 152.1 248.6 -199.4 0.0
-396.4 -184.8 24.1 282.4 13.2 0.0
391.9 -214.8 282.1 130.3 -204.2 0.0
-569.5 990.3 152.1 200.7 -225.1 0.0
-390.2 -184.6 24.1 249.8 8.7 0.0
396.0 -220.1 282.1 163.8 -215.2 0.0
-564.5 984.6 151.9 199.5 -231.3 -20.0
-383.6 -185.9 24.1 262.6 -49.9 0.0
400.6 -225.5 282.1 182.0 -216.7 0.0
-559.5 978.6 151.1 198.2 -238.2 -40.0
-376.9 -188.3 24.1 270.7 -96.3 0.0
405.4 -230.9 282.1 193.4 -214.7 0.0
-554.6 972.5 149.9 196.9 -245.5 -60.0
-370.3 -191.2 24.1 262.2 -118.1 0.0
410.5 -236.3 282.1 204.0 -213.5 0.0
-549.8 966.4 148.1 192.8 -241.6 -80.0
-364.6 -193.9 24.1 228.8 -107.1 0.0
416.6 -241.6 282.1 244.6 -215.2 0.0
-545.1 960.5 145.9 188.2 -237.2 -100.0
-359.1 -197.1 24.1 221.4 -127.2 0.0
423.0 -246.8 282.1 254.2 -204.9 0.0
-540.5 954.7 143.1 183.1 -232.4 -120.0
-353.4 -201.1 24.1 227.3 -161.1 0.0
429.4 -251.6 282.1 258.8 -194.6 0.0
-536.1 949.0 139.9 177.9 -227.4 -140.0
-347.6 -205.8 24.1 231.8 -188.5 0.0
436.0 -256.3 282.1 263.1 -186.0 0.0
-531.7 943.5 136.1 172.9 -221.9 -160.0
-341.7 -211.0 24.1 233.6 -208.9 0.0
441.4 -262.1 282.1 216.2 -232.0 0.0
-527.5 938.0 131.9 167.8 -216.3 -180.0
-336.0 -216.7 24.1 230.1 -225.9 0.0
445.8 -268.8 282.1 176.4 -269.9 0.0
-523.5 932.8 127.1 162.6 -210.7 -200.0
-330.4 -222.5 24.1 222.8 -233.4 0.0
449.4 -276.4 282.1 142.7 -301.5 0.0
-519.6 927.7 121.9 157.3 -205.0 -220.0
-325.0 -228.5 24.1 215.5 -238.6 0.0
452.3 -283.9 282.1 116.9 -300.4 0.0
-515.8 922.5 116.1 151.4 -206.4 -240.0
-319.8 -234.6 24.1 209.0 -243.0 0.0
454.0 -292.0 282.1 66.6 -326.9 0.0
-512.1 917.3 112.1 145.6 -207.8 0.3
-314.7 -240.8 24.1 202.5 -249.8 0.0
454.6 -300.8 282.1 23.6 -349.3 0.0
-511.1 912.5 112.1 66.2 -190.7 0.0
-309.8 -247.2 24.1 195.9 -253.5 0.0
454.5 -309.4 282.1 -2.5 -345.8 0.0
-511.1 907.7 111.9 60.6 -192.1 -20.0
-305.1 -253.6 24.1 190.2 -256.9 0.0
454.0 -317.8 282.1 -21.7 -336.5 0.0
-511.1 902.8 111.1 57.9 -199.4 -40.0
-300.5 -260.0 24.1 182.9 -255.3 0.0
452.0 -326.1 282.1 -78.5 -330.9 0.0
-511.1 897.6 109.9 55.2 -206.8 -60.0
-296.3 -266.1 24.1 170.5 -247.3 0.0
448.8 -334.3 282.1 -126.9 -326.0 0.0
-511.1 892.2 108.1 52.5 -214.3 -80.0
-292.3 -272.1 24.1 158.1 -236.5 0.0
445.2 -341.9 282.1 -146.0 -305.6 0.0
-511.1 886.7 105.9 49.8 -221.7 -100.0
-288.7 -277.6 24.1 144.2 -221.1 0.0
441.2 -349.1 282.1 -159.8 -286.6 0.0
-511.1 881.1 103.1 42.8 -222.3 -120.0
-285.4 -282.7 24.1 131.1 -205.0 0.0
436.8 -355.4 282.1 -175.7 -254.0 0.0
-511.1 875.5 99.9 35.5 -222.9 -140.0
-282.2 -288.1 24.1 128.4 -217.7 0.0
432.2 -361.0 282.1 -183.0 -224.8 0.0
-511.1 870.0 96.1 28.2 -223.5 -160.0
-279.0 -294.1 24.1 129.9 -238.8 0.0
427.5 -366.0 282.1 -187.3 -199.4 0.0
-511.1 864.4 91.9 -0.0 -224.1 -180.0
-275.7 -300.4 24.1 129.5 -252.6 0.0
422.8 -370.5 282.1 -190.5 -177.7 0.0
-511.3 858.8 87.1 -7.7 -222.2 -200.0
-272.5 -307.0 24.1 128.8 -263.7 0.0
417.0 -374.1 282.1 -231.8 -147.6 0.0
-511.7 853.3 81.9 -15.4 -220.4 -220.0
-269.5 -314.6 24.1 119.0 -302.9 0.0
410.3 -377.2 282.1 -267.5 -122.4 0.0
-512.3 847.8 76.1 -23.2 -218.5 -240.0
-192.0 -960.0 547.0 0.0 0.0 0.0
-266.9 -322.3 24.1 107.0 -307.0 0.0
403.1 -379.7 282.1 -287.1 -101.3 0.0
-513.1 842.4 72.1 -30.9 -216.6 0.3
-192.0 -960.0 540.8 0.0 0.0 -100.0
-264.4 -330.0 24.1 96.6 -308.2 0.0
395.9 -381.8 282.1 -289.4 -83.8 0.0
-515.6 838.0 72.1 -101.4 -175.9 0.0
-192.0 -960.0 538.1 0.0 0.0 0.1
-262.2 -337.7 24.1 87.9 -309.1 0.0
388.0 -382.7 282.1 -316.6 -34.9 0.0
-519.5 834.5 72.1 -156.3 -141.8 0.0
-192.0 -960.0 538.1 0.0 0.0 0.0
-258.4 -343.9 24.1 152.8 -248.3 0.0
379.5 -382.5 282.1 -339.5 7.0 0.0
-524.4 831.6 72.1 -196.1 -113.9 0.0
-192.0 -960.0 538.1 0.0 0.0 0.0
-253.2 -348.8 24.1 207.9 -196.8 0.0
371.0 -381.7 282.1 -340.6 33.0 0.0
-529.4 828.8 71.9 -201.8 -113.3 -20.0
-192.0 -960.0 538.1 0.0 0.0 0.0
-246.9 -352.7 24.1 254.8 -152.9 0.0
362.7 -380.5 282.1 -331.7 49.9 0.0
-534.7 825.9 71.1 -209.2 -115.0 -40.0
-192.0 -960.0 538.1 0.0 0.0 0.0
-239.5 -355.6 24.1 294.7 -116.0 0.0
355.0 -381.3 282.1 -305.3 -32.1 0.0
-540.1 823.0 69.9 -217.0 -116.9 -60.0
-192.0 -960.0 538.1 0.0 0.0 0.0
-231.4 -357.4 24.1 323.5 -72.7 0.0
348.0 -383.8 282.1 -282.7 -101.9 0.0
-545.7 820.0 68.1 -224.7 -118.7 -80.0
-192.7 -958.2 538.1 -27.7 73.7 0.0
-222.8 -358.3 24.1 342.6 -37.5 0.0
341.4 -387.8 282.1 -263.5 -161.2 0.0
-551.5 817.0 65.9 -232.3 -120.5 -100.0
-193.9 -954.8 538.1 -50.2 132.7 0.0
-214.5 -358.7 24.1 335.3 -16.0 0.0
335.2 -393.1 282.1 -247.2 -211.6 0.0
-557.5 814.0 63.1 -240.2 -120.5 -120.0
-195.7 -950.2 538.1 -70.6 187.0 0.0
-206.3 -358.7 24.1 328.3 1.8 0.0
328.7 -397.7 282.1 -261.4 -183.0 0.0
-563.7 811.0 59.9 -247.9 -120.5 -140.0
-197.9 -944.3 538.1 -88.5 233.1 0.0
-198.2 -358.1 24.1 322.4 24.0 0.0
322.0 -401.7 282.1 -267.7 -158.4 0.0
-570.1 808.0 56.1 -255.2 -120.5 -160.0
-200.5 -937.6 538.1 -103.4 270.3 0.0
-190.4 -357.1 24.1 313.5 40.7 0.0
315.1 -405.1 282.1 -276.9 -137.7 0.0
-576.7 805.4 56.1 -264.5 -102.5 0.1
-203.2 -930.7 538.1 -105.6 275.3 0.0
-182.7 -355.7 24.1 306.0 54.9 0.0
307.9 -408.1 282.1 -285.0 -120.3 0.0
-582.7 803.2 56.1 -240.6 -89.7 0.0
-205.6 -924.3 538.1 -97.5 254.1 0.0
-175.2 -354.0 24.1 299.8 67.1 0.0
302.4 -412.2 282.1 -222.9 -164.8 0.0
-589.5 801.0 56.1 -269.0 -87.1 0.0
-207.8 -918.7 538.1 -86.7 225.8 0.0
-168.1 -352.1 24.1 284.5 78.0 0.0
298.1 -417.3 282.1 -169.8 -203.9 0.0
-596.4 798.8 55.9 -276.4 -88.3 -20.0
-209.9 -913.1 538.1 -86.7 225.8 0.0
-161.2 -349.8 24.1 275.7 90.4 0.0
295.0 -423.3 282.1 -124.5 -237.7 0.0
-603.5 796.5 55.1 -284.1 -89.6 -40.0
-212.4 -906.7 538.1 -97.5 254.0 0.0
-154.5 -347.3 24.1 268.1 100.5 0.0
292.8 -429.9 282.1 -86.0 -266.5 0.0
-610.4 794.3 53.9 -276.4 -90.1 -60.0
-215.0 -899.8 538.1 -105.5 275.3 0.0
-148.0 -344.5 24.1 261.9 109.4 0.0
293.0 -435.7 282.1 4.3 -230.9 0.0
-617.1 792.0 52.1 -268.5 -90.7 -80.0
-217.8 -892.6 538.1 -110.8 289.5 0.0
-141.9 -341.8 24.1 240.7 110.6 0.0
295.0 -440.7 282.1 81.0 -200.4 0.0
-623.6 789.7 49.9 -260.6 -91.4 -100.0
-220.6 -885.2 538.1 -113.6 296.5 0.0
-136.1 -338.8 24.1 231.5 120.6 0.0
298.6 -445.1 282.1 145.6 -174.6 0.0
-629.9 787.4 48.1 -252.8 -92.0 0.1
-223.5 -877.8 538.1 -114.0 296.3 0.0
-130.6 -335.5 24.1 223.4 128.7 0.0
303.6 -448.9 282.1 199.9 -152.5 0.0
-633.6 785.6 48.1 -145.8 -72.5 0.0
-226.2 -870.5 538.1 -111.4 289.2 0.0
-125.2 -332.2 24.1 216.5 135.5 0.0
308.1 -453.8 282.1 179.7 -197.6 0.0
-635.1 784.2 48.1 -61.1 -56.9 0.0
-228.9 -863.7 538.1 -106.1 275.1 0.0
-119.8 -327.8 24.1 215.6 172.5 0.0
312.2 -459.7 282.1 162.5 -234.0 0.0
-636.5 782.8 47.9 -55.5 -56.4 -20.0
-231.3 -857.3 538.1 -97.9 253.9 0.0
-114.6 -323.1 24.1 206.3 188.2 0.0
315.8 -465.7 282.1 144.3 -241.3 0.0
-637.7 781.4 47.1 -49.5 -56.0 -40.0
-233.5 -851.7 538.1 -87.0 225.7 0.0
-109.7 -318.3 24.1 194.5 194.6 0.0
319.0 -471.6 282.1 127.1 -236.4 0.0
-638.8 780.0 45.9 -43.5 -55.7 -60.0
-235.7 -846.0 538.1 -87.0 225.7 0.0
-105.1 -313.2 24.1 185.8 202.4 0.0
321.7 -478.3 282.1 108.7 -268.4 0.0
-639.8 778.6 44.1 -37.4 -55.4 -80.0
-238.1 -839.7 538.1 -97.1 251.5 0.0
-99.3 -309.4 24.1 231.9 153.5 0.0
324.0 -484.9 282.1 92.7 -261.2 0.0
-640.5 777.2 41.9 -31.3 -55.2 -100.0
-240.8 -833.8 538.1 -107.8 238.7 0.0
-92.5 -306.6 24.1 271.1 112.0 0.0
326.0 -491.2 282.1 79.2 -253.4 0.0
-640.9 775.9 40.1 0.0 -55.0 0.1
-243.5 -828.3 538.1 -109.1 220.0 0.0
-84.9 -304.7 24.1 305.0 76.7 0.0
327.7 -497.4 282.1 67.8 -248.6 0.0
-639.4 775.0 40.1 60.2 -33.9 0.0
-246.4 -823.1 538.1 -113.8 207.7 0.0
-76.7 -303.5 24.1 328.8 47.8 0.0
328.9 -504.4 282.1 49.6 -277.6 0.0
-636.8 774.5 40.1 104.2 -20.8 0.0
-249.5 -818.0 538.1 -124.6 203.9 0.0
-68.5 -303.3 24.1 325.7 8.3 0.0
329.9 -511.1 282.1 38.0 -271.0 0.0
-633.1 774.2 40.1 146.8 -12.1 0.0
-254.1 -813.8 538.1 -184.3 166.1 0.0
-60.8 -303.7 24.1 311.2 -17.0 0.0
330.5 -517.8 282.1 27.7 -267.4 0.0
-628.4 774.1 40.1 186.3 -4.2 0.0
-260.0 -810.5 538.1 -233.9 134.4 0.0
-53.3 -304.7 24.1 299.0 -38.6 0.0
331.0 -524.4 282.1 19.1 -263.8 0.0
-622.9 774.2 40.1 221.4 5.0 0.0
-266.8 -807.8 538.1 -274.1 107.5 0.0
-46.0 -306.1 24.1 289.4 -57.8 0.0
330.9 -531.7 282.1 -4.5 -292.9 0.0
-616.5 774.5 40.1 254.3 13.4 0.0
-274.3 -805.7 538.1 -301.4 85.0 0.0
-39.4 -309.1 24.1 267.0 -120.4 0.0
330.5 -539.1 282.1 -17.8 -294.8 0.0
-609.6 775.0 40.1 277.0 19.5 0.0
-281.3 -804.0 538.1 -276.7 68.0 0.0
-33.2 -313.4 24.1 248.3 -173.5 0.0
329.8 -546.4 282.1 -27.5 -291.7 0.0
-602.5 775.6 40.1 286.7 23.5 0.0
-287.5 -802.6 538.1 -251.0 54.4 0.0
-27.4 -318.9 24.1 232.3 -218.1 0.0
328.9 -553.7 282.1 -36.9 -291.8 0.0
-595.2 776.3 40.1 289.2 27.8 0.0
-293.9 -801.6 538.1 -252.7 38.0 0.0
-22.0 -325.0 24.1 214.8 -243.9 0.0
326.6 -561.2 282.1 -91.7 -298.6 0.0
-587.8 777.1 40.1 296.1 32.0 0.0
-300.6 -801.1 538.1 -269.8 20.4 0.0
-15.4 -330.1 24.1 261.9 -205.4 0.0
323.1 -568.8 282.1 -138.2 -304.4 0.0
-580.3 778.0 40.1 300.6 35.4 0.0
-308.1 -801.2 538.1 -297.9 -3.9 0.0
-7.9 -334.4 24.1 302.0 -172.7 0.0
319.1 -576.2 282.1 -162.1 -296.4 0.0
-572.7 779.0 40.1 305.3 38.5 0.0
-315.7 -801.7 538.1 -305.4 -19.7 0.0
0.2 -338.1 24.1 321.6 -145.0 0.0
314.8 -583.2 282.1 -171.9 -280.7 0.0
-565.1 780.0 40.1 303.0 42.9 0.0
-323.4 -802.5 538.1 -307.2 -32.0 0.0
8.2 -341.1 24.1 320.8 -122.0 0.0
309.7 -589.4 282.1 -201.0 -247.2 0.0
-557.5 781.2 40.1 304.6 47.4 0.0
-331.0 -803.6 538.1 -306.7 -41.7 0.0
16.4 -343.5 24.1 330.5 -94.9 0.0
304.6 -594.8 282.1 -206.0 -215.6 0.0
-549.8 782.5 40.1 308.7 52.0 0.0
-338.9 -805.0 538.1 -314.5 -58.1 0.0
24.7 -345.3 24.1 329.9 -73.1 0.0
299.3 -599.5 282.1 -209.7 -188.8 0.0
-542.1 783.9 40.1 308.0 55.0 0.0
-346.7 -806.7 538.1 -310.6 -67.6 0.0
32.9 -346.7 24.1 326.9 -55.1 0.0
294.1 -603.6 282.1 -211.4 -165.6 0.0
-536.5 786.3 48.1 220.7 97.7 0.0
-354.3 -808.6 538.1 -307.1 -75.5 0.0
41.0 -347.7 24.1 327.4 -39.1 0.0
288.6 -607.3 282.1 -218.5 -148.0 0.0
-532.9 789.7 48.1 145.3 135.5 0.0
-361.9 -810.6 538.1 -302.0 -81.4 0.0
49.3 -348.2 24.1 328.5 -19.9 0.0
283.0 -610.6 282.1 -222.2 -132.3 0.0
-530.9 793.9 48.1 80.3 168.6 0.0
-369.6 -813.1 538.1 -306.9 -98.1 0.0
57.4 -348.3 24.1 327.0 -4.3 0.0
277.4 -613.6 282.1 -226.6 -119.4 0.0
-530.3 798.9 48.1 24.7 197.2 0.0
-377.1 -815.8 538.1 -301.9 -107.1 0.0
65.6 -348.1 24.1 326.0 9.1 0.0
271.6 -616.3 282.1 -231.3 -108.5 0.0
-531.5 802.3 56.1 -49.6 135.7 0.0
-384.5 -818.6 538.1 -295.3 -113.2 0.0
73.7 -347.5 24.1 323.4 20.2 0.0
266.0 -618.7 282.1 -224.3 -94.7 0.0
-534.4 804.3 56.1 -113.2 82.8 0.0
-391.7 -821.5 538.1 -287.3 -117.3 0.0
81.7 -346.7 24.1 321.6 35.4 0.0
260.2 -620.8 282.1 -229.9 -84.2 0.0
-538.5 805.3 56.1 -167.3 38.0 0.0
-398.9 -825.6 538.1 -289.8 -163.9 0.0
89.7 -345.5 24.1 319.4 48.1 0.0
254.4 -622.7 282.1 -233.7 -74.9 0.0
-543.9 805.3 56.1 -213.9 -0.3 0.0
-406.0 -830.3 538.1 -281.7 -188.4 0.0
97.6 -344.0 24.1 315.4 58.0 0.0
248.4 -624.4 282.1 -239.2 -67.5 0.0
-550.0 805.8 56.1 -244.6 20.6 0.0
-412.6 -835.3 538.1 -267.3 -199.3 0.0
105.4 -342.3 24.1 314.5 67.5 0.0
242.7 -625.8 282.1 -228.7 -57.6 0.0
-556.7 806.7 56.1 -266.4 36.6 0.0
-419.0 -840.5 538.1 -254.9 -208.1 0.0
113.2 -340.3 24.1 308.7 81.8 0.0
236.9 -627.0 282.1 -231.4 -49.3 0.0
-563.2 807.8 56.1 -261.8 42.7 0.0
-426.0 -843.8 538.1 -280.3 -129.4 0.0
120.8 -337.9 24.1 304.1 93.8 0.0
231.1 -628.1 282.1 -234.0 -42.2 0.0
-569.7 809.0 56.1 -259.7 48.2 0.0
-433.6 -845.3 538.1 -301.9 -62.6 0.0
128.2 -335.4 24.1 298.6 103.2 0.0
225.2 -629.0 282.1 -236.5 -36.2 0.0
-576.5 811.0 56.1 -270.5 80.3 0.0
-441.6 -845.5 538.1 -320.3 -5.9 0.0
135.6 -332.6 24.1 294.1 111.4 0.0
219.5 -631.4 282.1 -227.5 -97.5 0.0
-583.0 813.3 56.1 -260.9 92.9 0.0
-450.0 -844.4 538.1 -335.4 42.1 0.0
142.2 -329.6 24.1 263.9 117.9 0.0
214.0 -635.2 282.1 -220.3 -150.2 0.0
-589.2 815.8 56.1 -250.4 101.4 0.0
-458.4 -842.2 538.1 -337.3 89.5 0.0
148.2 -326.4 24.1 242.6 130.9 0.0
208.6 -640.1 282.1 -214.5 -195.4 0.0
-595.3 818.6 64.1 -243.6 110.7 0.0
-466.3 -839.5 538.1 -316.9 107.4 0.0
153.8 -322.9 24.1 223.1 139.3 0.0
203.4 -645.9 282.1 -209.3 -234.2 0.0
-599.0 822.1 64.1 -147.5 138.5 0.0
-473.8 -836.5 538.1 -298.5 121.3 0.0
159.0 -319.2 24.1 206.5 146.5 0.0
198.6 -652.1 282.1 -189.8 -244.9 0.0
-600.7 826.1 64.1 -66.3 161.8 0.0
-480.9 -833.1 538.1 -284.3 134.4 0.0
163.4 -316.1 24.1 175.5 124.6 0.0
194.3 -658.4 282.1 -173.3 -254.4 0.0
-600.6 830.6 64.1 2.3 181.1 0.0
-487.5 -829.4 538.1 -266.4 147.8 0.0
167.1 -313.4 24.1 149.2 105.9 0.0
190.3 -665.0 282.1 -159.5 -263.4 0.0
-599.1 835.6 72.1 59.9 197.4 0.0
-493.9 -825.4 538.1 -252.7 161.4 0.0
170.3 -311.2 24.1 126.8 90.0 0.0
186.6 -671.8 282.1 -147.8 -271.8 0.0
-596.2 840.7 72.1 115.8 205.4 0.0
-499.9 -821.0 538.1 -241.2 173.3 0.0
173.0 -309.3 24.1 107.8 76.5 0.0
183.3 -678.7 282.1 -131.7 -277.6 0.0
-592.1 846.0 72.1 163.2 212.3 0.0
-505.7 -816.4 538.1 -231.5 183.5 0.0
176.0 -309.3 24.1 122.6 -0.4 0.0
180.4 -685.8 282.1 -118.2 -284.5 0.0
-587.1 851.5 80.1 203.0 217.9 0.0
-511.1 -811.7 538.1 -215.1 189.2 0.0
179.3 -310.8 24.1 132.6 -60.8 0.0
177.7 -693.1 282.1 -106.9 -290.9 0.0
-581.6 856.8 80.1 220.0 212.9 0.0
-516.2 -806.7 538.1 -204.8 200.6 0.0
182.8 -313.4 24.1 137.9 -104.6 0.0
175.3 -700.5 282.1 -97.1 -294.8 0.0
-576.9 861.3 80.1 187.0 181.0 0.0
-521.1 -801.5 538.1 -195.3 209.0 0.0
186.4 -317.1 24.1 144.0 -145.2 0.0
173.2 -707.8 282.1 -82.0 -293.3 0.0
-572.8 865.3 88.1 163.4 160.4 0.0
-525.8 -796.0 538.1 -188.5 218.2 0.0
189.5 -321.7 24.1 126.6 -185.0 0.0
171.5 -715.2 282.1 -69.1 -295.7 0.0
-568.8 869.6 88.1 161.8 170.6 0.0
-530.0 -790.7 538.1 -170.6 214.1 0.0
192.3 -327.1 24.1 111.6 -216.4 0.0
170.0 -722.7 282.1 -58.1 -298.2 0.0
-564.7 874.1 88.1 161.1 180.1 0.0
-534.0 -785.1 538.1 -159.2 220.9 0.0
194.8 -333.4 24.1 99.5 -250.5 0.0
168.8 -730.2 282.1 -48.8 -300.5 0.0
-562.6 878.5 88.1 83.8 177.6 0.0
-537.7 -779.5 538.1 -148.7 225.0 0.0
197.1 -340.5 24.1 89.6 -284.1 0.0
167.8 -736.6 282.1 -41.5 -255.4 0.0
-562.2 882.9 96.1 19.7 174.6 0.0
-541.2 -773.8 538.1 -139.8 228.1 0.0
197.3 -347.5 24.1 9.4 -282.0 0.0
166.9 -742.0 282.1 -35.2 -217.1 0.0
-563.1 887.2 96.1 -38.1 173.9 0.0
-544.3 -767.8 538.1 -122.3 241.0 0.0
195.9 -354.5 24.1 -55.5 -278.4 0.0
166.1 -746.6 282.1 -30.0 -184.5 0.0
-565.4 891.6 96.1 -90.1 174.6 0.0
-547.0 -761.5 538.1 -107.4 252.4 0.0
193.3 -361.3 24.1 -105.8 -272.4 0.0
165.5 -750.5 282.1 -25.5 -156.8 0.0
-568.8 895.9 96.1 -135.6 170.4 0.0
-549.3 -754.9 538.1 -94.8 263.5 0.0
190.0 -367.7 24.1 -131.7 -257.2 0.0
166.9 -754.3 282.1 55.4 -152.5 0.0
-573.2 900.1 104.1 -177.2 168.1 0.0
-551.5 -748.0 538.1 -84.2 274.4 0.0
187.4 -375.0 24.1 -102.1 -291.7 0.0
170.0 -758.1 282.1 124.1 -148.7 0.0
-578.6 904.2 104.1 -214.9 166.9 0.0
-553.3 -741.4 538.1 -73.6 265.5 0.0
185.4 -382.5 24.1 -80.1 -298.0 0.0
174.5 -761.7 282.1 182.5 -145.5 0.0
-584.6 908.4 104.1 -242.6 164.3 0.0
-554.9 -735.4 538.1 -63.4 238.5 0.0
183.8 -389.7 24.1 -63.2 -290.4 0.0
180.4 -765.3 282.1 232.2 -142.9 0.0
-589.0 913.5 112.1 -173.5 207.8 0.0
-556.3 -729.4 538.1 -56.6 241.0 0.0
182.6 -396.9 24.1 -48.7 -285.8 0.0
183.6 -768.6 282.1 129.7 -133.2 0.0
-591.8 919.7 112.1 -114.2 245.9 0.0
-557.6 -722.7 538.1 -52.5 269.2 0.0
181.8 -403.9 24.1 -34.4 -282.4 0.0
184.7 -771.7 282.1 43.2 -125.0 0.0
-593.4 926.7 112.1 -63.1 278.7 0.0
-558.7 -715.5 538.1 -45.9 288.9 0.0
181.3 -411.1 24.1 -20.6 -287.9 0.0
183.9 -774.7 282.1 -29.7 -117.6 0.0
-593.9 934.3 120.1 -19.6 307.2 0.0
-559.8 -707.8 538.1 -40.4 306.5 0.0
181.0 -418.5 24.1 -8.6 -293.5 0.0
181.7 -777.4 282.1 -91.0 -111.3 0.0
-592.7 941.8 120.1 45.5 298.3 0.0
-560.6 -699.9 538.1 -35.5 316.8 0.0
181.1 -426.0 24.1 2.0 -301.7 0.0
178.0 -779.9 282.1 -147.8 -98.4 0.0
-590.3 949.1 128.1 99.7 290.1 0.0
-561.4 -692.0 538.1 -30.8 317.1 0.0
181.4 -433.7 24.1 12.4 -306.5 0.0
173.1 -782.1 282.1 -195.5 -87.5 0.0
-586.6 956.1 128.1 145.1 283.2 0.0
-562.1 -685.2 538.1 -26.2 269.5 0.0
181.9 -441.5 24.1 21.4 -312.2 0.0
167.2 -784.0 282.1 -235.3 -78.4 0.0
-582.5 962.8 136.1 163.2 265.0 0.0
-562.6 -679.5 538.1 -22.2 229.1 0.0
182.7 -449.4 24.1 29.1 -315.9 0.0
160.5 -785.8 282.1 -268.6 -70.3 0.0
-578.5 969.6 136.1 161.6 275.1 0.0
-563.1 -674.6 538.1 -18.9 194.7 0.0
183.5 -457.3 24.1 34.8 -317.0 0.0
153.5 -788.8 282.1 -277.5 -119.6 0.0
-574.6 976.6 136.1 157.0 277.5 0.0
-563.5 -670.5 538.1 -16.1 165.5 0.0
184.5 -465.2 24.1 40.6 -316.5 0.0
146.4 -792.8 282.1 -285.2 -161.5 0.0
-570.8 983.6 144.1 153.1 279.2 0.0
-563.8 -667.0 538.1 -13.7 140.7 0.0
185.7 -473.1 24.1 46.0 -315.7 0.0
139.6 -797.2 282.1 -274.1 -175.7 0.0
-567.0 990.6 144.1 149.8 280.7 0.0
-564.1 -664.0 538.1 -11.6 119.6 0.0
187.0 -481.0 24.1 50.3 -314.5 0.0
133.0 -801.8 282.1 -260.9 -183.0 0.0
-565.2 997.7 152.1 72.1 284.4 0.0
-564.3 -661.1 538.1 -8.7 114.6 0.0
188.3 -488.7 24.1 53.6 -311.2 0.0
127.5 -805.7 282.1 -221.7 -155.5 0.0
-565.0 1004.8 152.1 7.9 286.0 0.0
-564.5 -658.0 538.1 -5.4 124.2 0.0
189.7 -496.5 24.1 57.7 -310.5 0.0
121.9 -809.5 282.1 -221.8 -153.5 0.0
-566.1 1012.0 152.1 -44.1 285.4 0.0
-564.6 -655.4 538.1 -4.6 105.6 0.0
191.3 -504.2 24.1 61.3 -309.7 0.0
116.3 -813.4 282.1 -226.9 -155.0 0.0
-568.3 1019.0 152.1 -86.1 282.7 0.0
-564.6 -652.7 538.1 -1.5 107.0 0.0
192.9 -512.0 24.1 64.1 -308.8 0.0
110.5 -817.3 282.1 -231.9 -156.5 0.0
-571.9 1025.5 152.1 -147.2 258.3 0.0
-564.6 -650.0 538.1 1.6 109.4 0.0
194.5 -519.7 24.1 66.5 -308.2 0.0
104.5 -821.3 282.1 -237.0 -158.0 0.0
-576.9 1031.4 152.1 -197.3 237.5 0.0
-564.5 -647.3 538.1 3.7 106.7 0.0
196.3 -527.4 24.1 70.0 -310.1 0.0
98.4 -825.3 282.1 -244.0 -161.1 0.0
-582.8 1036.9 152.1 -238.1 218.8 0.0
-564.4 -645.0 538.1 3.6 92.6 0.0
198.1 -535.2 24.1 72.3 -309.4 0.0
92.3 -829.3 282.1 -246.5 -161.7 0.0
-588.8 1041.8 152.1 -240.2 195.3 0.0
-564.3 -642.8 538.1 5.2 86.8 0.0
200.0 -542.9 24.1 74.6 -308.9 0.0
86.0 -833.4 282.1 -251.2 -163.8 0.0
-595.9 1045.7 152.1 -281.3 158.8 0.0
-564.1 -640.8 538.1 5.9 78.9 0.0
201.9 -550.6 24.1 76.5 -308.3 0.0
79.7 -837.5 282.1 -253.8 -164.4 0.0
-603.7 1048.9 152.1 -314.4 127.9 0.0
-564.0 -639.1 538.1 6.5 71.0 0.0
203.8 -558.3 24.1 78.6 -307.8 0.0
73.3 -841.6 282.1 -254.3 -163.7 0.0
-611.4 1051.6 152.1 -308.3 104.9 0.0
-563.8 -637.6 538.1 6.2 59.2 0.0
205.8 -566.0 24.1 80.4 -307.3 0.0
66.9 -845.7 282.1 -254.7 -163.0 0.0
-618.9 1053.7 152.1 -299.2 85.6 0.0
-563.6 -636.1 538.1 9.7 59.8 0.0
207.9 -573.6 24.1 81.6 -306.9 0.0
60.6 -849.8 282.1 -255.1 -162.4 0.0
-626.9 1054.3 152.1 -318.0 25.3 0.0
-563.3 -634.5 538.1 12.7 61.1 0.0
210.0 -581.3 24.1 82.9 -306.6 0.0
54.2 -853.8 282.1 -253.2 -160.6 0.0
-635.2 1053.7 152.1 -333.9 -25.9 0.0
-562.9 -633.0 538.1 15.1 63.2 0.0
212.1 -588.9 24.1 84.0 -303.7 0.0
48.0 -857.7 282.1 -249.3 -157.3 0.0
-643.9 1051.9 152.1 -346.3 -69.8 0.0
-562.5 -631.6 538.1 14.0 54.3 0.0
214.2 -596.5 24.1 85.6 -303.3 0.0
41.9 -861.6 282.1 -245.2 -154.3 0.0
-652.2 1049.7 152.1 -332.0 -88.0 0.0
-562.1 -630.3 538.1 15.3 52.6 0.0
216.3 -604.0 24.1 86.2 -300.4 0.0
35.9 -865.3 282.1 -239.0 -150.1 0.0
-659.2 1047.9 152.1 -282.2 -74.8 0.0
-561.7 -629.0 538.1 15.9 50.5 0.0
218.5 -611.5 24.1 87.5 -300.0 0.0
30.2 -868.9 282.1 -228.6 -143.0 0.0
-665.5 1046.2 152.1 -251.2 -66.1 0.0
-561.3 -627.8 538.1 16.2 47.8 0.0
220.8 -618.8 24.1 89.3 -292.6 0.0
24.7 -872.3 282.1 -218.2 -135.9 0.0
-671.6 1044.6 152.1 -244.1 -63.0 0.0
-560.9 -626.7 538.1 17.0 45.6 0.0
223.1 -626.1 24.1 92.9 -291.2 0.0
19.6 -875.5 282.1 -205.5 -127.7 0.0
-677.5 1043.2 152.1 -234.5 -59.6 0.0
-560.5 -625.6 538.1 18.3 44.5 0.0
225.5 -633.3 24.1 95.7 -290.0 0.0
14.8 -878.4 282.1 -190.6 -118.1 0.0
-683.0 1041.8 152.1 -220.6 -54.5 0.0
-560.0 -624.5 538.1 19.4 44.1 0.0
227.9 -640.6 24.1 98.4 -289.0 0.0
9.6 -881.6 282.1 -208.4 -127.7 0.0
-688.8 1040.4 152.1 -230.9 -54.2 0.0
-559.5 -623.4 538.1 20.5 44.4 0.0
230.3 -648.2 24.1 94.9 -305.2 0.0
4.1 -885.0 282.1 -221.8 -134.7 0.0
-694.8 1039.1 152.1 -241.1 0.1 0.0
-557.4 -622.3 538.1 80.9 44.4 0.0
232.6 -655.8 24.1 89.5 -306.2 0.0
-1.8 -888.5 282.1 -233.0 -140.6 0.0
-701.2 1039.1 152.1 -257.0 0.0 0.0
-554.1 -621.0 538.1 131.9 50.1 0.0
234.7 -663.5 24.1 85.0 -307.0 0.0
-7.8 -892.2 282.1 -242.0 -145.3 0.0
-706.6 1037.3 152.1 -215.4 -71.1 0.0
-549.8 -619.6 538.1 174.5 55.4 0.0
236.7 -671.2 24.1 81.1 -307.7 0.0
-14.8 -895.8 282.1 -280.2 -146.7 0.0
-711.1 1034.0 152.1 -180.3 -132.8 0.0
-544.5 -618.1 538.1 209.4 59.7 0.0
238.6 -678.9 24.1 76.9 -309.1 0.0
-22.0 -899.3 282.1 -286.2 -139.8 0.0
-714.9 1029.4 152.1 -150.3 -186.5 0.0
-538.3 -617.4 538.1 248.2 30.6 0.0
240.5 -686.7 24.1 73.1 -309.7 0.0
-29.2 -902.7 282.1 -290.9 -133.7 0.0
-718.0 1023.5 152.1 -125.0 -232.8 0.0
-531.3 -617.2 538.1 281.3 6.1 0.0
242.2 -694.4 24.1 70.2 -310.1 0.0
-36.6 -905.9 282.1 -292.6 -127.9 0.0
-722.5 1018.6 160.1 -182.4 -198.5 0.0
-523.9 -617.5 538.1 298.1 -11.7 0.0
243.9 -702.2 24.1 67.7 -310.5 0.0
-44.0 -907.6 282.1 -295.7 -70.7 0.0
-728.3 1014.3 160.1 -231.9 -169.6 0.0
-516.5 -618.0 538.1 292.8 -21.3 0.0
245.5 -710.0 24.1 64.3 -311.5 0.0
-51.4 -908.2 282.1 -298.4 -22.1 0.0
-735.2 1010.7 160.1 -274.6 -145.0 0.0
-508.8 -619.2 538.1 308.8 -45.4 0.0
247.1 -717.8 24.1 61.5 -311.9 0.0
-59.1 -907.6 282.1 -306.6 23.9 0.0
-742.9 1007.6 160.1 -309.0 -123.8 0.0
-501.3 -620.6 538.1 301.3 -56.5 0.0
248.5 -725.6 24.1 59.2 -312.2 0.0
-67.0 -905.9 282.1 -318.1 66.4 0.0
-750.6 1005.0 168.1 -306.9 -106.5 0.0
-494.0 -622.2 538.1 289.6 -63.3 0.0
250.0 -733.4 24.1 57.4 -312.4 0.0
-74.8 -903.3 282.1 -309.4 103.4 0.0
-758.4 1002.7 168.1 -310.1 -91.9 0.0
-487.1 -623.9 538.1 278.7 -68.5 0.0
251.3 -741.2 24.1 54.4 -313.3 0.0
-82.2 -900.0 282.1 -299.2 131.5 0.0
-766.1 1000.7 168.1 -310.5 -79.3 0.0
-480.0 -626.0 538.1 282.3 -83.4 0.0
252.6 -749.1 24.1 51.9 -313.6 0.0
-89.5 -896.2 282.1 -288.6 152.8 0.0
-774.0 999.0 168.1 -313.5 -68.5 0.0
-473.2 -628.2 538.1 273.2 -89.5 0.0
253.9 -756.9 24.1 49.7 -313.8 0.0
-96.4 -892.0 282.1 -276.3 167.5 0.0
-779.7 996.3 168.1 -231.3 -105.8 0.0
-466.6 -630.5 538.1 262.6 -93.0 0.0
255.1 -764.8 24.1 47.9 -314.0 0.0
-102.2 -888.5 282.1 -234.8 142.4 0.0
-783.7 992.8 168.1 -160.2 -139.0 0.0
-460.3 -632.9 538.1 254.7 -96.4 0.0
256.1 -772.7 24.1 43.0 -315.8 0.0
-107.4 -885.1 282.1 -206.3 133.9 0.0
-786.2 988.6 176.1 -98.6 -169.5 0.0
-453.7 -635.8 538.1 261.6 -112.7 0.0
257.1 -780.6 24.1 38.8 -316.0 0.0
-112.1 -881.7 282.1 -186.8 135.7 0.0
-787.3 983.7 176.1 -44.7 -196.6 0.0
-447.3 -638.7 538.1 257.1 -119.5 0.0
258.0 -788.5 24.1 35.3 -316.1 0.0
-116.2 -878.5 282.1 -167.1 131.2 0.0
-786.7 978.8 176.1 25.2 -195.6 0.0
-441.0 -641.8 538.1 251.0 -123.6 0.0
258.8 -796.4 24.1 32.4 -316.3 0.0
-119.8 -875.7 282.1 -142.1 111.5 0.0
-784.6 973.9 184.1 82.7 -194.2 0.0
-434.8 -645.0 538.1 247.8 -128.4 0.0
259.4 -804.4 24.1 23.7 -320.2 0.0
-122.9 -873.1 282.1 -123.0 103.8 0.0
-781.4 969.1 184.1 129.9 -192.3 0.0
-428.3 -648.9 538.1 261.0 -155.4 0.0
259.8 -812.4 24.1 16.3 -319.8 0.0
-125.5 -870.7 282.1 -105.8 92.9 0.0
-777.2 964.4 184.1 168.4 -189.6 0.0
-421.9 -653.0 538.1 256.5 -163.6 0.0
260.1 -820.3 24.1 10.1 -319.2 0.0
-127.9 -868.4 282.1 -93.5 93.7 0.0
-773.1 960.1 184.1 161.4 -172.1 0.0
-415.6 -657.3 538.1 253.2 -171.4 0.0
260.2 -828.3 24.1 5.1 -318.7 0.0
-129.8 -866.3 282.1 -79.5 83.5 0.0
-768.9 955.9 192.1 170.5 -166.3 0.0
-409.3 -661.8 538.1 250.5 -177.8 0.0
259.7 -836.1 24.1 -17.9 -311.7 0.0
-131.5 -864.0 282.1 -67.4 91.1 0.0
-764.4 951.9 192.1 177.1 -160.5 0.0
-403.9 -667.3 538.1 217.0 -220.9 0.0
258.8 -843.7 24.1 -36.0 -303.7 0.0
-133.0 -861.5 282.1 -57.6 100.0 0.0
-759.9 948.0 192.1 182.7 -155.8 0.0
-399.2 -673.7 538.1 188.6 -256.3 0.0
257.6 -851.1 24.1 -50.9 -295.9 0.0
-134.2 -858.8 282.1 -49.1 108.1 0.0
-757.0 943.4 192.1 113.6 -183.8 0.0
-399.1 -680.2 538.1 -0.2 -259.9 0.0
256.0 -858.3 24.1 -63.6 -289.2 0.0
-134.4 -858.3 282.1 -9.5 22.1 0.0
-755.7 938.3 200.1 55.1 -206.9 0.0
-399.1 -686.8 538.1 -0.0 -264.9 0.0
254.6 -866.3 24.1 -54.3 -317.3 0.0
-133.8 -859.7 282.1 27.1 -58.0 0.0
-755.5 932.6 200.1 6.5 -225.9 0.0
-399.1 -693.0 538.1 -0.0 -246.9 0.0
253.5 -874.2 24.1 -46.2 -317.4 0.0
-132.5 -862.4 282.1 49.2 -105.5 0.0
-756.4 926.6 208.1 -34.3 -240.8 0.0
-399.1 -699.0 538.1 -0.1 -239.4 0.0
252.5 -882.1 24.1 -39.6 -317.2 0.0
-130.9 -866.0 282.1 67.1 -143.9 0.0
-757.9 920.4 208.1 -61.9 -248.9 0.0
-399.1 -704.8 538.1 -0.1 -231.8 0.0
251.6 -890.1 24.1 -33.8 -317.4 0.0
-128.8 -870.4 282.1 83.4 -178.2 0.0
-759.6 914.5 208.1 -69.3 -234.1 0.0
-399.1 -710.4 538.1 -0.1 -224.3 0.0
251.4 -898.1 32.1 -10.3 -320.3 0.0
-126.3 -875.8 282.1 100.0 -213.6 0.0
-761.6 908.9 216.1 -79.5 -226.6 0.0
-399.1 -716.2 538.1 0.1 -231.8 0.0
251.5 -905.9 32.1 6.4 -314.0 0.0
-123.4 -882.0 282.1 116.6 -248.8 0.0
-763.9 903.2 216.1 -92.6 -226.3 0.0
-399.1 -722.1 538.1 -0.0 -239.4 0.0
252.1 -913.7 40.1 21.2 -310.9 0.0
-120.0 -889.0 282.1 132.4 -282.2 0.0
-766.5 896.6 216.1 -100.5 -263.4 0.0
-399.1 -728.3 538.1 -0.0 -246.9 0.0
252.9 -921.4 40.1 33.7 -307.0 0.0
-116.7 -896.2 282.1 135.0 -287.4 0.0
-769.0 889.6 224.1 -103.3 -281.9 0.0
-399.1 -734.7 538.1 -0.1 -254.5 0.0
253.9 -929.1 48.1 40.5 -309.2 0.0
-113.3 -903.4 282.1 134.8 -287.4 0.0
-771.6 882.4 224.1 -101.6 -285.2 0.0
-399.1 -741.2 538.1 -0.0 -259.5 0.0
255.0 -936.8 48.1 45.4 -307.9 0.0
-110.0 -910.4 282.1 130.3 -278.4 0.0
-774.1 875.2 232.1 -100.4 -288.1 0.0
-399.1 -747.8 538.1 0.1 -264.6 0.0
256.3 -944.5 48.1 49.4 -306.9 0.0
-106.9 -917.0 282.1 123.8 -264.8 0.0
-775.4 867.5 232.1 -53.9 -308.7 0.0
-399.1 -754.5 538.1 -0.0 -269.6 0.0
257.6 -952.2 56.1 53.6 -308.5 0.0
-104.1 -923.1 282.1 114.1 -244.3 0.0
-775.8 859.4 240.1 -15.4 -324.5 0.0
-399.1 -761.3 538.1 -0.0 -272.1 0.0
258.6 -960.2 56.1 39.0 -321.2 0.0
-101.6 -928.5 282.1 101.3 -216.9 0.0
-775.7 851.5 240.1 5.9 -314.5 0.0
-399.1 -768.3 538.1 -0.1 -277.2 0.0
259.3 -968.2 64.1 27.9 -320.0 0.0
-98.9 -934.1 282.1 104.6 -223.7 0.0
-775.1 843.9 248.1 24.7 -307.6 0.0
-399.1 -775.2 538.1 0.0 -279.7 0.0
259.8 -976.2 64.1 18.4 -319.1 0.0
-96.0 -940.3 282.1 116.4 -248.8 0.0
-774.0 836.4 248.1 41.3 -298.8 0.0
-399.1 -782.3 538.1 -0.0 -282.2 0.0
260.0 -984.1 72.1 10.1 -318.3 0.0
-92.9 -947.1 282.1 126.1 -269.3 0.0
-772.6 829.1 256.1 55.1 -291.0 0.0
-399.1 -789.4 538.1 -0.0 -284.7 0.0
259.9 -992.0 72.1 -4.6 -316.1 0.0
-89.6 -954.1 282.1 131.4 -280.7 0.0
-770.9 821.9 256.1 68.2 -286.8 0.0
-399.1 -796.6 538.1 -0.0 -287.2 0.0
259.5 -999.9 80.1 -16.5 -312.5 0.0
-86.2 -961.3 282.1 134.8 -287.5 0.0
-768.9 814.8 264.1 79.6 -283.6 0.0
-399.1 -803.8 538.1 -0.0 -289.8 0.0
258.8 -1007.6 80.1 -26.5 -309.5 0.0
-82.9 -968.5 282.1 134.6 -287.5 0.0
-767.2 807.0 264.1 71.8 -313.9 0.0
-399.1 -811.1 538.1 0.1 -292.3 0.0
257.9 -1015.3 88.1 -35.6 -309.3 0.0
-79.6 -975.4 282.1 130.1 -278.5 0.0
-765.6 799.1 264.1 64.0 -314.1 0.0
-399.1 -818.5 538.1 0.1 -292.3 0.0
257.0 -1023.2 88.1 -36.9 -315.3 0.0
-76.5 -982.1 282.1 124.7 -267.1 0.0
-764.1 791.3 272.1 57.5 -314.4 0.0
-399.1 -825.8 538.1 0.8 -292.3 0.0
256.1 -1031.1 96.1 -37.3 -315.3 0.0
-73.5 -988.5 282.1 119.3 -255.8 0.0
-762.8 783.4 272.1 52.1 -314.7 0.0
-399.1 -833.1 538.1 1.3 -294.8 0.0
255.1 -1039.0 96.1 -37.7 -315.2 0.0
-70.6 -994.8 282.1 117.1 -251.2 0.0
-759.7 776.7 282.1 123.6 -268.7 0.0
-399.0 -840.6 538.1 1.6 -297.3 0.0
254.2 -1046.8 104.1 -38.3 -315.2 0.0
-67.7 -1001.1 282.1 116.8 -251.3 0.0
-755.1 770.9 282.1 184.4 -230.1 0.0
-399.0 -848.1 538.1 2.0 -299.8 0.0
253.6 -1054.9 104.1 -23.4 -321.1 0.0
-64.7 -1007.5 282.1 118.6 -256.1 0.0
-749.2 766.0 282.1 236.1 -197.4 0.0
-397.1 -854.3 538.1 73.8 -247.5 0.0
253.3 -1062.9 112.1 -11.9 -319.1 0.0
-61.7 -1014.0 282.1 121.4 -263.1 0.0
-742.2 761.8 282.1 280.1 -169.2 0.0
-393.7 -859.3 538.1 135.4 -203.0 0.0
253.2 -1070.8 112.1 -2.0 -317.5 0.0
-58.5 -1020.8 282.1 125.4 -272.4 0.0
-735.9 756.3 282.1 253.4 -221.0 0.0
-389.0 -863.5 538.1 188.4 -165.0 0.0
253.4 -1078.7 120.1 6.5 -316.2 0.0
-55.9 -1028.6 282.1 104.6 -309.6 0.0
-730.1 749.6 282.1 230.6 -264.5 0.0
-383.2 -864.9 538.1 234.1 0.1 0.0
253.8 -1086.5 120.1 16.5 -312.7 0.0
-53.7 -1036.3 282.1 87.8 -307.2 0.0
-724.9 742.7 282.1 206.5 -277.3 0.0
-376.5 -864.5 538.1 267.8 15.9 0.0
254.4 -1094.3 128.1 25.0 -310.4 0.0
-51.9 -1043.7 282.1 73.7 -296.8 0.0
-720.3 735.7 282.1 184.1 -279.8 0.0
-369.3 -863.8 538.1 285.9 26.9 0.0
255.3 -1102.1 128.1 33.0 -311.2 0.0
-50.3 -1050.8 282.1 62.0 -283.5 0.0
-720.5 730.2 282.1 -99.7 -165.6 0.0
-362.2 -863.0 538.1 287.1 32.8 0.0
256.2 -1109.8 136.1 39.1 -309.5 0.0
-47.5 -1057.7 282.1 113.4 -275.7 0.0
-723.5 725.1 282.1 -122.5 -200.4 0.0
-354.9 -862.0 538.1 288.5 38.0 0.0
257.1 -1117.7 136.1 32.3 -318.1 0.0
-43.5 -1064.4 282.1 159.3 -270.3 0.0
-727.1 719.4 282.1 -142.3 -231.1 0.0
-347.9 -861.0 538.1 283.3 42.4 0.0
257.7 -1125.7 144.1 26.7 -317.9 0.0
-38.7 -1071.0 282.1 192.0 -262.4 0.0
-730.9 713.2 282.1 -152.4 -246.5 0.0
-340.8 -859.8 538.1 282.1 47.1 0.0
258.3 -1133.6 144.1 21.7 -318.0 0.0
-33.6 -1077.1 282.1 204.3 -246.5 0.0
-734.5 706.0 282.1 -142.6 -287.8 0.0
-333.8 -858.5 538.1 281.0 50.8 0.0
258.7 -1141.6 152.1 17.5 -317.9 0.0
-28.1 -1082.6 282.1 219.0 -219.8 0.0
-737.7 698.5 282.1 -130.5 -300.1 0.0
-326.8 -857.2 538.1 280.2 53.9 0.0
258.8 -1149.6 152.1 3.5 -319.0 0.0
-22.5 -1087.5 282.1 224.8 -195.5 0.0
-740.7 691.0 282.1 -118.7 -302.1 0.0
-320.0 -855.8 538.1 272.4 55.9 0.0
258.6 -1157.5 160.1 -7.6 -316.5 0.0
-16.8 -1091.9 282.1 229.6 -174.7 0.0
-743.4 683.4 282.1 -108.8 -303.6 0.0
-313.2 -854.3 538.1 269.0 58.4 0.0
258.2 -1165.3 160.1 -16.7 -314.1 0.0
-11.0 -1095.8 282.1 230.5 -156.6 0.0
-745.9 675.7 282.1 -98.9 -307.2 0.0
-306.7 -852.8 538.1 263.4 59.8 0.0
257.6 -1173.1 168.1 -24.7 -312.4 0.0
-4.4 -1098.6 282.1 265.8 -112.0 0.0
-748.1 668.0 282.1 -90.3 -308.3 0.0
-300.2 -851.3 538.1 257.9 60.9 0.0
256.9 -1181.0 168.1 -27.2 -314.0 0.0
3.1 -1100.4 282.1 297.0 -73.4 0.0
-750.2 660.2 282.1 -82.7 -309.6 0.0
-294.0 -849.8 538.1 247.7 61.0 0.0
256.1 -1188.8 176.1 -29.2 -313.8 0.0
11.2 -1101.5 282.1 324.8 -40.5 0.0
-752.1 652.5 282.1 -76.3 -310.3 0.0
-288.0 -848.2 538.1 239.7 61.4 0.0
255.4 -1196.7 176.1 -31.0 -316.1 0.0
19.4 -1101.9 282.1 327.2 -18.8 0.0
-753.8 644.7 282.1 -69.2 -309.8 0.0
-282.2 -846.7 538.1 234.2 61.9 0.0
254.6 -1204.6 184.1 -32.4 -315.9 0.0
27.5 -1103.9 282.1 324.0 -80.0 0.0
-755.4 637.0 282.1 -63.4 -307.6 0.0
-276.5 -845.2 538.1 226.4 61.6 0.0
254.0 -1212.7 184.1 -21.8 -321.7 0.0
35.5 -1107.2 282.1 320.9 -132.2 0.0
-756.9 629.5 282.1 -58.0 -303.2 0.0
-270.9 -843.6 538.1 223.5 63.7 0.0
253.7 -1220.7 192.1 -13.4 -320.8 0.0
43.3 -1111.4 282.1 310.7 -165.8 0.0
-758.2 622.1 282.1 -53.1 -296.1 0.0
-265.2 -841.8 538.1 229.7 68.8 0.0
253.5 -1228.7 192.1 -6.2 -320.0 0.0
50.5 -1115.9 282.1 291.4 -179.5 0.0
-759.4 614.8 282.1 -48.0 -292.1 0.0
-259.3 -840.0 538.1 233.7 72.6 0.0
253.5 -1236.7 200.1 -0.0 -319.4 0.0
57.8 -1120.3 288.8 291.4 -179.5 255.0
-760.5 607.8 282.1 -43.3 -279.6 0.0
-253.4 -838.1 538.1 237.8 76.2 0.0
253.7 -1244.6 200.1 8.8 -316.7 0.0
65.1 -1124.8 294.9 291.4 -179.5 235.0
-761.5 601.1 282.1 -39.1 -267.4 0.0
-246.9 -835.8 538.1 257.9 92.0 0.0
254.2 -1252.5 208.1 16.3 -315.0 0.0
72.4 -1129.3 300.5 291.4 -179.5 215.0
-762.3 594.7 282.1 -35.3 -255.1 0.0
-240.4 -833.4 538.1 260.5 98.6 0.0
254.7 -1260.3 208.1 23.0 -313.9 0.0
79.7 -1133.8 305.6 291.4 -179.5 195.0
-763.1 588.6 282.1 -31.6 -245.6 0.0
-233.9 -830.8 538.1 260.9 103.2 0.0
255.4 -1268.1 217.1 28.4 -312.7 0.0
87.0 -1138.3 310.2 291.4 -179.5 175.0
-763.8 582.9 282.1 -28.0 -228.0 0.0
-227.4 -828.1 538.1 261.7 107.4 0.0
256.1 -1276.1 217.1 25.2 -317.0 0.0
94.3 -1142.8 314.4 291.4 -179.5 155.0
-764.5 577.0 282.1 -26.4 -235.7 0.0
-220.3 -827.1 538.1 283.6 40.7 0.0
256.6 -1284.0 217.1 22.2 -317.2 0.0
101.5 -1147.3 318.0 291.4 -179.5 135.0
-765.1 570.8 282.1 -25.1 -248.4 0.0
-212.7 -827.5 538.1 302.4 -15.8 0.0
257.1 -1291.9 217.1 19.7 -317.2 0.0
108.8 -1151.7 321.1 291.4 -179.5 115.0
-765.7 564.3 282.1 -23.3 -258.8 0.0
-204.8 -829.1 538.1 318.3 -63.9 0.0
257.6 -1299.9 217.1 17.7 -317.2 0.0
116.1 -1156.2 323.8 291.4 -179.5 95.0
-766.2 557.6 282.1 -21.6 -269.0 0.0
-196.6 -831.6 538.1 327.8 -101.5 0.0
257.9 -1306.6 217.1 15.0 -269.6 0.0
123.4 -1160.7 325.9 291.4 -179.5 75.0
-766.7 550.6 282.1 -20.5 -279.1 0.0
-188.6 -834.7 538.1 319.1 -124.6 0.0
258.3 -1312.3 217.1 12.8 -229.2 0.0
130.7 -1165.2 327.5 291.4 -179.5 55.0
-767.2 543.4 282.1 -19.3 -286.7 0.0
-180.9 -838.2 538.1 306.0 -138.9 0.0
258.5 -1317.2 217.1 10.9 -194.8 0.0
138.0 -1169.7 328.6 291.4 -179.5 35.0
-767.7 536.2 282.1 -17.3 -289.5 0.0
-173.6 -842.0 538.1 294.6 -150.9 0.0
258.8 -1321.3 217.1 9.2 -165.6 0.0
145.3 -1174.2 329.2 291.4 -179.5 15.0
-768.1 528.8 282.1 -15.6 -297.1 0.0
-166.4 -846.0 538.1 284.9 -161.0 0.0
258.8 -1322.9 217.1 0.1 -64.3 0.0
152.5 -1178.7 329.4 291.4 -179.5 -5.0
-768.4 521.2 282.1 -14.4 -302.1 0.0
-159.7 -850.5 538.1 270.1 -180.9 0.0
258.6 -1322.4 217.1 -7.3 23.4 0.0
159.8 -1183.2 329.0 291.4 -179.5 -25.0
-768.7 513.6 282.1 -13.0 -304.7 0.0
-153.5 -855.0 538.1 246.7 -180.9 0.0
258.3 -1320.5 217.1 -9.5 75.5 0.0
167.1 -1187.6 328.1 291.4 -179.5 -45.0
-769.0 505.9 282.1 -9.1 -305.5 0.0
-148.0 -859.4 538.1 221.8 -173.1 0.0
258.0 -1317.5 217.1 -13.6 119.6 0.0
174.4 -1192.1 326.8 291.4 -179.5 -65.0
-769.1 498.3 282.1 -5.6 -307.9 0.0
-143.1 -863.2 538.1 193.6 -155.2 0.0
257.6 -1313.4 217.1 -17.1 162.5 0.0
181.7 -1196.6 324.9 291.4 -179.5 -85.0
-769.2 490.5 282.1 -2.7 -310.3 0.0
-138.3 -868.0 538.1 195.6 -189.6 0.0
257.1 -1308.3 217.1 -20.5 205.9 0.0
189.0 -1201.1 322.5 291.4 -179.5 -105.0
-769.2 482.7 282.1 -0.3 -312.7 0.0
-133.3 -873.5 538.1 197.8 -219.8 0.0
256.5 -1302.1 217.1 -24.0 248.4 0.0
196.3 -1205.6 319.6 291.4 -179.5 -125.0
-769.2 474.7 282.1 0.0 -317.5 0.0
-128.4 -879.5 538.1 197.0 -239.9 0.0
255.8 -1294.9 217.1 -27.4 288.3 0.0
203.5 -1210.1 316.2 291.4 -179.5 -145.0
-769.2 466.8 282.1 0.3 -317.5 0.0
-123.5 -885.8 538.1 194.0 -253.3 0.0
255.2 -1287.0 217.1 -23.3 315.0 0.0
210.8 -1214.6 312.4 291.4 -179.5 -165.0
-769.2 458.9 282.1 0.5 -317.5 0.0
-118.8 -892.4 538.1 187.5 -261.9 0.0
254.7 -1279.0 217.1 -19.4 317.6 0.0
218.1 -1219.0 308.0 291.4 -179.5 -185.0
-769.1 450.9 282.1 0.7 -317.5 0.0
-114.4 -898.8 538.1 176.8 -258.8 0.0
254.3 -1271.2 217.1 -15.9 315.2 0.0
225.4 -1223.5 303.1 291.4 -179.5 -205.0
-768.8 442.9 282.1 13.2 -319.1 0.0
-110.3 -905.0 538.1 163.9 -248.3 0.0
254.0 -1263.5 217.1 -13.1 305.0 0.0
232.7 -1228.0 297.8 291.4 -179.5 -225.0
-768.2 435.0 282.1 23.2 -318.9 0.0
-106.6 -910.8 538.1 149.8 -232.5 0.0
253.7 -1255.9 216.9 -13.1 305.0 -20.0
240.0 -1232.5 291.9 291.4 -179.5 -245.0
-767.5 427.1 282.1 31.3 -317.0 0.0
-103.4 -915.9 538.1 129.3 -202.1 0.0
253.3 -1248.3 216.1 -13.1 305.0 -40.0
247.3 -1237.0 285.5 291.4 -179.5 -265.0
-766.5 419.1 282.1 38.7 -317.6 0.0
-100.2 -921.2 538.1 128.0 -213.7 0.0
253.0 -1240.7 214.9 -13.1 305.0 -60.0
254.5 -1241.5 278.6 291.4 -179.5 -285.0
-763.7 412.8 282.1 110.1 -251.3 0.0
-96.8 -927.3 538.1 135.4 -243.4 0.0
252.7 -1233.0 213.1 -13.1 305.0 -80.0
261.8 -1246.0 271.2 291.4 -179.5 -305.0
-759.5 408.0 282.1 170.7 -195.1 0.0
-93.3 -933.9 538.1 139.6 -263.6 0.0
252.4 -1225.6 210.9 -11.6 297.5 -100.0
269.1 -1250.4 267.0 291.4 -179.5 0.3
-753.9 404.3 282.1 222.3 -147.1 0.0
-89.7 -941.0 538.1 141.4 -283.1 0.0
252.1 -1218.3 208.1 -9.9 289.7 -120.0
276.4 -1254.9 266.8 291.4 -179.5 -19.7
-747.3 401.6 282.1 265.9 -105.7 0.0
-86.3 -948.2 538.1 138.0 -287.1 0.0
251.9 -1211.3 204.9 -8.3 282.0 -140.0
283.7 -1259.4 266.0 291.4 -179.5 -39.7
-739.7 400.0 282.1 301.6 -65.8 0.0
-82.9 -955.3 538.1 133.7 -285.9 0.0
251.8 -1204.4 201.1 -6.7 274.3 -160.0
291.0 -1263.9 264.8 291.4 -179.5 -59.7
-731.4 399.2 282.1 332.1 -32.0 0.0
-79.8 -962.3 538.1 127.1 -277.6 0.0
251.6 -1197.8 196.9 -6.0 266.5 -180.0
298.3 -1268.4 263.0 291.4 -179.5 -79.7
-723.0 399.0 282.1 337.1 -9.2 0.0
-77.1 -968.2 538.1 108.1 -236.0 0.0
251.5 -1191.3 192.1 -5.2 258.6 -200.0
305.5 -1272.9 260.8 291.4 -179.5 -99.7
-714.7 399.1 282.1 331.8 7.0 0.0
-74.8 -973.2 538.1 91.9 -200.6 0.0
251.4 -1185.0 186.9 -4.5 250.7 -220.0
312.8 -1277.4 258.0 291.4 -179.5 -119.7
-706.5 399.7 282.1 329.4 23.2 0.0
-72.8 -977.4 538.1 78.1 -170.5 0.0
251.3 -1179.0 181.1 -3.8 242.8 -240.0
320.1 -1281.9 254.8 291.4 -179.5 -139.7
-698.3 400.6 282.1 325.3 36.6 0.0
-71.2 -981.1 538.1 66.4 -144.9 0.0
251.2 -1172.9 174.9 -3.8 242.8 -260.0
327.4 -1286.3 251.1 291.4 -179.5 -159.7
-690.3 401.8 282.1 321.1 47.9 0.0
-69.8 -984.1 538.1 56.4 -123.2 0.0
251.1 -1166.8 168.1 -3.8 242.8 -280.0
334.7 -1290.8 246.8 291.4 -179.5 -179.7
-682.4 403.3 282.1 317.5 57.4 0.0
-68.6 -986.8 538.1 48.0 -104.8 0.0
251.0 -1160.8 160.9 -3.8 242.8 -300.0
342.0 -1295.3 242.1 291.4 -179.5 -199.7
-674.5 404.9 282.1 315.0 66.6 0.0
-67.4 -989.5 538.1 45.6 -108.0 0.0
250.9 -1154.7 160.1 -3.8 242.8 0.3
349.2 -1299.8 236.8 291.4 -179.5 -219.7
-666.7 406.8 282.1 312.2 74.3 0.0
-66.3 -992.3 538.1 44.2 -113.6 0.0
250.3 -1151.3 160.1 -22.9 134.7 0.0
356.5 -1304.3 231.1 291.4 -179.5 -239.7
-659.0 408.8 282.1 307.2 79.9 0.0
-65.4 -994.7 538.1 37.6 -96.5 0.0
249.7 -1148.1 159.9 -24.7 128.0 -20.0
363.8 -1308.8 224.9 291.4 -179.5 -259.7
-651.6 410.8 282.1 295.7 81.6 0.0
-64.5 -997.1 538.1 33.7 -94.5 0.0
249.0 -1145.1 159.1 -26.4 121.7 -40.0
371.1 -1313.3 218.1 291.4 -179.5 -279.7
-644.6 412.8 282.1 280.0 81.4 0.0
-63.7 -999.6 538.1 31.6 -99.7 0.0
248.3 -1142.2 157.9 -28.0 116.1 -60.0
378.4 -1317.6 217.1 292.6 -172.6 0.3
-638.1 414.8 282.1 259.6 78.2 0.0
-63.0 -1002.1 538.1 29.1 -100.1 0.0
247.6 -1139.4 156.1 -29.1 109.7 -80.0
385.0 -1319.4 217.1 261.6 -74.8 0.0
-632.3 416.6 282.1 234.7 72.5 0.0
-62.4 -1004.2 538.1 24.8 -85.1 0.0
246.9 -1136.9 153.9 -30.4 102.9 -100.0
390.8 -1319.2 217.1 235.4 11.5 0.0
-626.7 418.4 282.1 221.7 71.0 0.0
-61.9 -1006.0 538.1 20.6 -70.7 0.0
246.1 -1134.5 151.1 -31.8 95.6 -120.0
396.2 -1317.0 217.1 213.3 86.8 0.0
-620.6 420.5 282.1 243.5 84.9 0.0
-61.5 -1007.4 538.1 16.4 -56.3 0.0
245.2 -1132.3 147.9 -33.1 88.1 -140.0
400.9 -1313.2 217.1 190.5 152.6 0.0
-614.2 422.9 282.1 256.1 93.8 0.0
-61.2 -1008.4 538.1 12.2 -41.9 0.0
244.4 -1130.3 144.1 -34.1 80.2 -160.0
405.2 -1308.0 217.1 171.3 208.5 0.0
-607.6 425.4 282.1 264.2 100.4 0.0
-61.2 -1007.2 538.1 -0.7 48.9 0.0
243.4 -1130.6 144.1 -37.8 -12.4 0.1
409.1 -1301.6 217.1 154.8 254.8 0.0
-600.9 428.0 282.1 270.2 105.6 0.0
-61.4 -1004.5 538.1 -9.2 107.7 0.0
242.6 -1132.7 144.1 -33.3 -85.9 0.0
412.6 -1294.3 226.1 140.3 290.5 0.0
-594.0 430.8 282.1 273.9 110.0 0.0
-61.8 -1000.4 538.1 -16.0 162.3 0.0
241.7 -1136.4 144.1 -37.2 -147.5 0.0
415.6 -1287.4 226.1 119.5 278.8 0.0
-587.1 433.6 282.1 275.3 112.7 0.0
-62.3 -995.3 538.1 -21.5 204.9 0.0
242.5 -1139.4 152.1 33.7 -120.8 0.0
418.1 -1280.8 234.1 101.6 261.8 0.0
-580.3 436.4 282.1 274.7 114.1 0.0
-61.4 -990.5 538.1 38.5 190.9 0.0
244.7 -1141.9 152.1 87.7 -98.4 0.0
420.3 -1274.8 234.1 86.5 241.4 0.0
-573.5 439.3 282.1 271.8 114.5 0.0
-59.0 -986.0 538.1 94.8 181.2 0.0
248.0 -1143.9 152.1 131.7 -79.8 0.0
422.1 -1269.0 234.1 73.6 231.6 0.0
-566.7 442.2 282.1 268.9 114.8 0.0
-55.3 -981.7 538.1 146.9 174.1 0.0
252.2 -1145.5 152.1 169.2 -64.0 0.0
423.6 -1263.1 242.1 57.7 233.7 0.0
-560.1 445.0 282.1 266.1 115.0 0.0
-50.5 -977.4 538.1 194.8 169.2 0.0
257.2 -1146.6 152.1 200.1 -43.4 0.0
424.7 -1257.2 242.1 43.8 239.4 0.0
-553.6 447.9 282.1 261.0 114.0 0.0
-44.5 -973.3 538.1 238.4 166.4 0.0
262.9 -1147.2 152.1 226.3 -25.9 0.0
425.5 -1251.2 242.1 32.8 238.0 0.0
-547.2 450.7 282.1 256.0 112.9 0.0
-37.6 -969.2 538.1 276.1 164.3 0.0
268.8 -1147.6 152.1 236.3 -13.4 0.0
426.1 -1245.3 250.1 23.4 236.8 0.0
-540.9 453.5 282.1 251.0 111.6 0.0
-30.5 -965.3 538.1 284.3 155.1 0.0
274.7 -1147.7 152.1 162.8 50.4 -62.5
426.4 -1239.2 250.1 12.5 244.9 0.0
-534.7 456.3 282.1 246.1 110.3 0.0
-23.3 -961.6 538.1 287.8 145.6 0.0
278.9 -1146.4 152.1 168.6 52.0 0.1
426.5 -1233.1 250.1 4.6 243.6 0.0
-528.7 459.0 282.1 241.2 108.7 0.0
-17.0 -959.5 538.1 251.7 84.7 0.0
283.9 -1144.9 152.1 200.9 60.6 0.0
426.4 -1227.0 258.1 -2.1 242.4 0.0
-522.8 461.7 282.1 236.4 107.1 0.0
-11.5 -958.7 538.1 221.2 33.0 0.0
289.6 -1143.2 152.1 228.3 67.8 0.0
426.3 -1221.0 258.1 -7.8 241.5 0.0
-517.0 464.3 282.1 233.8 106.8 0.0
-6.6 -958.9 538.1 195.4 -9.6 0.0
295.3 -1141.5 152.1 229.6 67.8 0.0
427.6 -1215.3 266.1 54.7 228.3 0.0
-511.2 467.0 282.1 231.3 106.1 0.0
-2.3 -960.1 538.1 173.1 -45.3 0.0
301.2 -1139.7 152.1 234.0 71.5 0.0
430.3 -1209.8 266.1 107.8 217.2 0.0
-505.4 469.6 282.1 231.1 106.7 0.0
3.4 -961.2 538.1 225.6 -45.6 0.0
307.0 -1137.9 152.1 233.4 73.1 0.0
434.1 -1204.7 266.1 152.9 207.7 0.0
-499.6 472.3 282.1 230.8 107.2 0.0
10.1 -962.4 538.1 268.3 -45.6 0.0
312.9 -1136.0 152.1 232.9 74.4 0.0
438.9 -1199.7 274.1 191.3 199.6 0.0
-493.9 475.0 282.1 230.6 107.7 0.0
17.4 -963.5 538.1 294.6 -44.5 0.0
318.7 -1134.1 151.9 232.9 74.4 -20.0
442.7 -1194.0 274.1 152.4 225.5 0.0
-488.0 477.7 282.1 232.7 109.2 0.0
24.5 -964.5 538.1 282.3 -40.6 0.0
324.3 -1132.3 151.1 226.2 74.1 -40.0
445.7 -1187.8 274.1 119.3 247.4 0.0
-482.2 480.5 282.1 234.8 110.6 0.0
31.2 -965.4 538.1 270.0 -37.0 0.0
329.8 -1130.4 149.9 219.4 73.8 -60.0
448.1 -1181.6 282.1 94.6 247.8 0.0
-476.3 483.3 282.1 236.9 112.1 0.0
38.0 -966.3 538.1 270.2 -34.6 0.0
335.1 -1128.6 148.1 212.6 73.5 -80.0
449.9 -1175.5 282.1 74.3 244.1 0.0
-470.2 486.2 282.1 241.2 114.8 0.0
44.8 -967.1 538.1 272.9 -32.9 0.0
340.3 -1126.8 145.9 205.8 73.2 -100.0
449.8 -1169.4 282.1 -5.7 247.0 0.0
-464.1 489.1 282.1 243.3 116.3 0.0
51.6 -967.9 538.1 273.0 -31.5 0.0
345.3 -1125.0 144.1 199.9 72.6 0.1
448.0 -1163.1 282.1 -73.4 248.7 0.0
-458.0 492.0 282.1 245.4 117.7 0.0
58.4 -968.6 538.1 270.6 -30.0 0.0
348.1 -1123.6 144.1 112.4 54.7 0.0
444.7 -1156.9 282.1 -130.9 250.2 0.0
-451.8 495.0 282.1 247.5 119.0 0.0
65.1 -969.4 538.1 268.2 -28.6 0.0
349.0 -1122.6 144.1 38.0 39.5 0.0
440.2 -1150.6 282.1 -179.8 251.5 0.0
-445.6 499.3 282.1 248.9 170.6 0.0
71.8 -970.0 538.1 268.3 -27.6 0.0
348.3 -1122.1 144.1 -29.9 21.7 0.0
434.5 -1144.7 282.1 -228.8 236.6 0.0
-439.3 504.6 282.1 250.0 214.4 0.0
78.5 -970.7 538.1 268.3 -26.6 0.0
346.3 -1122.0 144.1 -78.0 2.7 0.0
427.9 -1139.1 282.1 -264.5 222.3 0.0
-433.4 510.3 282.1 237.9 228.7 0.0
85.1 -971.3 538.1 263.4 -25.3 0.0
343.3 -1122.2 144.1 -123.3 -8.0 0.0
421.1 -1134.1 282.1 -270.4 202.7 0.0
-427.8 516.2 282.1 225.0 235.5 0.0
91.7 -972.0 538.1 263.5 -24.5 0.0
339.1 -1122.6 144.1 -165.0 -16.9 0.0
414.2 -1129.4 282.1 -275.4 186.1 0.0
-424.8 521.7 282.1 90.0 4.0 758.0
98.3 -972.6 538.1 263.5 -24.1 0.0
334.1 -1123.2 144.1 -200.5 -24.5 0.0
408.4 -1125.5 282.1 -234.1 158.2 0.0
-422.7 521.8 300.8 83.0 5.7 738.0
104.9 -973.1 538.1 263.5 -23.7 0.0
329.1 -1123.7 150.8 -200.1 -18.9 255.0
403.4 -1122.1 282.1 -199.5 134.4 0.0
-420.8 522.0 319.0 75.9 7.4 718.0
111.3 -973.7 538.1 258.5 -23.0 0.0
324.1 -1124.0 156.9 -199.6 -13.3 235.0
399.1 -1119.2 282.1 -170.2 114.3 0.0
-419.1 522.2 336.7 68.9 9.1 698.0
117.7 -974.3 538.1 256.0 -22.4 0.0
319.1 -1124.2 162.5 -199.2 -7.7 215.0
395.5 -1116.8 282.1 -145.2 97.1 0.0
-417.2 522.3 353.9 74.8 3.8 678.0
124.1 -974.8 538.1 256.1 -22.0 0.0
314.2 -1124.3 167.6 -198.8 -2.1 195.0
391.9 -1114.5 288.8 -144.7 91.5 255.0
-415.2 522.3 370.6 80.7 -1.5 658.0
130.5 -975.4 538.1 256.1 -21.6 0.0
309.2 -1124.3 172.2 -198.8 -2.1 175.0
388.3 -1112.4 294.9 -144.1 85.9 235.0
-413.0 522.1 386.8 86.6 -6.9 638.0
136.8 -975.9 538.1 251.1 -21.0 0.0
304.2 -1124.4 176.4 -198.8 -2.1 155.0
384.7 -1110.4 300.5 -143.6 80.3 215.0
-410.7 521.8 402.5 92.5 -12.2 618.0
143.0 -976.4 538.1 248.6 -20.5 0.0
299.3 -1124.4 180.0 -198.8 -2.1 135.0
381.1 -1108.5 305.6 -143.0 74.6 195.0
-408.2 521.4 417.7 98.2 -17.7 598.0
149.3 -976.9 538.1 248.6 -20.2 0.0
294.3 -1124.5 183.1 -198.8 -2.1 115.0
377.5 -1106.6 310.2 -143.0 74.6 175.0
-405.6 520.8 432.4 104.0 -23.1 578.0
155.5 -977.4 538.1 248.7 -19.9 0.0
289.3 -1124.5 185.8 -198.8 -2.1 95.0
374.0 -1104.8 314.4 -143.0 74.6 155.0
-402.9 520.1 446.6 109.7 -28.6 558.0
161.6 -977.9 538.1 243.6 -19.5 0.0
284.4 -1124.6 187.9 -198.8 -2.1 75.0
370.4 -1102.9 318.0 -143.0 74.6 135.0
-400.0 519.2 460.3 115.5 -34.1 538.0
167.6 -978.4 538.1 241.1 -19.2 0.0
279.4 -1124.6 189.5 -247.3 -10.1 -43.4
366.8 -1101.0 321.1 -143.0 74.6 115.0
-399.1 518.4 473.5 -0.1 -33.2 518.0
173.6 -978.9 538.1 241.1 -19.0 0.0
273.2 -1124.9 188.2 -247.3 -10.1 -63.4
363.2 -1099.2 323.8 -143.0 74.6 95.0
-399.2 517.6 486.2 -1.3 -32.4 498.0
179.6 -979.3 538.1 241.2 -18.8 0.0
267.0 -1125.1 186.3 -247.3 -10.1 -83.4
-399.2 516.8 498.4 -2.5 -31.5 478.0
184.8 -979.7 538.1 205.0 -16.0 0.0
260.8 -1125.4 184.0 -247.3 -10.1 -103.4
-399.3 516.0 510.1 -3.6 -30.6 458.0
189.1 -980.1 538.1 174.2 -13.6 0.0
254.7 -1125.6 181.2 -307.1 -23.8 -214.7
-399.2 515.2 521.3 2.7 -30.6 438.0
192.8 -980.4 538.1 148.1 -11.6 0.0
247.0 -1126.2 175.5 -307.1 -23.8 -234.7
-399.0 514.5 532.0 8.6 -29.7 418.0
196.0 -980.6 538.1 125.9 -9.8 0.0
239.3 -1126.8 169.4 -307.1 -23.8 -254.7
-398.7 513.7 542.2 14.4 -28.8 398.0
200.1 -980.9 538.1 163.5 -12.7 0.0
231.6 -1127.4 162.8 -307.1 -23.8 -274.7
-398.1 513.0 551.9 20.6 -28.7 378.0
204.9 -981.3 538.1 194.9 -14.9 0.0
223.9 -1128.0 155.7 -307.1 -23.8 -294.7
-397.5 512.3 561.1 26.9 -28.8 358.0
210.5 -981.7 538.1 222.2 -17.0 0.0
216.3 -1128.6 148.1 -307.1 -23.8 -314.7
-396.6 511.6 569.8 33.2 -28.9 338.0
216.1 -982.1 538.1 226.1 -17.3 0.0
208.7 -1129.3 144.1 -302.2 -28.4 0.3
-395.6 510.9 578.0 39.5 -29.0 318.0
221.9 -982.6 538.1 231.2 -17.5 0.0
203.5 -1131.1 144.1 -207.1 -69.6 0.0
-394.5 510.1 585.7 45.8 -29.1 298.0
227.8 -983.0 538.1 233.7 -17.5 0.0
200.4 -1133.7 144.1 -126.2 -104.6 0.0
-393.2 509.4 592.9 52.1 -29.1 278.0
233.6 -983.5 538.1 233.7 -17.5 0.0
198.9 -1137.0 152.1 -57.5 -134.3 0.0
-391.7 508.7 599.6 58.4 -29.2 258.0
239.5 -983.9 538.1 233.7 -17.5 0.0
199.0 -1140.9 152.1 4.0 -156.0 0.0
-390.1 507.9 605.8 64.7 -29.3 238.0
245.5 -984.3 538.1 241.2 -17.9 0.0
200.4 -1145.3 152.1 56.3 -174.4 0.0
-388.3 507.2 611.5 71.0 -29.3 218.0
251.6 -984.8 538.1 246.3 -18.1 0.0
203.0 -1150.1 152.1 100.7 -190.1 0.0
-386.4 506.5 616.7 77.2 -29.3 198.0
257.7 -985.2 538.1 243.8 -17.9 0.0
206.4 -1155.1 160.1 138.4 -203.4 0.0
-384.3 505.7 621.4 83.4 -29.3 178.0
263.8 -985.7 538.1 243.7 -18.0 0.0
210.8 -1160.3 160.1 173.5 -208.3 0.0
-382.1 505.0 625.6 89.7 -29.4 158.0
270.2 -986.2 538.1 253.8 -18.6 0.0
215.4 -1165.4 160.1 185.7 -201.2 0.0
-379.7 504.3 629.3 95.9 -29.4 138.0
276.6 -986.6 538.1 256.3 -18.8 0.0
220.2 -1170.2 168.1 191.4 -192.3 0.0
-377.1 503.5 632.5 102.1 -29.4 118.0
283.0 -987.1 538.1 256.3 -18.8 0.0
225.1 -1174.8 168.1 196.2 -184.7 0.0
-374.4 502.8 635.2 108.3 -29.3 98.0
289.4 -987.6 538.1 256.3 -18.9 0.0
230.3 -1179.3 168.1 207.6 -178.6 0.0
-371.6 502.1 637.4 114.4 -29.3 78.0
296.1 -988.1 538.1 266.4 -19.5 0.0
235.6 -1183.5 168.1 211.9 -170.6 0.0
-368.5 501.3 639.1 120.6 -29.2 58.0
302.8 -988.5 538.1 268.9 -19.7 0.0
241.0 -1187.6 176.1 215.5 -163.7 0.0
-365.4 500.6 640.3 125.2 -29.1 38.0
309.5 -989.0 538.1 268.9 -19.7 0.0
246.4 -1191.6 176.1 218.6 -157.9 0.0
-362.2 499.9 641.0 129.8 -29.0 18.0
316.2 -989.5 538.1 268.9 -19.7 0.0
252.1 -1195.4 176.1 225.4 -151.5 0.0
-358.8 499.2 641.2 134.4 -29.0 -2.0
323.2 -990.0 538.1 278.9 -20.3 0.0
257.8 -1199.0 176.1 228.4 -144.7 0.0
-355.3 498.4 640.9 139.0 -28.9 -22.0
330.3 -990.6 538.1 284.0 -20.5 0.0
263.6 -1202.4 184.1 230.9 -138.9 0.0
-351.9 497.7 640.1 139.0 -28.9 -42.0
337.3 -991.1 538.1 281.5 -20.5 0.0
269.4 -1205.8 184.1 233.0 -134.1 0.0
-348.4 497.0 638.8 139.0 -28.9 -62.0
344.4 -991.6 538.1 281.5 -20.5 0.0
275.3 -1209.1 190.8 238.5 -132.8 255.0
-344.9 496.3 637.0 139.0 -28.9 -82.0
351.5 -992.0 544.8 283.4 -15.2 255.0
281.4 -1212.4 196.9 244.0 -131.6 235.0
-341.4 495.6 634.7 139.0 -28.9 -102.0
358.6 -992.2 550.9 285.4 -9.9 235.0
287.7 -1215.7 202.5 249.5 -130.4 215.0
-338.0 494.8 631.9 139.0 -28.9 -122.0
365.8 -992.3 556.5 287.3 -4.6 215.0
294.1 -1218.9 207.6 255.0 -129.2 195.0
-334.5 494.1 628.6 139.0 -28.9 -142.0
373.0 -992.3 561.6 289.3 0.7 195.0
300.4 -1222.1 212.2 255.0 -129.2 175.0
-331.0 493.4 624.8 139.0 -28.9 -162.0
380.2 -992.3 566.2 289.3 0.7 175.0
306.8 -1225.4 216.4 255.0 -129.2 155.0
-327.5 492.7 620.5 139.0 -28.9 -182.0
387.5 -992.3 570.4 289.3 0.7 155.0
313.2 -1228.6 220.0 255.0 -129.2 135.0
-324.1 491.9 615.7 139.0 -28.9 -202.0
394.7 -992.2 574.0 289.3 0.7 135.0
319.6 -1231.8 223.1 255.0 -129.2 115.0
-320.6 491.2 610.4 139.0 -28.9 -222.0
401.9 -992.2 577.1 289.3 0.7 115.0
325.9 -1235.0 225.8 255.0 -129.2 95.0
-317.1 490.5 604.6 139.0 -28.9 -242.0
409.2 -992.2 579.8 289.3 0.7 95.0
332.3 -1238.3 227.9 255.0 -129.2 75.0
-313.6 489.8 598.3 139.0 -28.9 -262.0
416.4 -992.2 581.9 289.3 0.7 75.0
338.7 -1241.5 229.5 255.0 -129.2 55.0
-310.2 489.1 591.5 139.0 -28.9 -282.0
423.6 -992.2 583.5 289.3 0.7 55.0
345.1 -1244.7 230.6 255.0 -129.2 35.0
-306.7 488.3 584.2 139.0 -28.9 -302.0
351.4 -1248.0 231.2 255.0 -129.2 15.0
-303.2 487.6 576.4 139.0 -28.9 -322.0
357.8 -1251.2 231.4 255.0 -129.2 -5.0
-299.7 486.9 568.1 139.0 -28.9 -342.0
364.2 -1254.4 231.0 255.0 -129.2 -25.0
-296.3 486.2 559.3 139.0 -28.9 -362.0
370.5 -1257.7 242.1 255.0 -129.2 0.0
-292.8 485.4 550.0 139.0 -28.9 -382.0
376.8 -1260.9 249.3 249.6 -130.8 277.0
-289.3 484.7 540.2 139.0 -28.9 -402.0
382.9 -1264.2 256.0 244.1 -132.3 257.0
-285.8 484.0 536.1 139.0 -28.9 0.4
388.9 -1267.6 262.1 238.7 -133.9 237.0
-283.0 484.8 536.1 113.1 33.8 0.0
394.7 -1271.0 267.8 233.3 -135.5 217.0
-280.7 487.1 536.1 90.8 92.1 0.0
400.5 -1274.4 273.0 233.3 -135.5 197.0
-279.0 490.8 536.1 71.4 147.4 0.0
406.4 -1277.7 277.7 233.3 -135.5 177.0
-277.6 495.8 536.1 54.2 199.3 0.0
412.2 -1281.1 281.8 233.3 -135.5 157.0
-277.9 501.0 538.1 -13.5 208.4 0.0
418.0 -1284.5 285.5 233.3 -135.5 137.0
-279.6 506.3 538.1 -65.7 212.7 0.0
423.9 -1287.9 288.7 233.3 -135.5 117.0
-282.2 511.6 538.1 -103.8 212.2 0.0
429.7 -1291.3 291.4 233.3 -135.5 97.0
-285.7 517.0 538.1 -140.9 214.9 0.0
435.5 -1294.7 293.5 233.3 -135.5 77.0
-290.1 522.4 538.1 -176.0 216.3 0.0
441.3 -1298.1 295.2 233.3 -135.5 57.0
-294.9 527.7 538.1 -194.1 210.5 0.0
447.2 -1301.5 296.4 233.3 -135.5 37.0
-300.1 532.8 538.1 -206.5 204.0 0.0
453.0 -1304.8 297.1 233.3 -135.5 17.0
-305.5 537.7 538.1 -214.2 196.6 0.0
458.8 -1308.2 297.2 233.3 -135.5 -3.0
-311.0 542.6 537.9 -221.5 194.7 -20.0
464.7 -1311.6 296.9 233.3 -135.5 -23.0
-316.7 547.4 537.1 -229.0 192.8 -40.0
470.5 -1315.0 296.1 233.3 -135.5 -43.0
-322.6 552.2 536.1 -236.6 190.9 0.1
476.3 -1318.4 294.8 233.3 -135.5 -63.0
-329.6 555.7 536.1 -278.1 143.1 0.0
482.2 -1321.8 292.9 233.3 -135.5 -83.0
-333.6 559.4 536.1 -161.2 147.1 0.0
487.1 -1324.8 290.6 -11.3 -24.3 -103.0
-335.2 563.2 536.1 -62.6 150.6 0.0
486.9 -1325.4 287.8 -11.3 -24.3 -123.0
-334.7 567.0 536.1 19.5 153.0 0.0
486.6 -1326.0 284.5 -11.3 -24.3 -143.0
-332.5 570.9 536.1 86.8 154.3 0.0
486.3 -1326.6 280.6 -11.3 -24.3 -163.0
-328.7 574.3 536.1 151.7 137.3 0.0
486.0 -1327.2 276.3 -11.3 -24.3 -183.0
-323.6 577.4 536.1 205.5 123.1 0.0
485.7 -1327.8 271.5 -11.3 -24.3 -203.0
-317.4 580.1 536.1 249.4 110.5 0.0
485.4 -1328.4 266.2 -11.3 -24.3 -223.0
-310.2 582.6 536.1 285.5 99.6 0.0
485.2 -1329.0 260.3 -11.3 -24.3 -243.0
-302.2 584.4 536.1 319.7 71.5 0.0
484.9 -1329.6 254.0 -11.3 -24.3 -263.0
-294.1 585.7 536.1 325.6 51.7 0.0
484.6 -1330.2 247.2 -11.3 -24.3 -283.0
-286.1 586.6 536.1 320.6 36.4 0.0
484.3 -1330.8 239.9 -11.3 -24.3 -303.0
-278.1 587.2 536.1 318.4 23.1 0.0
484.0 -1331.5 232.0 -11.3 -24.3 -323.0
-270.5 586.3 536.1 306.5 -35.9 0.0
483.7 -1332.1 223.7 -11.3 -24.3 -343.0
-263.1 584.2 536.1 296.0 -85.6 0.0
483.3 -1332.6 217.1 -17.0 -21.2 0.4
-255.9 581.0 536.1 286.6 -127.0 0.0
481.7 -1332.1 217.1 -64.7 21.4 0.0
-249.3 577.5 536.1 263.5 -138.9 0.0
479.0 -1330.9 217.1 -107.5 47.6 0.0
-242.0 574.2 536.1 293.1 -133.3 0.0
475.3 -1329.1 217.1 -148.4 71.4 0.0
-234.6 571.1 536.1 295.1 -123.6 0.0
470.2 -1327.4 217.1 -204.0 67.1 0.0
-227.1 568.2 536.1 299.2 -116.1 0.0
463.9 -1325.8 217.1 -251.2 63.4 0.0
-219.6 565.5 536.1 301.0 -109.1 0.0
456.6 -1324.3 217.1 -291.4 60.2 0.0
-212.0 563.0 536.1 303.3 -100.0 0.0
448.9 -1322.9 217.1 -308.9 56.2 0.0
-204.4 560.7 536.1 304.5 -92.2 0.0
441.1 -1321.6 217.1 -311.9 51.5 0.0
-196.8 558.5 536.1 305.5 -85.5 0.0
433.3 -1320.4 217.1 -312.3 47.4 0.0
-1616.0 200.0 33.0 0.0 0.0 0.0
-189.1 556.5 536.1 306.6 -79.7 0.0
425.5 -1319.3 217.1 -312.5 43.9 0.0
-1616.0 200.0 26.8 0.0 0.0 -100.0
-181.4 554.8 536.1 306.4 -70.3 0.0
417.7 -1318.3 217.1 -312.8 40.9 0.0
-1616.0 200.0 24.1 0.0 0.0 0.1
-173.8 553.2 536.1 306.8 -62.5 0.0
409.8 -1317.4 217.1 -315.7 38.0 0.0
-1616.0 200.0 24.1 0.0 0.0 0.0
-166.1 551.8 536.1 307.1 -55.9 0.0
401.9 -1316.5 217.1 -315.8 35.5 0.0
-1616.0 200.0 24.1 0.0 0.0 0.0
-158.4 550.6 536.1 307.6 -50.1 0.0
394.0 -1315.7 217.1 -316.0 33.3 0.0
-1616.0 200.0 24.1 0.0 0.0 0.0
-151.2 549.6 536.1 289.1 -36.6 0.0
386.1 -1314.9 217.1 -316.1 31.5 0.0
-1615.7 198.5 24.1 13.0 -60.3 0.0
-144.0 549.1 536.1 285.8 -22.4 0.0
378.2 -1314.1 217.1 -316.3 29.5 0.0
-1615.1 196.0 24.1 22.3 -101.6 0.0
-137.0 548.8 538.1 280.8 -10.8 0.0
370.3 -1313.4 217.1 -316.4 27.9 0.0
-1614.3 192.3 24.1 31.8 -146.1 0.0
-130.1 548.8 538.1 276.5 -0.7 0.0
362.4 -1312.8 217.1 -316.5 26.5 0.0
-1613.3 187.5 24.1 41.6 -190.0 0.0
-123.5 549.0 538.1 263.5 8.1 0.0
354.4 -1312.1 217.1 -316.5 25.3 0.0
-1612.0 181.7 24.1 50.9 -232.3 0.0
-117.1 549.4 538.1 258.0 17.1 0.0
346.5 -1311.5 217.1 -316.5 24.6 0.0
-1610.5 174.9 24.1 60.0 -271.8 0.0
-110.7 550.0 538.1 253.0 24.6 0.0
338.6 -1310.9 217.1 -316.6 24.1 0.0
-1608.8 167.3 24.1 68.3 -307.5 0.0
-104.5 550.8 538.1 248.6 31.1 0.0
330.7 -1310.3 217.1 -316.6 23.7 0.0
-1607.1 159.5 24.1 68.8 -309.9 0.0
-97.5 550.6 538.1 282.7 -8.2 0.0
322.8 -1309.7 217.1 -316.6 23.3 0.0
-1605.4 151.8 24.1 68.4 -310.0 0.0
-89.7 549.6 538.1 311.8 -41.5 0.0
314.9 -1309.2 217.1 -316.6 23.0 0.0
-1603.7 144.0 24.1 68.0 -310.1 0.0
-81.6 548.0 538.1 322.1 -62.9 0.0
307.0 -1308.6 217.1 -316.7 22.8 0.0
-1602.0 136.3 24.1 67.1 -307.7 0.0
-73.7 546.2 538.1 316.6 -73.9 0.0
299.0 -1308.0 217.1 -316.7 22.5 0.0
-1600.3 128.7 24.1 66.2 -305.3 0.0
-65.8 544.0 538.1 314.0 -87.3 0.0
291.1 -1307.5 217.1 -316.7 22.4 0.0
-1598.9 120.8 32.1 59.0 -315.0 0.0
-58.1 541.5 538.1 308.9 -97.4 0.0
283.3 -1306.9 217.1 -311.7 21.8 0.0
-1597.5 112.9 32.1 52.6 -315.2 0.0
-50.5 538.9 538.1 304.1 -105.5 0.0
275.5 -1306.4 217.1 -311.7 21.5 0.0
-1596.4 105.0 40.1 47.4 -315.3 0.0
-43.0 536.1 538.1 300.3 -112.7 0.0
267.7 -1305.9 217.1 -311.7 21.3 0.0
-1595.3 97.1 40.1 42.7 -315.7 0.0
-35.6 533.1 538.1 297.6 -121.3 0.0
260.0 -1305.3 217.1 -311.7 21.2 0.0
-1594.7 89.9 48.1 22.2 -289.6 0.0
-28.2 529.9 538.1 293.7 -127.7 0.0
252.2 -1304.8 217.1 -309.2 20.7 0.0
-1595.0 82.6 48.1 -11.0 -291.5 0.0
-21.0 526.5 538.1 290.4 -133.1 0.0
244.5 -1304.3 217.1 -309.2 20.5 0.0
-1596.0 75.3 56.1 -39.6 -293.7 0.0
-13.8 523.1 538.1 287.7 -137.9 0.0
236.8 -1303.8 217.1 -309.3 20.3 0.0
-1597.6 67.9 56.1 -64.2 -295.9 0.0
-6.6 519.5 538.1 285.3 -144.1 0.0
229.0 -1303.3 217.1 -309.3 20.1 0.0
-1599.0 61.6 64.1 -54.6 -251.5 0.0
0.4 515.8 538.1 282.2 -148.5 0.0
221.5 -1302.8 217.1 -301.7 19.4 0.0
-1600.4 55.3 64.1 -55.9 -253.5 0.0
7.4 512.0 538.1 279.8 -152.1 0.0
213.9 -1302.3 217.1 -301.8 19.2 0.0
-1601.9 48.5 64.1 -60.8 -270.5 0.0
14.4 508.1 538.1 277.7 -155.5 0.0
206.4 -1301.9 217.1 -301.8 19.0 0.0
-1603.5 41.4 72.1 -64.6 -282.5 0.0
21.2 504.1 538.1 275.6 -160.2 0.0
198.8 -1301.4 217.1 -301.8 18.9 0.0
-1604.6 34.6 72.1 -43.1 -275.1 0.0
28.1 500.0 538.1 273.1 -163.5 0.0
191.4 -1300.9 217.1 -296.8 18.3 0.0
-1605.4 28.3 80.1 -30.5 -252.0 0.0
34.9 495.8 538.1 271.0 -166.7 0.0
184.0 -1300.5 217.1 -296.8 18.1 0.0
-1605.7 21.9 80.1 -12.6 -254.0 0.0
41.6 491.6 538.1 269.2 -169.2 0.0
176.6 -1300.0 217.1 -296.8 17.9 0.0
-1605.6 15.4 80.1 4.5 -261.5 0.0
47.3 488.0 538.1 228.8 -143.8 0.0
169.2 -1299.6 217.1 -296.8 17.8 0.0
-1604.2 8.6 88.1 55.2 -271.5 0.0
52.2 484.9 538.1 194.5 -122.2 0.0
161.9 -1299.2 217.1 -289.3 17.1 0.0
-1601.8 1.6 88.1 96.9 -278.8 0.0
56.3 482.3 538.1 165.3 -103.9 0.0
154.7 -1298.7 217.1 -289.3 17.0 0.0
-1598.8 -5.2 88.1 117.5 -270.7 0.0
59.8 480.1 538.1 140.5 -88.3 0.0
147.5 -1298.3 217.1 -289.3 16.8 0.0
-1595.7 -11.5 88.1 125.5 -254.7 0.0
62.8 478.3 538.1 119.5 -75.1 0.0
140.2 -1297.9 217.1 -289.3 16.7 0.0
-1593.9 -18.6 88.1 72.5 -284.7 0.0
65.3 476.7 538.1 101.5 -63.8 0.0
132.8 -1297.5 217.1 -296.9 16.8 0.0
-1593.2 -26.4 88.1 27.7 -309.5 0.0
67.6 475.2 538.1 90.4 -58.0 0.0
-856.0 472.0 33.0 0.0 0.0 0.0
125.2 -1297.0 217.1 -304.4 16.9 0.0
-1593.4 -34.6 88.1 -10.6 -330.5 0.0
69.8 473.7 538.1 88.6 -60.1 0.0
-856.0 472.0 26.8 0.0 0.0 -100.0
117.4 -1296.6 217.1 -314.5 17.3 0.0
-1594.2 -42.7 88.1 -29.7 -321.5 0.0
71.7 472.4 538.1 75.3 -51.1 0.0
-856.0 472.0 24.1 0.0 0.0 0.1
109.4 -1296.2 217.1 -317.0 17.4 0.0
-1592.9 -50.1 88.1 50.5 -294.8 0.0
73.3 471.3 538.1 66.0 -46.3 0.0
-856.0 472.0 24.1 0.0 0.0 0.0
101.5 -1295.8 217.1 -317.1 16.5 0.0
-1590.0 -56.9 88.1 118.5 -272.5 0.0
74.9 470.1 538.1 63.2 -48.8 0.0
-856.0 472.0 24.1 0.0 0.0 0.0
93.8 -1295.4 217.1 -307.0 15.5 0.0
-1585.5 -63.2 88.1 176.4 -253.5 0.0
76.5 468.7 538.1 62.5 -52.6 0.0
-856.0 472.0 24.1 0.0 0.0 0.0
86.5 -1295.0 217.1 -294.5 14.4 0.0
-1579.9 -69.1 88.1 225.0 -237.2 0.0
78.2 467.3 538.1 68.9 -57.9 0.0
-856.0 472.0 24.1 0.0 0.0 0.0
79.5 -1294.7 226.1 -276.8 13.4 0.0
-1573.2 -74.0 88.1 269.7 -195.2 0.0
80.0 465.8 538.1 71.4 -60.0 0.0
-856.0 472.0 24.1 0.0 0.0 0.0
73.7 -1292.7 226.1 -235.4 80.6 0.0
-1565.5 -78.0 88.1 307.7 -159.4 0.0
81.8 464.3 538.1 71.4 -60.0 0.0
-855.1 470.4 24.1 37.2 -62.2 0.0
68.6 -1289.1 226.1 -200.4 141.6 0.0
-1557.3 -81.2 88.1 327.3 -129.8 0.0
83.6 462.8 538.1 71.4 -60.0 0.0
-853.4 467.6 24.1 67.3 -112.6 0.0
64.4 -1284.3 226.1 -170.7 193.4 0.0
-1549.1 -83.9 88.1 327.2 -106.3 0.0
86.8 460.6 538.1 129.3 -87.4 0.0
-851.0 463.6 24.1 96.2 -160.4 0.0
60.7 -1278.4 234.1 -145.4 237.5 0.0
-1540.8 -85.2 88.1 331.3 -53.2 0.0
91.3 457.8 538.1 179.4 -111.3 0.0
-848.0 458.6 24.1 121.4 -202.2 0.0
59.2 -1272.2 234.1 -63.3 246.4 0.0
-1532.6 -85.5 88.1 330.9 -10.5 0.0
96.8 454.5 538.1 222.0 -131.6 0.0
-844.4 452.6 24.1 143.1 -239.0 0.0
59.2 -1265.9 234.1 3.5 251.6 0.0
-1524.7 -85.1 88.1 315.9 15.5 0.0
103.3 450.8 538.1 258.3 -148.8 0.0
-840.3 445.8 24.1 162.5 -271.2 0.0
60.7 -1259.6 242.1 56.3 253.0 0.0
-1517.0 -84.1 88.1 305.0 38.7 0.0
110.1 446.9 538.1 274.4 -155.0 0.0
-836.2 439.0 24.1 163.0 -272.4 0.0
63.1 -1253.3 242.1 99.3 252.5 0.0
-1509.5 -84.4 88.1 302.5 -10.3 0.0
117.0 443.1 538.1 275.3 -153.3 0.0
-832.2 432.2 24.1 162.7 -272.6 0.0
65.9 -1247.7 250.1 108.6 221.4 0.0
-1502.0 -85.7 88.1 300.6 -52.2 0.0
123.9 439.3 538.1 276.1 -151.9 0.0
-828.1 425.4 24.1 162.3 -272.9 0.0
68.7 -1242.9 250.1 115.9 194.7 0.0
-1494.9 -87.5 88.1 283.7 -72.5 0.0
130.8 435.5 538.1 276.7 -150.7 0.0
-824.1 418.5 24.1 162.1 -273.0 0.0
71.8 -1238.6 250.1 122.2 172.1 0.0
-1488.1 -89.8 88.1 269.8 -90.4 0.0
137.8 431.8 538.1 277.3 -149.5 0.0
-820.0 411.8 24.1 160.6 -270.9 0.0
75.0 -1234.7 250.1 127.6 152.8 0.0
-1481.7 -93.5 88.1 258.3 -148.7 0.0
144.7 428.1 538.1 277.9 -148.4 0.0
-816.0 405.0 24.1 160.6 -271.0 0.0
78.6 -1230.0 258.1 143.6 188.9 0.0
-1475.4 -98.5 88.1 249.0 -198.8 0.0
151.7 424.4 538.1 278.3 -147.6 0.0
-812.0 398.2 24.1 160.3 -271.1 0.0
82.5 -1224.5 258.1 157.2 219.5 0.0
-1469.4 -104.5 88.1 240.3 -240.1 0.0
158.6 420.7 538.1 278.7 -146.8 0.0
-808.0 391.4 24.1 160.0 -271.3 0.0
86.4 -1218.9 258.1 157.2 226.0 0.0
-1463.9 -110.6 88.1 221.7 -247.4 0.0
165.6 417.1 538.1 277.1 -144.6 0.0
-804.0 384.6 24.1 159.9 -271.3 0.0
90.3 -1213.2 266.1 154.7 227.5 0.0
-1459.8 -117.4 88.1 162.4 -269.7 0.0
172.5 413.5 538.1 277.5 -143.6 0.0
-800.0 377.9 24.1 160.0 -271.3 0.0
92.6 -1207.3 266.1 91.9 236.5 0.0
-1457.0 -124.6 88.1 112.5 -287.5 0.0
179.5 410.0 538.1 277.9 -142.8 0.0
-796.0 371.1 24.1 160.0 -271.3 0.0
93.6 -1201.2 266.1 38.5 244.2 0.0
-1455.3 -132.1 96.1 70.5 -301.5 0.0
186.4 406.4 538.1 278.3 -142.2 0.0
-792.0 364.2 24.1 161.1 -273.6 0.0
93.4 -1194.9 274.1 -6.9 250.8 0.0
-1454.1 -139.3 96.1 46.7 -286.7 0.0
193.3 402.9 538.1 276.7 -139.9 0.0
-788.0 357.4 24.1 161.1 -273.6 0.0
92.3 -1188.5 274.1 -45.5 256.3 0.0
-1455.0 -146.0 104.1 -35.7 -268.5 0.0
200.3 399.4 538.1 277.1 -138.9 0.0
-783.9 350.6 24.1 161.0 -273.6 0.0
89.4 -1182.6 282.1 -112.9 237.7 0.0
-1457.6 -152.3 104.1 -105.7 -253.0 0.0
207.1 396.0 538.1 275.3 -136.9 0.0
-779.8 344.4 24.1 164.2 -245.7 0.0
85.2 -1177.0 282.1 -170.2 221.9 0.0
-1461.8 -158.3 104.1 -165.3 -239.7 0.0
214.0 392.6 538.1 275.6 -136.2 0.0
-775.4 338.8 24.1 176.0 -226.5 0.0
79.7 -1171.8 282.1 -218.9 208.4 0.0
-1467.1 -164.0 112.1 -215.3 -228.5 0.0
220.9 389.3 538.1 272.8 -131.7 0.0
-770.8 333.5 24.1 186.9 -210.4 0.0
73.2 -1166.9 282.1 -260.3 197.0 0.0
-1471.7 -168.9 112.1 -183.3 -195.1 0.0
227.6 386.1 538.1 271.4 -128.3 0.0
-765.9 328.6 24.1 196.1 -196.8 0.0
67.7 -1162.7 282.1 -221.3 167.4 0.0
-1476.0 -174.2 112.1 -172.3 -210.3 0.0
234.4 382.9 538.1 272.2 -126.3 0.0
-760.7 324.0 24.1 207.8 -184.1 0.0
62.6 -1158.6 282.1 -204.9 165.0 0.0
-1480.1 -179.8 120.1 -163.3 -224.5 0.0
241.2 379.9 538.1 270.5 -123.7 0.0
-754.9 319.5 24.1 229.0 -178.1 0.0
57.6 -1154.3 282.1 -196.8 171.0 0.0
-1484.0 -185.7 120.1 -155.2 -235.5 0.0
248.4 375.8 538.1 286.8 -160.6 0.0
-748.7 315.2 24.1 249.5 -174.3 0.0
52.9 -1149.9 282.1 -190.0 176.0 0.0
-1485.7 -191.7 120.1 -67.1 -240.3 0.0
255.3 371.6 538.1 278.0 -170.2 0.0
-742.1 310.9 24.1 265.4 -169.9 0.0
48.1 -1145.0 282.1 -190.3 196.7 0.0
-1485.5 -197.8 128.1 8.1 -245.0 0.0
262.1 367.1 538.1 270.2 -178.0 0.0
-735.0 307.4 24.1 284.5 -142.5 0.0
43.6 -1139.9 282.1 -182.7 201.3 0.0
-1483.7 -204.0 128.1 72.6 -249.3 0.0
268.7 362.5 538.1 263.6 -184.7 0.0
-727.4 304.4 24.1 304.0 -119.0 0.0
39.2 -1134.8 282.1 -176.2 205.3 0.0
-1480.5 -210.3 136.1 128.1 -253.1 0.0
275.1 357.7 538.1 258.1 -192.2 0.0
-719.5 301.9 24.1 315.7 -99.4 0.0
34.9 -1129.6 282.1 -170.7 208.7 0.0
-1477.0 -217.1 136.1 139.6 -268.5 0.0
281.4 352.8 538.1 252.4 -197.9 0.0
-711.5 299.8 24.1 320.6 -82.6 0.0
30.6 -1123.8 282.1 -170.8 231.2 0.0
-1473.4 -223.7 136.1 141.3 -267.5 0.0
287.6 347.7 538.1 247.5 -202.5 0.0
-703.3 298.2 24.1 325.2 -65.2 0.0
26.5 -1117.9 282.1 -163.4 234.7 0.0
-1469.9 -230.4 144.1 141.6 -264.5 0.0
293.7 342.6 538.1 241.6 -204.7 0.0
-695.2 296.9 24.1 323.9 -50.8 0.0
22.6 -1112.0 282.1 -157.1 237.7 0.0
-1466.4 -236.9 144.1 141.7 -261.5 0.0
299.6 337.4 538.1 237.8 -209.3 0.0
-687.3 296.0 24.1 317.7 -39.0 0.0
18.8 -1106.0 282.1 -151.8 240.3 0.0
-1464.4 -244.1 152.1 78.4 -289.6 0.0
305.4 332.1 538.1 232.3 -211.0 0.0
-679.5 295.2 24.1 311.7 -29.1 0.0
15.2 -1099.0 282.1 -145.2 279.3 0.0
-1463.8 -252.0 152.1 24.5 -313.4 0.0
311.1 326.7 538.1 229.1 -213.7 0.0
-671.7 294.8 24.1 312.6 -18.3 0.0
11.8 -1091.9 282.1 -133.9 285.5 0.0
-1464.3 -260.3 152.1 -21.3 -333.7 0.0
316.8 321.4 538.1 224.8 -214.2 0.0
-663.9 294.5 24.1 311.8 -9.0 0.0
8.7 -1084.7 282.1 -123.5 287.8 0.0
-1465.7 -268.8 152.1 -53.6 -340.7 0.0
322.3 315.9 538.1 222.2 -217.3 0.0
-656.1 294.5 24.1 310.6 -1.3 0.0
5.9 -1077.4 282.1 -114.8 289.7 0.0
-1467.9 -277.3 152.1 -90.5 -340.4 0.0
327.8 310.5 538.1 217.9 -217.6 0.0
-648.3 294.6 24.1 312.1 5.5 0.0
1.9 -1070.4 282.1 -158.1 282.4 0.0
-1470.6 -285.5 152.1 -109.2 -326.3 0.0
333.2 305.0 538.1 215.8 -219.4 0.0
-640.4 295.0 24.1 314.7 13.2 0.0
-2.4 -1063.8 282.1 -172.1 262.5 0.0
-1473.8 -293.3 152.1 -124.6 -313.4 0.0
338.5 299.5 538.1 212.4 -219.1 0.0
-632.5 295.5 24.1 316.2 19.6 0.0
-6.9 -1057.7 282.1 -182.6 244.8 0.0
-1477.2 -300.9 152.1 -137.8 -302.2 0.0
343.7 294.0 538.1 210.4 -221.2 0.0
-624.6 296.1 24.1 317.9 25.2 0.0
-11.7 -1052.0 282.1 -191.6 229.7 0.0
-1478.6 -307.4 152.1 -54.9 -261.3 0.0
348.9 288.5 538.1 207.0 -220.8 0.0
-616.7 296.8 24.1 317.1 29.6 0.0
-17.7 -1046.6 282.1 -238.3 215.6 0.0
-1478.0 -313.1 152.1 22.5 -226.9 0.0
354.0 283.0 538.1 203.9 -220.1 0.0
-608.7 297.7 24.1 316.7 34.1 0.0
-24.4 -1041.5 282.1 -269.2 201.3 0.0
-1475.7 -318.0 152.1 93.2 -197.9 0.0
359.1 277.5 538.1 202.7 -221.1 0.0
-600.8 298.6 24.1 316.0 38.0 0.0
-31.3 -1036.9 282.1 -274.1 183.4 0.0
-1471.8 -322.4 152.1 157.2 -173.6 0.0
364.1 271.9 538.1 201.3 -222.4 0.0
-593.0 299.7 24.1 315.3 41.1 0.0
-38.2 -1032.7 282.1 -278.2 168.1 0.0
-1466.4 -326.1 152.1 213.0 -147.4 0.0
369.1 266.4 538.1 198.6 -221.4 0.0
-585.2 300.8 24.1 312.4 43.5 0.0
-44.1 -1029.2 282.1 -236.5 142.9 0.0
-1459.9 -329.2 152.1 260.4 -124.8 0.0
374.0 260.8 538.1 197.4 -222.5 0.0
-577.4 301.9 24.1 309.6 46.4 0.0
-49.6 -1025.8 282.1 -217.1 136.3 0.0
-1452.4 -331.8 152.1 299.4 -105.4 0.0
378.9 255.3 538.1 195.0 -221.2 0.0
-569.8 303.1 24.1 306.5 48.7 0.0
-54.9 -1022.2 282.1 -212.3 141.5 0.0
-1444.8 -334.1 152.1 305.5 -89.2 0.0
383.7 249.7 538.1 193.9 -222.2 0.0
-562.1 304.4 24.1 306.0 51.1 0.0
-60.1 -1018.6 282.1 -208.2 146.0 0.0
-1437.3 -335.9 152.1 301.9 -73.5 0.0
388.5 244.2 538.1 191.2 -221.2 0.0
-554.5 305.7 24.1 305.6 53.0 0.0
-65.2 -1013.8 282.1 -203.5 189.4 0.0
-1429.8 -337.4 152.1 298.7 -60.1 0.0
393.3 238.6 538.1 190.2 -222.1 0.0
-546.9 307.1 24.1 302.8 55.4 0.0
-70.1 -1008.2 282.1 -198.6 223.9 0.0
-1422.3 -338.6 152.1 298.3 -48.3 0.0
398.0 233.1 538.1 187.8 -220.7 0.0
-539.3 308.6 24.1 302.2 57.9 0.0
-74.8 -1002.5 282.1 -184.7 229.6 0.0
-1414.8 -339.6 152.1 300.2 -38.3 0.0
402.6 227.6 538.1 186.5 -222.0 0.0
-531.8 310.1 24.1 301.7 60.3 0.0
-79.1 -996.6 282.1 -172.9 234.4 0.0
-1407.3 -340.3 152.1 301.3 -28.2 0.0
407.2 222.0 538.1 183.7 -221.0 0.0
-524.3 311.6 24.1 301.3 62.2 0.0
-82.8 -991.6 282.1 -148.3 200.6 0.0
-1399.6 -340.7 152.1 308.0 -19.1 0.0
411.7 216.6 538.1 181.1 -219.8 0.0
-516.9 313.3 24.1 296.2 65.0 0.0
-86.6 -986.7 282.1 -152.1 196.8 0.0
-1391.8 -341.0 152.1 312.5 -11.3 0.0
416.2 211.1 538.1 178.7 -218.5 0.0
-509.4 315.0 24.1 297.6 69.1 0.0
-90.5 -981.9 282.1 -155.3 193.7 0.0
-1383.9 -341.1 152.1 314.4 -4.8 0.0
420.2 204.5 538.1 160.8 -264.6 0.0
-502.0 316.8 24.1 296.8 72.0 0.0
-94.4 -977.1 282.1 -158.0 191.0 0.0
-1376.0 -341.1 152.1 317.1 2.0 0.0
423.9 196.9 538.1 145.9 -302.4 0.0
-494.5 318.7 24.1 298.4 75.3 0.0
-98.5 -972.3 282.1 -164.3 192.1 0.0
-1368.0 -340.9 152.1 318.9 7.8 0.0
427.1 189.3 538.1 129.5 -304.6 0.0
-486.6 320.3 24.1 316.5 65.0 0.0
-102.7 -967.5 282.1 -166.5 189.9 0.0
-1360.1 -340.6 152.1 318.4 12.6 0.0
430.0 181.6 538.1 115.5 -306.3 0.0
-478.7 321.7 24.1 316.4 56.2 0.0
-106.9 -962.8 282.1 -168.4 188.1 0.0
-1352.1 -340.2 152.1 317.9 16.8 0.0
432.6 173.9 538.1 103.3 -308.3 0.0
-470.8 322.9 24.1 316.7 48.6 0.0
-111.2 -958.2 282.1 -169.9 186.5 0.0
-1344.2 -339.6 152.1 317.8 21.3 0.0
434.9 166.2 538.1 92.8 -309.5 0.0
-462.9 324.0 24.1 316.8 42.2 0.0
-115.5 -953.5 282.1 -175.2 188.5 0.0
-1336.2 -339.0 152.1 317.3 25.3 0.0
437.0 158.4 538.1 83.9 -310.4 0.0
-454.9 324.8 24.1 320.1 32.7 0.0
-119.9 -948.8 282.1 -176.5 187.1 0.0
-1328.3 -338.3 152.1 316.8 28.7 0.0
438.9 150.7 538.1 76.1 -311.4 0.0
-446.9 325.4 24.1 319.4 25.1 0.0
-124.4 -944.1 282.1 -177.6 186.0 0.0
-1320.4 -337.5 152.1 316.4 31.6 0.0
440.6 142.8 538.1 67.8 -313.8 0.0
-438.9 325.9 24.1 319.0 18.7 0.0
-128.9 -939.5 282.1 -178.6 185.0 0.0
-1312.5 -336.6 152.1 316.1 35.0 0.0
442.1 134.9 538.1 60.5 -314.4 0.0
-430.9 326.2 24.1 318.9 13.0 0.0
-133.4 -934.8 282.1 -183.5 187.3 0.0
-1304.6 -335.7 152.1 315.6 37.8 0.0
443.5 127.1 538.1 54.6 -314.5 0.0
-423.0 326.3 24.1 318.4 2.1 0.0
-138.1 -930.2 282.1 -184.5 186.2 0.0
-1296.7 -334.7 152.1 315.2 40.1 0.0
444.7 119.2 538.1 49.3 -315.1 0.0
-415.1 326.1 24.1 316.7 -7.1 0.0
-142.7 -925.5 282.1 -185.4 185.3 0.0
-1288.9 -333.6 152.1 314.9 42.3 0.0
445.8 111.3 538.1 43.3 -316.3 0.0
-407.2 325.7 24.1 315.3 -14.8 0.0
-147.3 -920.9 282.1 -186.1 184.6 0.0
-1282.2 -332.7 152.1 267.7 35.9 0.0
446.7 103.4 538.1 38.0 -316.7 0.0
-399.3 325.2 24.1 316.5 -21.9 0.0
-152.1 -916.3 282.1 -188.6 185.6 0.0
-1276.4 -331.9 152.1 232.5 31.5 0.0
447.6 95.5 538.1 33.6 -316.7 0.0
-392.1 324.2 24.1 287.9 -37.0 0.0
-156.8 -911.7 282.1 -189.2 185.0 0.0
-1270.5 -331.1 152.1 234.7 33.7 0.0
448.3 87.5 538.1 29.8 -316.8 0.0
-385.3 322.8 24.1 271.5 -57.7 0.0
-161.5 -907.1 282.1 -189.7 184.4 0.0
-1264.6 -330.2 152.1 234.4 35.4 0.0
449.0 79.6 538.1 24.9 -317.7 0.0
-378.9 320.9 24.1 255.9 -73.6 0.0
-166.3 -902.5 282.1 -190.1 184.0 0.0
-1259.6 -329.4 152.1 199.8 30.2 0.0
449.5 71.7 538.1 20.7 -317.7 0.0
-372.8 318.7 24.1 244.3 -88.8 0.0
-171.1 -897.8 282.1 -192.4 185.3 0.0
-1255.4 -328.8 152.1 169.8 25.7 0.0
449.9 63.7 538.1 17.1 -317.7 0.0
-365.6 316.9 24.1 287.1 -74.9 0.0
-175.9 -893.2 282.1 -192.7 184.9 0.0
-1251.5 -328.2 152.1 157.0 24.4 0.0
450.2 55.8 538.1 14.0 -317.6 0.0
-357.7 315.3 24.1 318.0 -63.0 0.0
-180.7 -888.6 282.1 -193.0 184.6 0.0
-1247.5 -327.6 152.1 156.8 25.6 0.0
450.5 47.8 538.1 9.5 -318.4 0.0
-349.7 313.9 24.1 317.7 -53.4 0.0
-185.6 -884.0 282.1 -193.3 184.3 0.0
-1243.5 -325.7 152.1 161.7 73.0 0.0
450.6 39.9 538.1 5.7 -318.2 0.0
-341.8 312.8 24.1 317.9 -44.9 0.0
-190.5 -879.3 282.1 -197.3 187.4 0.0
-1239.3 -322.8 152.1 167.4 115.3 0.0
450.7 31.9 538.1 2.4 -318.0 0.0
-333.8 311.9 24.1 320.4 -35.0 0.0
-195.4 -874.6 282.1 -197.7 187.1 0.0
-1234.9 -318.9 152.1 175.4 157.5 0.0
450.7 24.0 538.1 -0.4 -317.9 0.0
-325.8 311.3 24.1 320.0 -26.5 0.0
-200.4 -869.9 282.1 -197.9 186.8 0.0
-1230.3 -314.0 152.1 185.1 198.1 0.0
450.5 16.1 538.1 -9.0 -316.3 0.0
-317.8 310.8 24.1 319.6 -19.1 0.0
-205.3 -865.3 282.1 -198.1 186.5 0.0
-1225.8 -308.0 152.1 180.5 237.7 0.0
450.0 8.2 538.1 -16.4 -314.9 0.0
-309.8 310.5 24.1 319.1 -13.0 0.0
-209.9 -861.0 282.1 -181.7 170.9 0.0
-1221.4 -301.4 152.1 174.7 265.7 0.0
449.5 0.3 538.1 -23.1 -316.2 0.0
-301.8 310.4 24.1 321.1 -4.2 0.0
-214.0 -857.1 282.1 -165.2 155.3 0.0
-1217.3 -294.4 152.1 166.4 278.8 0.0
448.8 -7.6 538.1 -28.4 -315.2 0.0
-293.8 310.4 24.1 320.1 2.9 0.0
-218.6 -852.8 282.1 -183.9 172.3 0.0
-1213.3 -287.3 152.1 156.6 282.5 0.0
448.1 -15.5 538.1 -24.8 -317.2 0.0
-285.8 310.7 24.1 319.2 8.9 0.0
-223.6 -848.1 282.1 -200.5 187.7 0.0
-1210.3 -279.4 152.1 121.2 316.1 0.0
447.6 -23.5 538.1 -21.7 -317.2 0.0
-277.8 311.0 24.1 318.5 13.9 0.0
-228.7 -843.4 282.1 -204.4 190.9 0.0
-1208.0 -271.0 152.1 92.1 336.4 0.0
447.1 -31.4 538.1 -19.0 -317.3 0.0
-269.9 311.6 24.1 318.3 23.1 0.0
-233.9 -838.6 282.1 -204.6 190.7 0.0
-1206.3 -262.7 152.1 70.2 333.7 0.0
446.7 -39.3 538.1 -16.7 -317.3 0.0
-261.9 312.4 24.1 316.6 30.9 0.0
-239.0 -833.8 282.1 -204.7 190.6 0.0
-1204.9 -254.5 152.1 52.8 325.4 0.0
446.4 -47.3 538.1 -13.8 -317.6 0.0
-254.1 313.3 24.1 314.9 37.2 0.0
-244.1 -829.1 282.1 -204.8 190.4 0.0
-1205.1 -246.1 152.1 -4.6 337.9 0.0
446.1 -55.2 538.1 -11.3 -317.6 0.0
-246.2 314.4 24.1 316.1 43.2 0.0
-248.4 -825.0 282.1 -174.1 161.9 0.0
-1206.4 -237.4 152.1 -53.5 349.2 0.0
445.8 -63.1 538.1 -9.0 -317.6 0.0
-238.5 315.8 24.1 305.4 57.0 0.0
-253.0 -821.0 282.1 -183.6 159.1 0.0
-1207.9 -228.5 151.9 -58.5 355.3 -20.0
445.7 -71.1 538.1 -7.3 -317.5 0.0
-231.0 317.6 24.1 300.2 70.7 0.0
-257.7 -817.2 282.1 -186.8 153.8 0.0
-1209.3 -219.6 151.1 -58.5 355.3 -40.0
445.5 -79.0 538.1 -4.9 -317.7 0.0
-223.7 319.6 24.1 294.5 81.7 0.0
-262.4 -813.5 282.1 -189.5 149.3 0.0
-1210.8 -210.9 149.9 -60.8 348.1 -60.0
445.5 -87.0 538.1 -2.6 -317.7 0.0
-216.4 321.9 24.1 289.4 91.1 0.0
-268.0 -809.5 282.1 -221.1 158.8 0.0
-1212.4 -202.4 148.1 -63.1 340.8 -80.0
445.5 -94.9 538.1 -0.8 -317.6 0.0
-210.3 323.8 24.1 246.0 77.4 0.0
-273.7 -805.6 282.1 -228.0 156.2 0.0
-1214.0 -194.0 145.9 -65.4 333.5 -100.0
445.5 -102.8 538.1 0.5 -317.6 0.0
-204.5 325.5 24.1 230.5 65.4 0.0
-279.4 -801.8 282.1 -230.2 152.1 0.0
-1215.7 -185.9 143.1 -67.8 326.2 -120.0
445.5 -110.8 538.1 3.1 -317.8 0.0
-198.7 326.8 24.1 230.8 54.7 0.0
-285.2 -798.1 282.1 -232.1 148.6 0.0
-1217.4 -177.9 139.9 -67.8 319.5 -140.0
445.7 -118.7 538.1 5.5 -317.7 0.0
-193.0 328.0 24.1 230.5 45.6 0.0
-291.8 -794.2 282.1 -262.6 154.6 0.0
-1219.1 -170.1 136.1 -67.9 313.0 -160.0
445.9 -126.7 538.1 7.5 -317.6 0.0
-188.1 328.9 24.1 196.0 38.8 0.0
-298.5 -790.4 282.1 -267.1 150.4 0.0
-1220.8 -162.4 131.9 -67.9 306.8 -180.0
446.1 -134.6 538.1 9.0 -317.5 0.0
-183.9 329.8 24.1 166.6 33.0 0.0
-305.2 -786.8 282.1 -269.0 146.1 0.0
-1222.5 -154.9 127.1 -68.0 300.8 -200.0
446.3 -139.4 538.1 9.2 -190.5 0.0
-179.9 330.4 24.1 162.3 24.7 0.0
-312.0 -783.2 282.1 -270.6 142.4 0.0
-1224.2 -147.5 121.9 -67.5 294.7 -220.0
446.5 -141.5 538.1 8.8 -83.8 0.0
-175.8 330.8 24.1 160.8 17.4 0.0
-318.6 -779.6 282.1 -266.5 144.5 0.0
-1225.9 -140.3 116.1 -66.9 288.3 -240.0
446.8 -141.3 538.1 8.3 6.1 0.0
-172.4 331.2 24.1 136.7 14.8 0.0
-325.3 -775.9 282.1 -269.0 150.0 0.0
-1227.6 -133.3 109.9 -66.4 281.6 -260.0
446.8 -139.6 538.1 1.0 69.9 0.0
-169.5 331.5 24.1 116.2 12.6 0.0
-332.0 -772.1 282.1 -267.5 152.4 0.0
-1229.2 -126.4 103.1 -65.9 274.6 -280.0
446.9 -139.0 538.1 5.1 24.3 0.0
-166.7 331.7 24.1 113.3 5.9 0.0
-338.7 -768.2 282.1 -266.2 154.4 0.0
-1230.8 -119.7 95.9 -65.0 267.1 -300.0
447.1 -139.6 538.1 7.3 -25.2 0.0
-163.9 331.7 24.1 111.4 0.0 0.0
-344.1 -763.0 282.1 -216.3 206.8 0.0
-1232.4 -113.2 88.1 -64.1 259.5 -320.0
447.3 -140.8 538.1 8.7 -48.2 0.0
-160.4 330.4 24.1 138.3 -51.3 0.0
-348.4 -756.7 282.1 -173.9 251.3 0.0
-1233.6 -109.7 88.1 -44.9 141.7 0.3
447.6 -142.6 538.1 12.1 -72.6 0.0
-156.4 328.0 24.1 162.2 -95.8 0.0
-351.9 -749.5 282.1 -137.9 289.2 0.0
-1234.3 -108.7 88.1 -29.3 41.6 0.0
447.9 -142.2 538.1 9.7 15.9 0.0
-151.8 324.6 24.1 182.9 -134.2 0.0
-352.9 -741.5 282.1 0.1 321.4 0.0
-1236.5 -107.2 88.1 -90.1 57.5 0.0
447.9 -140.2 538.1 1.9 80.5 0.0
-146.8 320.5 24.1 200.6 -166.6 0.0
-352.5 -733.5 282.1 12.9 318.5 0.0
-1240.2 -105.3 88.1 -146.1 77.1 0.0
447.9 -136.6 538.1 1.3 144.9 0.0
-142.1 315.4 24.1 188.5 -203.9 0.0
-352.0 -725.6 282.1 23.7 315.4 0.0
-1245.0 -103.0 88.1 -191.8 93.1 0.0
448.0 -131.5 538.1 1.3 202.5 0.0
-137.7 309.7 24.1 175.1 -224.8 0.0
-351.1 -717.8 282.1 32.8 312.8 0.0
-1250.6 -100.3 88.1 -226.7 105.0 0.0
448.0 -125.3 538.1 1.2 249.6 0.0
-133.7 303.9 24.1 161.2 -234.5 0.0
-350.1 -710.0 282.1 40.6 310.6 0.0
-1256.4 -97.7 88.1 -230.0 103.8 0.0
448.0 -118.1 538.1 1.0 285.9 0.0
-129.9 297.8 24.1 149.6 -242.5 0.0
-348.8 -702.2 282.1 52.9 315.5 0.0
-1261.7 -95.4 88.1 -211.9 94.7 0.0
448.0 -111.3 538.1 1.0 272.1 0.0
-125.9 294.4 24.1 161.3 -137.2 0.0
-347.3 -694.3 282.1 60.8 312.7 0.0
-1267.7 -92.8 88.1 -240.6 104.2 0.0
448.1 -105.0 538.1 0.8 254.5 0.0
-121.6 293.2 24.1 170.3 -48.7 0.0
-345.6 -686.6 282.1 67.5 310.3 0.0
-1274.3 -90.0 88.1 -264.6 112.1 0.0
448.1 -98.5 538.1 0.7 259.5 0.0
-117.2 293.8 24.1 177.5 24.6 0.0
-343.8 -678.9 282.1 73.3 308.3 0.0
-1279.9 -87.6 88.1 -224.9 95.3 0.0
448.1 -92.0 538.1 0.5 259.5 0.0
-112.6 295.9 24.1 182.6 84.6 0.0
-341.7 -671.1 282.1 83.4 310.1 0.0
-1285.4 -85.3 88.1 -216.3 90.5 0.0
448.1 -85.5 538.1 0.4 259.5 0.0
-107.0 297.2 24.1 226.5 50.9 0.0
-339.4 -663.4 282.1 90.0 307.2 0.0
-1290.8 -83.1 88.1 -219.4 89.8 0.0
448.1 -79.0 538.1 0.3 259.5 0.0
-100.4 297.7 24.1 261.4 22.9 0.0
-337.0 -655.8 282.1 95.7 304.7 0.0
-1296.3 -80.9 88.1 -217.4 87.8 0.0
448.1 -72.4 538.1 0.2 264.6 0.0
-93.2 297.7 24.1 289.2 -0.5 0.0
-334.5 -648.3 282.1 100.4 302.6 0.0
-1300.9 -79.0 88.1 -184.8 74.7 0.0
448.1 -65.8 538.1 0.1 264.6 0.0
-86.3 297.5 24.1 278.3 -10.1 0.0
-331.8 -640.8 282.1 109.8 296.6 0.0
-1304.8 -77.4 88.1 -157.0 63.5 0.0
448.1 -59.2 538.1 0.0 264.6 0.0
-79.6 298.6 24.1 267.4 43.4 0.0
-328.8 -633.6 282.1 117.9 291.6 0.0
-1308.3 -76.0 88.1 -140.5 56.3 0.0
448.1 -52.6 538.1 -0.0 264.6 0.0
-73.1 300.8 24.1 259.0 90.6 0.0
-325.7 -626.4 282.1 124.7 287.4 0.0
-1311.8 -74.7 88.1 -138.4 54.6 0.0
448.1 -45.8 538.1 -0.2 269.6 0.0
-66.8 304.1 24.1 252.8 132.3 0.0
-322.4 -619.3 282.1 130.5 283.8 0.0
-1315.6 -72.0 88.1 -150.7 108.0 0.0
448.1 -39.1 538.1 -0.3 269.6 0.0
-60.7 308.2 24.1 244.5 161.8 0.0
-319.2 -612.7 282.1 131.7 263.3 0.0
-1319.5 -68.3 88.1 -158.7 148.3 0.0
448.1 -32.3 538.1 -0.3 269.6 0.0
-53.6 312.0 24.1 283.5 154.0 0.0
-315.6 -606.3 282.1 140.9 254.7 0.0
-1323.5 -64.0 88.1 -159.5 171.5 0.0
448.1 -25.6 538.1 -0.4 269.6 0.0
-46.4 315.6 24.1 288.6 141.5 0.0
-311.9 -600.1 282.1 148.7 247.4 0.0
-1327.7 -58.9 88.1 -166.4 202.9 0.0
448.1 -18.7 538.1 -0.3 274.6 0.0
-39.0 318.8 24.1 293.9 130.8 0.0
-308.0 -594.1 282.1 155.3 241.2 0.0
-1331.7 -53.4 88.1 -159.3 220.3 0.0
448.1 -11.9 538.1 -0.3 274.6 0.0
-31.6 321.9 24.1 298.4 121.8 0.0
-304.2 -588.5 282.1 151.7 223.9 0.0
-1335.6 -47.2 88.1 -157.8 247.8 0.0
448.1 -5.0 538.1 -0.2 274.6 0.0
-25.2 324.5 24.1 253.6 103.5 0.0
-300.3 -583.1 282.1 157.5 217.9 0.0
-1339.5 -40.5 88.1 -155.4 267.4 0.0
448.1 1.9 538.1 -0.2 274.6 0.0
-19.8 326.7 24.1 215.6 88.0 0.0
-296.2 -577.7 282.1 162.4 212.7 0.0
-1343.3 -33.5 88.1 -151.5 279.7 0.0
448.1 8.9 538.1 -0.4 279.7 0.0
-14.9 328.3 24.1 195.3 65.1 0.0
-292.1 -572.5 282.1 166.6 208.3 0.0
-1346.6 -26.0 88.1 -131.5 299.4 0.0
448.0 15.9 538.1 -0.6 279.7 0.0
-10.3 329.3 24.1 186.8 38.5 0.0
-288.2 -567.8 282.1 157.1 190.9 0.0
-1349.4 -18.3 88.1 -114.1 310.6 0.0
448.0 22.8 538.1 -0.7 279.7 0.0
-5.1 328.7 24.1 206.0 -23.1 0.0
-284.1 -563.1 282.1 160.8 186.8 0.0
-1351.9 -10.4 88.1 -98.7 314.2 0.0
448.0 29.8 538.1 -0.8 279.7 0.0
0.5 326.7 24.1 224.8 -78.2 0.0
-280.0 -558.5 282.1 163.9 183.2 0.0
-1354.0 -2.6 88.1 -85.5 312.1 0.0
446.9 36.0 538.1 -44.1 245.5 0.0
6.6 323.6 24.1 242.3 -127.1 0.0
-275.9 -554.0 282.1 166.6 180.2 0.0
-1354.9 5.7 88.1 -34.8 332.8 0.0
444.9 41.4 538.1 -80.9 216.4 0.0
13.0 319.3 24.1 256.6 -169.2 0.0
-271.9 -549.8 282.1 159.0 167.6 0.0
-1354.7 14.5 88.1 9.0 352.3 0.0
442.1 46.2 538.1 -112.2 191.6 0.0
19.5 314.1 24.1 260.7 -207.8 0.0
-267.9 -545.7 282.1 161.6 164.3 0.0
-1353.8 23.2 88.1 34.7 346.4 0.0
438.6 50.4 538.1 -138.8 170.6 0.0
25.6 308.8 24.1 245.2 -211.8 0.0
-263.8 -541.7 282.1 163.9 161.6 0.0
-1352.9 31.8 87.9 34.7 346.4 -20.0
434.8 54.0 538.1 -151.3 141.6 0.0
31.4 303.5 24.1 230.3 -213.0 0.0
-259.6 -537.7 282.1 165.8 159.3 0.0
-1352.0 40.3 87.1 38.4 339.6 -40.0
431.1 56.9 538.1 -148.9 118.3 0.0
36.8 298.2 24.1 216.9 -212.5 0.0
-255.0 -533.5 282.1 184.5 169.2 0.0
-1350.9 48.6 85.9 42.2 332.6 -60.0
427.4 59.4 538.1 -146.9 98.5 0.0
42.1 292.4 24.1 210.8 -230.2 0.0
-250.3 -529.3 282.1 186.4 166.7 0.0
-1349.8 56.8 84.1 45.9 325.6 -80.0
423.8 61.4 538.1 -145.1 81.6 0.0
47.1 286.6 24.1 199.4 -233.9 0.0
-245.6 -525.2 282.1 188.0 164.6 0.0
-1348.5 64.8 81.9 49.7 318.6 -100.0
420.5 63.1 538.1 -133.5 66.0 0.0
51.8 280.6 24.1 190.4 -238.5 0.0
-240.9 -521.1 282.1 189.4 162.9 0.0
-1347.3 72.5 79.1 50.3 311.6 -120.0
417.3 64.4 538.1 -128.5 51.1 0.0
56.4 274.6 24.1 182.8 -242.7 0.0
-235.7 -516.8 282.1 208.5 172.1 0.0
-1346.0 80.2 75.9 51.0 304.7 -140.0
414.1 65.3 538.1 -124.3 38.4 0.0
60.8 267.9 24.1 178.1 -267.1 0.0
-230.4 -512.6 282.1 210.3 169.6 0.0
-1344.7 87.6 72.1 51.6 298.0 -160.0
411.1 66.0 538.1 -120.7 27.6 0.0
65.0 261.1 24.1 167.7 -271.1 0.0
-225.1 -508.4 282.1 211.8 167.5 0.0
-1343.4 94.9 67.9 52.2 291.5 -180.0
408.0 66.3 538.1 -125.9 11.1 0.0
69.0 254.2 24.1 159.8 -276.5 0.0
-219.8 -504.2 282.1 213.0 165.7 0.0
-1342.1 102.0 63.1 52.1 285.9 -200.0
405.0 66.3 538.1 -121.0 1.9 0.0
72.8 247.2 24.1 152.4 -279.3 0.0
-213.8 -499.9 282.1 240.0 174.4 0.0
-1340.8 109.0 57.9 52.1 279.8 -220.0
402.0 66.2 538.1 -116.9 -5.9 0.0
76.1 239.5 24.1 131.1 -307.1 0.0
-207.8 -495.6 282.1 242.4 170.1 0.0
-1339.5 115.9 52.1 52.1 273.3 -240.0
399.2 65.9 538.1 -113.3 -12.5 0.0
78.9 231.9 24.1 112.2 -305.4 0.0
-201.6 -491.5 282.1 244.5 166.5 0.0
-1338.2 122.5 45.9 52.0 266.4 -260.0
396.3 65.3 538.1 -114.5 -24.4 0.0
81.3 224.3 24.1 96.1 -303.3 0.0
-195.5 -487.4 282.1 246.2 163.4 0.0
-1336.9 129.0 39.1 51.6 259.1 -280.0
393.6 64.5 538.1 -109.9 -30.4 0.0
83.4 216.8 24.1 82.6 -300.7 0.0
-191.3 -482.4 282.1 167.6 199.6 0.0
-1335.6 135.3 31.9 51.1 251.6 -300.0
390.9 63.6 538.1 -106.1 -35.4 0.0
86.2 209.5 24.1 114.0 -293.1 0.0
-188.8 -476.6 282.1 100.8 230.5 0.0
-1334.4 141.4 24.1 50.7 244.0 -320.0
388.4 62.6 538.1 -102.8 -39.7 0.0
89.5 202.5 24.1 130.3 -277.8 0.0
-187.7 -470.2 282.1 44.0 256.7 0.0
-1333.4 144.7 24.1 38.8 130.1 0.3
385.6 61.2 538.1 -109.4 -56.2 0.0
93.0 196.0 24.1 142.4 -263.3 0.0
-187.8 -463.2 282.1 -4.3 279.0 0.0
-1331.4 148.9 24.1 79.5 167.7 0.0
382.8 59.6 538.1 -111.7 -66.8 0.0
96.9 189.7 24.1 152.9 -251.2 0.0
-189.1 -456.1 282.1 -52.6 283.4 0.0
-1328.5 153.9 24.1 114.6 201.0 0.0
380.1 57.8 538.1 -108.2 -70.3 0.0
101.8 184.3 24.1 206.0 -205.9 0.0
-191.4 -449.0 282.1 -93.7 287.3 0.0
-1324.9 159.6 24.1 145.4 230.0 0.0
377.5 56.0 538.1 -105.2 -73.2 0.0
107.0 179.2 24.1 206.7 -206.7 0.0
-194.2 -442.1 282.1 -111.6 274.4 0.0
-1320.6 166.0 24.1 172.5 256.4 0.0
374.2 52.8 538.1 -134.0 -127.1 0.0
112.1 174.1 24.1 204.9 -204.9 0.0
-197.3 -435.6 282.1 -124.2 261.0 0.0
-1315.9 172.5 24.1 186.4 258.4 0.0
370.2 48.5 538.1 -158.5 -173.0 0.0
117.2 169.0 24.1 202.5 -203.8 0.0
-200.0 -430.0 282.1 -105.6 221.9 0.0
-1311.1 178.9 24.1 193.3 255.1 0.0
365.7 43.2 538.1 -179.3 -211.9 0.0
119.6 164.1 24.1 95.4 -193.8 0.0
-202.2 -425.3 282.1 -89.7 188.6 0.0
-1306.1 185.1 24.1 198.2 250.8 0.0
360.8 37.0 538.1 -197.0 -245.1 0.0
119.7 159.5 24.1 4.6 -185.6 0.0
-204.1 -421.3 282.1 -76.3 160.3 0.0
-1301.1 191.3 24.1 200.1 245.1 0.0
356.0 31.0 537.9 -191.2 -240.5 -20.0
117.9 155.0 24.1 -72.8 -178.3 0.0
-205.7 -417.9 282.1 -64.8 136.2 0.0
-1295.1 196.6 24.1 241.8 213.2 0.0
351.4 25.1 537.1 -185.4 -235.9 -40.0
118.7 152.2 24.1 37.8 -112.9 0.0
-207.8 -414.7 282.1 -84.0 126.7 0.0
-1288.1 201.3 24.1 280.3 186.4 0.0
346.9 19.4 535.9 -179.6 -231.4 -60.0
120.5 148.1 24.1 70.5 -161.9 0.0
-210.1 -411.9 282.1 -88.7 114.3 0.0
-1280.7 205.3 24.1 297.3 162.3 0.0
342.5 15.1 534.1 -173.8 0.2 -80.0
123.0 143.0 24.1 98.1 -202.9 0.0
-212.4 -409.3 282.1 -92.7 103.7 0.0
-1273.1 208.9 24.1 303.2 141.6 0.0
338.2 15.1 531.9 -173.3 0.8 -100.0
126.0 137.1 24.1 121.6 -237.7 0.0
-214.8 -406.9 282.1 -96.1 94.7 0.0
-1265.4 211.9 24.1 307.6 122.4 0.0
333.9 15.2 529.1 -172.8 1.5 -120.0
129.5 130.5 24.1 140.4 -265.3 0.0
-216.8 -404.9 282.1 -81.7 80.5 0.0
-1257.6 214.6 24.1 311.1 106.0 0.0
329.6 15.2 525.9 -172.2 2.1 -140.0
133.0 124.1 24.1 140.1 -255.5 0.0
-218.6 -403.2 282.1 -69.5 68.4 0.0
-1249.8 216.9 24.1 311.4 92.1 0.0
325.3 15.3 522.1 -171.7 2.7 -160.0
136.6 117.8 24.1 143.9 -252.9 0.0
-220.0 -401.7 282.1 -58.8 57.9 0.0
-1242.0 218.9 24.1 311.8 80.3 0.0
321.0 15.4 517.9 -171.1 3.2 -180.0
140.3 111.5 24.1 147.0 -250.6 0.0
-221.2 -400.6 282.1 -48.1 47.4 0.0
-1234.3 220.5 24.1 310.8 64.7 0.0
316.7 15.5 513.1 -170.5 3.6 -200.0
144.0 105.3 24.1 148.5 -246.7 0.0
-222.2 -399.6 282.1 -37.4 36.9 0.0
-1226.5 221.8 24.1 309.6 51.6 0.0
312.5 15.6 507.9 -169.8 4.0 -220.0
147.4 98.1 24.1 134.5 -288.6 0.0
-222.8 -399.0 282.1 -26.7 26.3 0.0
-1218.9 222.8 24.1 306.2 40.6 0.0
308.3 15.7 502.1 -169.2 4.4 -240.0
150.4 90.4 24.1 120.5 -307.0 0.0
-223.2 -398.6 282.1 -16.0 15.8 0.0
-1211.3 223.6 24.1 302.9 31.5 0.0
304.1 15.8 495.9 -168.6 4.7 -260.0
153.1 82.7 24.1 107.3 -308.0 0.0
-223.4 -398.5 282.1 -5.4 5.3 0.0
-1204.1 224.1 24.1 287.0 19.8 0.0
299.9 15.9 489.1 -167.9 5.0 -280.0
155.5 75.0 24.1 96.0 -309.4 0.0
-223.4 -398.5 282.1 -0.0 0.0 0.0
-1197.1 224.3 24.1 279.1 8.5 0.0
295.7 16.1 481.9 -167.3 5.3 -300.0
157.5 67.2 24.1 82.0 -314.3 0.0
-223.4 -398.5 282.1 0.0 0.0 0.0
-1190.3 224.3 24.1 271.7 -1.0 0.0
291.5 16.2 474.1 -166.7 5.6 -320.0
159.3 59.3 24.1 70.1 -314.4 0.0
-223.4 -398.5 282.1 0.0 0.0 0.0
-1183.7 224.0 24.1 264.6 -8.8 0.0
287.4 16.3 465.9 -166.1 5.8 -340.0
160.8 51.4 24.1 60.0 -314.4 0.0
-223.4 -398.5 282.1 0.0 0.0 0.0
-1176.7 223.0 24.1 280.3 -43.6 0.0
283.2 16.5 457.1 -165.5 6.0 -360.0
162.1 43.5 24.1 51.5 -317.0 0.0
-223.4 -398.5 282.1 0.0 0.0 0.0
-1169.8 221.4 24.1 277.9 -63.1 0.0
279.1 16.7 447.9 -164.9 6.2 -380.0
163.0 35.6 24.1 39.0 -315.7 0.0
-223.4 -398.5 282.1 0.0 0.0 0.0
-1163.0 219.5 24.1 271.8 -76.9 0.0
275.0 16.8 438.1 -164.3 6.5 -400.0
163.7 27.7 24.1 28.5 -316.6 0.0
-223.4 -398.5 282.1 0.0 0.0 0.0
-1157.8 217.7 24.1 -3.6 -11.7 0.0
270.9 17.0 427.9 -163.7 6.6 -420.0
164.2 19.8 24.1 19.6 -315.8 0.0
-223.4 -398.5 282.1 0.0 0.0 0.0
-1157.4 219.1 24.1 16.3 56.9 0.0
266.8 17.1 417.1 -163.1 6.8 -440.0
164.5 11.9 24.1 12.1 -315.1 0.0
-223.4 -398.5 282.1 0.0 0.0 0.0
-1156.7 221.6 24.1 28.4 99.4 0.0
262.7 17.3 405.9 -162.5 7.0 -460.0
164.5 4.2 24.1 -2.4 -308.2 0.0
-223.4 -398.5 282.1 0.0 0.0 0.0
-1155.7 225.1 24.1 40.4 141.5 0.0
258.7 17.5 394.1 -161.9 7.2 -480.0
164.1 -3.4 24.1 -15.2 -304.2 0.0
-223.4 -398.5 282.1 0.0 0.0 0.0
-1154.4 229.5 24.1 50.6 177.2 0.0
254.7 17.7 381.9 -161.3 7.3 -500.0
163.4 -11.0 24.1 -26.6 -302.9 0.0
-223.4 -398.5 282.1 0.0 0.0 0.0
-1151.5 234.2 24.1 114.3 185.5 0.0
250.7 17.9 369.1 -160.6 7.4 -520.0
162.5 -18.5 24.1 -36.0 -300.3 0.0
-222.5 -396.8 282.1 34.1 67.4 0.0
-1147.3 239.0 24.1 168.3 192.9 0.0
246.7 18.1 355.9 -159.9 7.6 -540.0
162.1 -26.6 24.1 -17.5 -326.2 0.0
-221.0 -393.7 282.1 62.6 123.8 0.0
-1142.0 244.0 24.1 214.3 198.8 0.0
242.7 18.3 342.1 -159.1 7.7 -560.0
161.9 -34.7 24.1 -6.2 -324.0 0.0
-218.7 -389.3 282.1 89.1 176.0 0.0
-1135.6 249.1 24.1 253.5 203.9 0.0
238.7 18.4 327.9 -158.3 7.8 -580.0
162.0 -42.8 24.1 3.4 -322.3 0.0
-215.9 -383.8 282.1 111.9 220.2 0.0
-1129.8 253.8 24.1 235.3 190.1 0.0
234.8 18.6 313.1 -157.5 8.0 -600.0
162.3 -50.8 24.1 11.7 -320.8 0.0
-212.7 -377.3 282.1 130.9 256.7 0.0
-1123.9 258.5 24.1 232.8 189.0 0.0
230.9 18.9 297.9 -156.7 8.2 -620.0
162.8 -58.7 24.1 21.1 -316.9 0.0
-209.2 -370.6 282.1 138.8 271.5 0.0
-1118.2 263.2 24.1 230.4 188.0 0.0
227.0 19.1 282.1 -155.9 8.3 -640.0
163.6 -66.6 24.1 29.8 -317.1 0.0
-205.8 -363.9 282.1 136.4 267.0 0.0
-1112.5 267.9 24.1 226.1 185.3 0.0
221.8 18.7 282.1 -206.8 -12.6 0.5
164.5 -74.5 24.1 37.0 -315.6 0.0
-202.4 -357.2 282.1 136.4 267.0 0.0
-1105.8 272.2 24.1 270.0 173.1 0.0
215.7 18.0 282.1 -245.9 -29.1 0.0
165.6 -82.4 24.1 43.1 -314.0 0.0
-199.1 -350.8 282.1 130.7 255.8 0.0
-1098.5 276.2 24.1 292.2 159.5 0.0
208.7 16.9 282.1 -279.0 -43.3 0.0
166.8 -90.1 24.1 50.3 -309.4 0.0
-195.8 -344.4 282.1 130.8 255.8 0.0
-1091.1 279.8 24.1 294.6 144.9 0.0
201.5 15.7 282.1 -286.5 -49.9 0.0
168.3 -97.9 24.1 57.7 -309.6 0.0
-192.6 -338.0 282.1 130.8 255.7 0.0
-1083.7 283.1 24.1 297.1 132.6 0.0
197.1 13.6 282.1 -176.5 -82.5 0.0
169.9 -105.6 24.1 63.6 -307.9 0.0
-189.3 -331.6 282.1 130.8 255.7 0.0
-1077.4 286.0 24.1 253.4 113.6 0.0
195.0 10.8 282.1 -82.1 -111.1 0.0
171.6 -113.2 24.1 68.5 -306.2 0.0
-186.2 -325.6 282.1 122.8 240.0 0.0
-1071.3 289.0 24.1 241.2 122.3 0.0
195.0 7.5 282.1 -1.5 -134.9 0.0
173.5 -120.7 24.1 75.1 -299.6 0.0
-183.2 -319.6 282.1 122.8 240.0 0.0
-1065.6 292.2 24.1 228.7 127.8 0.0
196.7 3.6 282.1 67.1 -155.1 0.0
175.5 -128.1 24.1 82.1 -296.7 0.0
-180.1 -313.6 282.1 122.8 240.0 0.0
-1060.1 295.6 24.1 219.3 133.5 0.0
199.9 -0.5 282.1 128.2 -165.4 0.0
177.7 -135.5 24.1 88.0 -294.2 0.0
-177.0 -307.6 282.1 122.8 240.0 0.0
-1054.7 299.8 24.1 217.7 171.8 0.0
204.4 -4.9 282.1 180.2 -174.1 0.0
180.0 -142.8 24.1 93.0 -292.0 0.0
-174.1 -302.0 282.1 114.8 224.3 0.0
-1049.5 304.6 24.1 209.1 190.5 0.0
210.0 -9.4 282.1 224.5 -181.5 0.0
182.4 -149.4 24.1 93.1 -262.9 0.0
-171.3 -296.4 282.1 114.8 224.3 0.0
-1044.5 309.6 24.1 198.0 199.9 0.0
216.5 -14.1 282.1 260.2 -186.9 0.0
185.0 -155.6 24.1 105.0 -250.9 0.0
-168.4 -290.8 282.1 114.8 224.3 0.0
-1039.8 314.7 24.1 187.4 205.3 0.0
223.3 -18.5 282.1 272.1 -178.1 0.0
187.8 -161.6 24.1 114.1 -239.3 0.0
-165.5 -285.2 282.1 114.8 224.3 0.0
-1035.6 319.3 24.1 168.0 182.4 0.0
230.2 -22.8 282.1 275.9 -168.2 0.0
190.9 -167.3 24.1 121.6 -229.1 0.0
-162.9 -280.0 282.1 105.6 206.4 0.0
-1031.4 323.8 24.1 168.5 178.2 0.0
237.2 -26.7 282.1 279.0 -159.8 0.0
193.4 -174.2 24.1 102.1 -274.1 0.0
-160.3 -274.9 282.1 105.6 206.4 0.0
-1027.2 328.1 24.1 168.5 174.3 0.0
244.2 -30.6 282.1 281.7 -152.6 0.0
195.6 -182.0 24.1 85.1 -312.3 0.0
-157.6 -269.7 282.1 105.5 206.4 0.0
-1023.0 332.4 24.1 168.2 170.9 0.0
250.9 -34.0 282.1 265.8 -136.9 0.0
197.3 -190.0 24.1 71.2 -319.0 0.0
-155.0 -264.6 282.1 105.5 206.4 0.0
-1017.4 335.8 24.1 222.0 138.4 0.0
257.6 -37.2 282.1 268.3 -127.7 0.0
198.8 -197.9 24.1 59.6 -318.7 0.0
-152.3 -259.3 282.1 107.8 210.9 0.0
-1010.7 338.6 24.1 267.8 111.0 0.0
264.3 -40.2 282.1 270.4 -120.0 0.0
200.0 -206.0 24.1 45.5 -321.2 0.0
-149.6 -254.0 282.1 107.7 210.9 0.0
-1003.1 340.8 24.1 306.8 88.1 0.0
271.1 -43.0 282.1 272.1 -113.4 0.0
200.8 -214.0 24.1 33.5 -322.7 0.0
-146.9 -248.7 282.1 107.7 211.0 0.0
-995.0 342.6 24.1 324.5 69.5 0.0
276.9 -45.4 282.1 231.3 -96.4 0.0
201.4 -222.1 24.1 23.7 -321.5 0.0
-144.2 -243.5 282.1 107.7 211.0 0.0
-986.7 343.8 24.1 330.5 48.3 0.0
281.8 -47.5 282.1 196.6 -81.9 0.0
201.8 -230.1 24.1 15.2 -320.8 0.0
-140.1 -238.3 282.1 164.2 208.0 0.0
-978.5 344.6 24.1 327.2 32.0 0.0
286.0 -49.2 282.1 167.1 -69.6 0.0
201.9 -238.1 24.1 3.2 -321.7 0.0
-134.8 -233.1 282.1 212.2 205.5 0.0
-970.4 345.0 24.1 326.8 17.8 0.0
289.6 -50.7 282.1 142.1 -59.2 0.0
201.7 -246.2 24.1 -6.7 -322.1 0.0
-128.5 -228.1 282.1 253.0 203.3 0.0
-962.2 345.2 24.1 324.5 6.1 0.0
292.6 -52.0 282.1 120.8 -50.3 0.0
201.3 -254.2 24.1 -14.9 -320.6 0.0
-122.0 -223.3 282.1 260.6 190.8 0.0
-954.5 344.2 24.1 310.3 -39.7 0.0
295.2 -53.0 282.1 102.6 -42.8 0.0
200.8 -262.2 24.1 -22.0 -319.3 0.0
-115.2 -218.8 282.1 268.6 178.6 0.0
-947.1 342.3 24.1 293.8 -72.8 0.0
297.7 -54.1 281.9 102.6 -42.8 -20.0
199.9 -270.1 24.1 -34.9 -318.4 0.0
-108.4 -214.6 282.1 272.5 167.3 0.0
-940.2 339.8 24.1 279.1 -100.2 0.0
300.3 -55.2 281.1 102.6 -42.8 -40.0
198.8 -278.0 24.1 -44.9 -315.0 0.0
-101.5 -210.7 282.1 275.9 157.6 0.0
-933.4 336.7 24.1 269.1 -126.4 0.0
302.7 -56.1 279.9 95.6 -39.0 -60.0
197.4 -285.8 24.1 -53.3 -312.0 0.0
-94.6 -207.0 282.1 278.8 149.4 0.0
-927.3 333.0 24.1 245.6 -146.1 0.0
304.9 -57.0 278.1 88.7 -35.3 -80.0
195.9 -293.6 24.1 -61.5 -312.0 0.0
-88.6 -203.8 282.1 236.9 127.0 0.0
-921.6 328.8 24.1 228.6 -170.6 0.0
306.9 -57.8 275.9 81.7 -31.5 -100.0
193.6 -299.0 24.1 -90.4 -215.9 0.0
-83.6 -201.1 282.1 201.4 108.0 0.0
-916.2 324.0 24.1 214.9 -192.0 0.0
308.8 -58.5 273.1 74.7 -27.8 -120.0
190.7 -302.3 24.1 -118.7 -129.9 0.0
-79.3 -198.8 282.1 171.2 91.8 0.0
-911.1 318.7 24.1 202.4 -209.2 0.0
310.5 -59.1 269.9 67.7 -24.0 -140.0
187.0 -303.6 24.1 -146.0 -52.1 0.0
-75.7 -196.8 282.1 145.5 78.0 0.0
-906.7 313.6 24.1 175.7 -205.9 0.0
312.0 -59.6 266.1 60.7 -20.2 -160.0
182.7 -303.1 24.1 -171.5 17.0 0.0
-72.6 -195.2 282.1 123.7 66.3 0.0
-902.9 308.2 24.1 154.6 -216.8 0.0
313.4 -60.0 261.9 53.7 -16.4 -180.0
179.3 -304.4 24.1 -136.9 -48.5 0.0
-70.0 -193.8 282.1 105.1 56.4 0.0
-899.5 302.5 24.1 136.8 -226.3 0.0
314.5 -60.3 257.1 46.7 -12.6 -200.0
176.6 -307.0 24.1 -107.2 -106.8 0.0
-67.7 -192.6 282.1 89.4 47.9 0.0
-896.4 296.8 24.1 121.4 -230.3 0.0
315.5 -60.5 251.9 40.1 -8.4 -220.0
174.6 -310.9 24.1 -82.0 -155.6 0.0
-65.8 -191.6 282.1 76.0 40.7 0.0
-894.4 290.1 24.1 79.9 -265.0 0.0
316.4 -60.6 246.1 33.4 -4.1 -240.0
173.1 -315.8 24.1 -61.3 -194.7 0.0
-64.3 -190.7 282.1 62.7 33.6 0.0
-893.3 282.8 24.1 44.7 -294.6 0.0
317.0 -60.6 239.9 26.7 0.2 -260.0
172.7 -321.5 24.1 -13.8 -230.0 0.0
-63.0 -190.1 282.1 49.5 26.5 0.0
-892.9 274.8 24.1 15.0 -318.7 0.0
317.5 -60.5 233.1 20.0 4.4 -280.0
173.3 -327.9 24.1 24.6 -256.7 0.0
-62.1 -189.6 282.1 36.3 19.5 0.0
-893.0 266.9 24.1 -2.2 -315.5 0.0
317.9 -60.3 225.9 13.2 8.5 -300.0
174.7 -334.8 24.1 53.7 -273.1 0.0
-61.5 -189.3 282.1 23.1 12.4 0.0
-892.2 258.8 24.1 31.3 -322.8 0.0
318.0 -60.0 218.1 6.4 12.6 -320.0
175.9 -340.8 24.1 50.2 -239.8 0.0
-61.3 -189.1 282.1 9.9 5.3 0.0
-891.0 251.1 24.1 47.4 -308.1 0.0
318.0 -59.6 209.9 -0.4 16.7 -340.0
179.0 -345.9 24.1 122.0 -206.4 0.0
-61.3 -189.1 282.1 0.0 0.0 0.0
-889.6 243.9 24.1 57.2 -289.7 0.0
317.8 -59.1 201.1 -7.2 20.8 -360.0
183.5 -350.4 24.1 183.0 -177.4 0.0
-61.3 -189.1 282.1 0.0 0.0 0.0
-887.9 237.0 24.1 66.2 -275.2 0.0
317.5 -58.4 191.9 -14.1 24.7 -380.0
189.4 -354.2 24.1 234.3 -152.5 0.0
-61.3 -189.1 282.1 0.0 0.0 0.0
-885.4 232.8 24.1 101.1 -170.0 0.0
317.0 -57.7 182.1 -21.1 28.6 -400.0
196.3 -357.5 24.1 275.3 -131.5 0.0
-61.3 -189.1 282.1 0.0 0.0 0.0
-882.2 230.7 24.1 130.3 -81.7 0.0
316.3 -56.9 171.9 -28.0 32.5 -420.0
202.3 -362.2 24.1 242.2 -188.8 0.0
-61.3 -189.1 282.1 0.0 0.0 0.0
-878.3 230.5 24.1 154.6 -7.1 0.0
315.4 -56.0 161.1 -34.9 36.3 -440.0
207.7 -368.1 24.1 213.9 -236.3 0.0
-61.3 -189.1 282.1 0.0 0.0 0.0
-873.9 231.9 24.1 174.6 55.2 0.0
314.5 -55.1 149.9 -34.9 36.3 -460.0
212.4 -375.0 24.1 189.4 -275.4 0.0
-61.3 -189.1 282.1 0.0 0.0 0.0
-868.4 233.4 24.1 220.2 60.4 0.0
313.6 -54.2 138.1 -34.9 36.3 -480.0
216.6 -382.0 24.1 165.9 -282.0 0.0
-59.5 -189.5 282.1 72.1 -15.3 0.0
-861.9 235.1 24.1 259.6 65.1 0.0
312.8 -53.3 125.9 -34.9 36.3 -500.0
220.7 -389.0 30.8 163.0 -277.1 255.0
-56.2 -190.2 282.1 132.5 -28.4 0.0
-854.7 236.8 24.1 289.7 68.2 0.0
311.9 -52.4 113.1 -34.9 36.3 -520.0
224.7 -395.8 36.9 160.2 -272.2 235.0
-51.4 -191.2 282.1 189.6 -40.9 0.0
-847.4 238.4 24.1 290.0 66.3 0.0
311.0 -51.5 99.9 -34.9 36.3 -540.0
228.6 -402.4 42.5 157.3 -267.4 215.0
-45.5 -192.5 282.1 238.8 -51.2 0.0
-840.0 240.0 24.1 296.2 63.8 0.0
310.1 -50.6 86.1 -34.9 36.3 -560.0
232.5 -409.0 47.6 154.5 -262.5 195.0
-38.5 -193.9 282.1 280.4 -53.8 0.0
-832.6 241.5 24.1 296.6 60.9 0.0
309.3 -49.6 71.9 -34.9 36.3 -580.0
236.3 -415.6 52.2 154.5 -262.5 175.0
-31.0 -195.2 282.1 297.9 -53.6 0.0
-825.3 243.0 24.1 294.4 58.3 0.0
308.4 -48.7 57.1 -34.9 36.3 -600.0
240.2 -422.1 56.4 154.5 -262.5 155.0
-23.9 -196.5 282.1 285.7 -49.8 0.0
-818.0 244.4 24.1 292.2 55.9 0.0
307.5 -47.8 41.9 -34.9 36.3 -620.0
244.0 -428.7 60.0 154.5 -262.5 135.0
-17.2 -197.6 282.1 266.0 -45.3 0.0
-810.1 245.5 24.1 314.4 45.0 0.0
306.7 -46.9 26.1 -34.9 36.3 -640.0
247.9 -435.3 63.1 154.5 -262.5 115.0
-10.0 -197.3 282.1 288.6 10.4 0.0
-802.3 246.4 24.1 311.5 36.6 0.0
305.8 -46.0 24.1 -34.9 36.3 0.7
251.8 -441.8 65.8 154.5 -262.5 95.0
-2.3 -195.9 282.1 308.4 57.0 0.0
-794.7 247.2 24.1 306.0 29.7 0.0
305.2 -45.4 24.1 -24.5 25.5 0.0
255.6 -448.4 67.9 154.5 -262.5 75.0
5.8 -193.5 282.1 323.8 95.9 0.0
-787.1 247.8 24.1 300.9 23.8 0.0
303.7 -45.8 24.1 -59.9 -17.6 0.0
259.5 -455.0 69.5 154.5 -262.5 55.0
13.5 -190.9 282.1 306.6 105.7 0.0
-779.5 246.9 24.1 306.5 -33.2 0.0
301.4 -47.0 24.1 -91.3 -45.7 0.0
263.4 -461.5 70.6 154.5 -262.5 35.0
21.1 -188.6 282.1 305.3 89.6 0.0
-771.7 244.9 24.1 312.2 -82.6 0.0
298.3 -48.7 24.1 -123.4 -71.2 0.0
267.2 -468.1 71.2 154.5 -262.5 15.0
29.0 -186.7 282.1 315.2 76.0 0.0
-763.8 241.8 24.1 316.0 -123.2 0.0
294.5 -51.1 24.1 -150.7 -92.8 0.0
271.1 -474.6 71.4 154.5 -262.5 -5.0
36.9 -185.1 282.1 315.4 64.2 0.0
-756.2 238.3 24.1 302.6 -140.7 0.0
292.2 -54.1 24.1 -91.9 -122.5 0.0
274.9 -481.2 71.0 154.5 -262.5 -25.0
44.7 -183.8 282.1 315.4 54.3 0.0
-749.1 233.9 24.1 285.9 -174.7 0.0
291.2 -57.8 24.1 -41.9 -147.7 0.0
278.8 -487.8 70.1 154.5 -262.5 -45.0
52.7 -182.7 282.1 316.8 42.3 0.0
-742.4 229.1 24.1 266.5 -193.5 0.0
291.2 -62.1 24.1 0.6 -169.2 0.0
282.7 -494.3 68.8 154.5 -262.5 -65.0
60.6 -181.9 282.1 316.0 32.2 0.0
-736.2 223.9 24.1 249.3 -208.1 0.0
292.1 -66.7 24.1 36.8 -187.4 0.0
286.5 -500.9 66.9 154.5 -262.5 -85.0
68.4 -181.3 282.1 315.3 23.7 0.0
-730.3 218.4 24.1 235.0 -220.5 0.0
293.9 -71.8 24.1 69.5 -201.2 0.0
290.4 -507.5 64.5 154.5 -262.5 -105.0
76.3 -180.9 282.1 314.7 16.4 0.0
-725.2 212.4 24.1 201.7 -236.7 0.0
296.3 -77.1 24.1 97.2 -212.9 0.0
294.2 -514.0 61.6 154.5 -262.5 -125.0
84.0 -180.7 282.1 307.7 7.3 0.0
-720.9 206.3 24.1 173.3 -244.9 0.0
299.0 -82.3 24.1 107.8 -208.6 0.0
298.1 -520.6 58.2 154.5 -262.5 -145.0
91.7 -180.7 282.1 306.3 -1.3 0.0
-717.2 200.0 24.1 149.3 -253.2 0.0
301.8 -87.4 24.1 114.6 -202.4 0.0
302.0 -527.1 54.4 154.5 -262.5 -165.0
99.3 -181.0 282.1 305.1 -8.5 0.0
-714.0 193.6 24.1 128.7 -256.8 0.0
304.9 -92.3 24.1 121.1 -197.3 0.0
305.8 -533.7 50.0 154.5 -262.5 -185.0
106.9 -181.3 282.1 304.1 -14.7 0.0
-709.7 187.6 24.1 170.4 -238.4 0.0
308.0 -97.1 24.1 126.2 -192.5 0.0
309.7 -540.3 45.1 154.5 -262.5 -205.0
113.8 -181.8 282.1 275.9 -17.6 0.0
-704.9 182.1 24.1 193.3 -218.6 0.0
311.3 -101.8 24.1 130.6 -188.4 0.0
313.6 -546.8 39.8 154.5 -262.5 -225.0
120.1 -182.3 282.1 251.4 -19.9 0.0
-699.9 177.2 24.1 197.7 -196.9 0.0
315.2 -104.2 24.1 156.0 -96.0 0.0
317.4 -553.4 33.9 154.5 -262.5 -245.0
126.2 -182.9 282.1 244.4 -25.9 0.0
-694.9 172.8 24.1 200.8 -178.3 0.0
319.5 -105.3 24.1 173.4 -43.2 0.0
321.3 -560.0 27.5 154.5 -262.5 -265.0
132.3 -183.7 282.1 242.6 -32.2 0.0
-688.8 169.6 24.1 244.2 -127.3 0.0
324.2 -105.3 24.1 188.3 1.7 0.0
325.1 -566.5 24.1 154.5 -262.5 0.3
138.8 -185.5 282.1 261.2 -69.5 0.0
-681.8 167.5 24.1 281.1 -83.8 0.0
329.3 -104.3 24.1 200.9 39.8 0.0
329.4 -571.1 24.1 170.5 -183.1 0.0
145.6 -187.9 282.1 273.6 -98.7 0.0
-673.9 166.3 24.1 313.1 -46.7 0.0
334.6 -102.5 24.1 211.6 72.2 0.0
334.0 -574.0 24.1 184.1 -115.5 0.0
152.3 -190.6 282.1 265.6 -109.2 0.0
-665.6 165.9 24.1 334.6 -17.2 0.0
340.0 -100.1 24.1 217.0 95.8 0.0
338.9 -575.4 24.1 195.7 -58.1 0.0
158.7 -193.6 282.1 258.7 -118.1 0.0
-658.5 165.5 24.1 284.4 -14.6 0.0
345.2 -97.5 24.1 209.1 104.3 0.0
344.0 -575.7 24.1 205.5 -9.2 0.0
166.1 -195.6 282.1 295.1 -81.6 0.0
-652.4 165.2 24.1 241.7 -12.4 0.0
350.3 -94.7 24.1 202.4 111.5 0.0
349.4 -574.9 24.1 213.9 32.1 0.0
174.3 -196.9 282.1 326.0 -50.6 0.0
-646.4 164.7 24.1 242.0 -20.0 0.0
355.2 -91.7 24.1 196.7 117.6 0.0
354.9 -573.2 24.1 221.2 67.3 0.0
182.4 -197.7 282.1 327.1 -30.5 0.0
-640.2 164.0 24.1 245.3 -27.1 0.0
360.3 -90.3 24.1 205.1 58.6 0.0
360.5 -570.8 24.1 224.2 94.0 0.0
190.5 -198.0 282.1 323.1 -14.7 0.0
-634.3 163.2 24.1 236.2 -32.2 0.0
365.6 -90.0 24.1 212.2 8.5 0.0
361.7 -569.6 24.1 214.2 103.9 0.0
198.6 -197.9 282.1 325.0 4.1 0.0
-628.3 162.2 24.1 241.2 -40.6 0.0
368.9 -90.9 24.1 -0.2 -34.1 0.0
361.4 -568.6 24.1 205.5 112.0 0.0
206.6 -197.5 282.1 320.4 18.1 0.0
-622.2 161.0 24.1 244.3 -47.4 0.0
368.9 -92.4 24.1 -0.0 -60.5 0.0
361.0 -567.4 24.1 -16.1 47.5 0.0
214.6 -196.7 282.1 316.5 29.9 0.0
-615.9 159.7 24.1 250.0 -54.0 0.0
368.9 -94.0 30.8 -0.0 -64.6 255.0
360.5 -566.0 24.1 -19.1 57.2 0.0
222.4 -195.7 282.1 313.1 40.0 0.0
-609.9 158.2 24.1 240.8 -57.8 0.0
368.9 -95.7 36.9 -0.0 -68.7 235.0
360.0 -564.3 24.1 -22.4 66.9 0.0
230.2 -194.4 282.1 312.9 52.8 0.0
-603.8 156.6 24.1 245.5 -66.2 0.0
368.9 -97.6 42.5 -0.0 -72.8 215.0
359.4 -562.5 24.1 -25.3 75.7 0.0
237.9 -192.9 282.1 309.0 62.3 0.0
-597.6 154.8 24.1 248.1 -72.7 0.0
368.9 -99.5 47.6 -0.0 -76.8 195.0
358.6 -560.3 24.1 -28.1 84.3 0.0
245.6 -191.1 282.1 305.8 70.3 0.0
-591.3 152.8 24.1 251.1 -78.7 0.0
368.9 -101.4 52.3 -0.0 -76.8 175.0
357.9 -558.0 24.1 -31.0 92.9 0.0
253.2 -189.2 282.1 303.1 77.1 0.0
-585.6 150.9 24.1 229.2 -77.1 0.0
368.9 -103.3 56.4 -0.0 -76.8 155.0
357.0 -555.5 24.1 -33.9 101.5 0.0
260.7 -187.0 282.1 301.7 85.9 0.0
-579.9 148.7 24.1 228.6 -87.4 0.0
368.9 -105.2 60.0 -0.0 -76.8 135.0
356.1 -552.8 24.1 -36.3 108.9 0.0
268.2 -184.7 282.1 298.6 92.5 0.0
-574.1 146.3 24.1 228.7 -96.5 0.0
368.9 -107.2 63.1 -0.0 -76.8 115.0
356.4 -549.5 24.1 9.8 131.1 0.0
275.6 -182.3 282.1 296.1 98.1 0.0
-568.4 143.7 24.1 229.4 -104.7 0.0
368.9 -109.1 65.8 -0.0 -76.8 95.0
356.9 -545.7 24.1 -0.0 150.0 0.0
282.9 -179.7 282.1 293.9 102.9 0.0
-564.9 140.4 24.1 141.4 -128.8 0.0
368.9 -111.0 67.9 -0.0 -76.8 75.0
356.9 -541.6 24.1 -0.0 166.1 0.0
290.3 -176.9 282.1 294.7 111.3 0.0
-563.2 136.7 24.1 67.2 -149.1 0.0
368.9 -112.9 69.5 -0.0 -76.8 55.0
356.9 -537.1 24.1 -0.0 179.9 0.0
297.6 -174.0 282.1 291.8 116.6 0.0
-563.1 132.6 24.1 5.2 -165.6 0.0
368.9 -114.9 70.6 -0.0 -76.8 35.0
356.9 -532.3 24.1 -0.0 191.4 0.0
304.8 -171.0 282.1 289.4 121.1 0.0
-564.2 128.1 24.1 -47.2 -179.1 0.0
368.9 -116.8 71.3 -0.0 -76.8 15.0
356.9 -527.3 24.1 -0.0 201.2 0.0
312.0 -167.8 282.1 287.4 125.0 0.0
-565.4 122.3 24.1 -46.7 -231.3 0.0
368.9 -118.7 71.4 -0.0 -76.8 -5.0
356.9 -522.0 24.1 -0.0 209.8 0.0
319.2 -164.5 282.1 288.0 133.9 0.0
-566.6 115.4 24.1 -45.7 -275.7 0.0
368.9 -120.6 71.0 -0.0 -76.8 -25.0
356.5 -517.9 24.1 -14.7 164.7 0.0
326.3 -161.0 282.1 284.7 139.1 0.0
-567.7 107.6 24.1 -44.8 -313.5 0.0
368.9 -122.5 70.1 -0.0 -76.8 -45.0
355.8 -514.7 24.1 -27.1 126.3 0.0
333.4 -157.4 282.1 281.9 143.6 0.0
-568.7 99.7 24.1 -41.9 -315.2 0.0
368.9 -124.5 68.8 -0.0 -76.8 -65.0
354.9 -512.4 24.1 -37.7 93.8 0.0
340.3 -153.7 282.1 279.5 147.3 0.0
-569.7 91.8 24.1 -38.6 -315.7 0.0
368.9 -126.4 66.9 -0.0 -76.8 -85.0
353.7 -510.8 24.1 -46.6 66.1 0.0
347.2 -149.9 282.1 275.3 151.8 0.0
-570.6 83.9 24.1 -35.6 -316.0 0.0
368.9 -128.3 64.5 -0.0 -76.8 -105.0
352.5 -509.1 24.1 -48.0 64.6 0.0
354.0 -146.0 282.1 272.3 156.1 0.0
-571.4 76.0 24.1 -33.0 -316.1 0.0
368.9 -130.2 61.6 -0.0 -76.8 -125.0
351.3 -507.5 24.1 -60.7 -272.8 -48.6
360.8 -142.0 282.1 269.7 159.7 0.0
-572.2 68.1 24.1 -30.7 -316.2 0.0
368.9 -132.1 58.3 -0.0 -76.8 -145.0
349.7 -514.3 24.1 -62.0 -271.4 0.1
367.5 -138.0 282.1 267.5 162.8 0.0
-572.9 60.2 24.1 -28.3 -316.5 0.0
368.9 -134.1 54.4 -0.0 -76.8 -165.0
348.2 -521.1 24.1 -63.4 -269.9 0.0
368.9 -134.0 282.1 -0.2 159.4 0.0
-573.5 52.3 24.1 -25.9 -316.7 0.0
368.9 -136.0 50.0 -0.0 -76.8 -185.0
346.5 -527.8 24.1 -64.7 -268.4 0.0
368.9 -130.6 282.1 -0.2 135.5 0.0
-574.1 44.4 24.1 -23.9 -316.8 0.0
368.9 -137.9 45.1 -0.0 -76.8 -205.0
344.9 -534.5 24.1 -66.1 -267.0 0.0
368.9 -127.7 282.1 -0.2 115.2 0.0
-574.7 36.4 24.1 -22.3 -316.8 0.0
368.9 -139.8 39.8 -0.0 -76.8 -225.0
343.2 -541.1 24.1 -67.4 -265.5 0.0
368.9 -125.3 282.1 -0.1 97.9 0.0
-575.2 28.5 24.1 -19.9 -317.1 0.0
368.9 -141.7 33.9 -0.0 -76.8 -245.0
341.4 -546.4 24.1 -70.7 -210.8 0.0
368.9 -123.2 282.1 -0.1 82.9 0.0
-575.6 20.6 24.1 -18.0 -317.2 0.0
368.9 -143.7 27.5 -0.0 -76.8 -265.0
340.1 -548.9 24.1 -54.3 -100.0 0.0
368.9 -121.5 282.1 -0.1 67.9 0.0
-576.0 12.6 24.1 -16.4 -317.2 0.0
368.9 -142.5 24.1 -0.0 47.8 0.3
339.1 -549.0 24.1 -40.7 -5.8 0.0
368.8 -120.0 282.1 -0.4 60.5 0.0
-576.4 4.8 24.1 -14.9 -314.7 0.0
368.9 -142.7 24.1 37.1 -9.2 0.0
338.5 -547.1 24.1 -20.4 75.5 0.0
368.8 -118.5 282.1 -1.0 58.0 0.0
-576.7 -3.2 24.1 -11.7 -317.8 0.0
368.9 -143.9 24.1 59.7 -47.6 0.0
338.3 -543.6 24.1 -10.5 140.2 0.0
368.8 -117.1 282.1 -1.6 58.7 0.0
-576.9 -11.1 24.1 -8.9 -317.7 0.0
368.9 -145.9 24.1 85.1 -80.2 0.0
338.3 -538.7 24.1 0.6 197.9 0.0
368.7 -115.6 282.1 -2.0 60.7 0.0
-577.1 -19.1 24.1 -6.5 -317.7 0.0
368.9 -148.7 24.1 109.5 -110.2 0.0
338.6 -532.5 24.1 10.1 247.0 0.0
368.7 -114.0 282.1 -2.7 63.9 0.0
-577.2 -27.0 24.1 -4.3 -317.7 0.0
368.9 -150.7 24.1 14.6 -82.1 0.0
339.0 -525.3 24.1 18.1 288.8 0.0
368.6 -112.3 282.1 -3.0 67.8 0.0
-577.1 -35.0 24.1 3.1 -319.9 0.0
367.2 -152.1 24.1 -66.6 -55.8 0.0
339.6 -517.4 24.1 24.1 316.9 0.0
368.5 -110.4 282.1 -3.5 72.3 0.0
-576.9 -43.0 24.1 9.2 -319.2 0.0
363.9 -153.0 24.1 -133.6 -34.7 0.0
340.5 -512.5 24.1 36.5 194.8 0.0
368.4 -108.5 282.1 -4.0 76.8 0.0
-576.5 -50.9 24.1 14.5 -318.6 0.0
359.1 -153.4 24.1 -192.1 -17.9 0.0
341.7 -510.2 24.1 47.3 91.2 0.0
368.3 -106.6 282.1 -3.9 78.0 0.0
-576.0 -58.9 24.1 19.1 -318.0 0.0
354.8 -155.8 24.1 -168.8 -94.4 0.0
343.1 -510.1 24.1 56.6 3.0 0.0
368.2 -104.7 282.1 -3.7 75.5 0.0
-575.5 -66.8 24.1 23.4 -317.6 0.0
351.1 -159.8 24.1 -149.1 -159.4 0.0
344.6 -511.9 24.1 57.5 -72.3 0.0
368.1 -102.9 282.1 -3.7 73.0 0.0
-574.8 -74.8 24.1 27.0 -317.0 0.0
347.8 -165.1 24.1 -132.3 -214.7 0.0
345.9 -515.4 24.1 52.8 -139.8 0.0
368.0 -101.1 282.1 -3.5 70.5 0.0
-574.0 -82.7 24.1 30.2 -316.5 0.0
344.9 -171.7 24.1 -118.0 -261.7 0.0
347.1 -520.4 24.1 49.2 -198.1 0.0
367.9 -99.3 281.9 -3.5 70.5 -20.0
-573.2 -90.6 24.1 32.8 -316.1 0.0
341.9 -178.5 24.1 -119.9 -272.4 0.0
348.3 -526.6 24.1 46.6 -247.6 0.0
367.9 -97.6 281.1 -3.5 70.5 -40.0
-572.3 -98.5 24.1 34.9 -315.8 0.0
338.9 -185.3 24.1 -118.2 -273.0 0.0
349.4 -533.8 24.1 44.2 -289.7 0.0
367.8 -96.0 279.9 -3.2 64.6 -60.0
-571.4 -106.4 24.1 36.6 -315.5 0.0
336.0 -192.2 24.1 -116.7 -273.6 0.0
350.1 -541.9 24.1 27.8 -321.3 0.0
367.7 -94.5 278.1 -2.9 58.1 -80.0
-570.5 -114.2 24.1 38.2 -315.3 0.0
333.1 -199.0 24.1 -115.5 -274.1 0.0
350.5 -549.9 24.1 17.3 -320.1 0.0
367.6 -93.2 275.9 -2.5 51.0 -100.0
-569.5 -122.1 24.1 39.4 -315.1 0.0
330.3 -205.8 24.1 -112.3 -270.0 0.0
350.7 -557.8 24.1 8.4 -319.0 0.0
367.6 -92.1 273.1 -2.2 43.6 -120.0
-568.4 -129.9 30.8 44.7 -313.2 255.0
327.5 -212.5 24.1 -111.0 -270.5 0.0
350.7 -565.8 24.1 1.0 -317.8 0.0
367.5 -91.2 269.9 -1.8 36.4 -140.0
-567.1 -137.7 36.9 50.0 -311.3 235.0
324.8 -219.3 24.1 -109.9 -270.9 0.0
349.4 -573.5 24.1 -54.6 -308.4 0.0
367.5 -90.5 266.1 -1.5 29.1 -160.0
-565.7 -145.5 42.5 55.3 -309.3 215.0
322.1 -226.1 24.1 -109.0 -271.2 0.0
346.8 -581.0 24.1 -102.5 -300.6 0.0
367.5 -90.0 261.9 -1.1 21.6 -180.0
-564.2 -153.1 47.6 60.6 -307.3 195.0
319.4 -232.7 24.1 -106.2 -267.0 0.0
343.5 -588.2 24.1 -132.2 -286.8 0.0
367.5 -89.6 257.1 -0.8 14.3 -200.0
-562.7 -160.8 52.3 60.6 -307.3 175.0
316.8 -239.4 24.1 -105.2 -267.3 0.0
339.9 -594.8 24.1 -146.1 -267.1 0.0
367.4 -89.3 251.9 -0.7 11.3 -220.0
-561.2 -168.5 56.4 60.6 -307.3 155.0
314.2 -246.1 24.1 -104.4 -267.6 0.0
335.0 -601.2 24.1 -194.4 -254.9 0.0
367.4 -89.1 246.1 -0.6 8.5 -240.0
-559.7 -176.2 60.0 60.6 -307.3 135.0
311.6 -252.8 24.1 -103.7 -267.9 0.0
329.3 -607.3 24.1 -229.2 -242.1 0.0
367.4 -89.0 239.9 -0.5 5.7 -260.0
-558.2 -183.9 63.1 60.6 -307.3 115.0
309.0 -259.5 24.1 -102.6 -268.4 0.0
323.3 -612.8 24.1 -237.0 -222.5 0.0
367.4 -88.9 233.1 -0.4 2.8 -280.0
-556.6 -191.6 65.8 60.6 -307.3 95.0
306.5 -266.2 24.1 -101.7 -268.7 0.0
317.3 -618.0 24.1 -243.6 -205.9 0.0
367.4 -88.9 225.9 -0.3 1.3 -300.0
-555.1 -199.2 67.9 60.6 -307.3 75.0
303.9 -273.0 24.1 -100.9 -269.0 0.0
310.1 -622.6 24.1 -285.7 -185.3 0.0
367.4 -88.9 218.1 -0.3 -0.2 -320.0
-553.6 -206.9 69.5 60.6 -307.3 55.0
301.4 -279.7 24.1 -100.3 -269.2 0.0
302.6 -624.9 24.1 -298.6 0.2 0.0
367.4 -88.9 209.9 -0.2 -1.7 -340.0
-552.1 -214.6 70.6 60.6 -307.3 35.0
298.9 -286.6 24.1 -100.2 -274.8 0.0
294.7 -624.9 24.1 -319.1 0.0 0.0
367.4 -89.0 201.1 -0.2 -3.2 -360.0
-550.6 -222.3 71.3 60.6 -307.3 15.0
296.5 -293.4 24.1 -98.7 -275.2 0.0
286.7 -625.0 24.1 -319.5 -6.5 0.0
367.4 -89.1 191.9 -0.2 -4.2 -380.0
-549.1 -230.0 71.4 60.6 -307.3 -5.0
294.0 -300.3 24.1 -97.5 -275.6 0.0
279.5 -627.1 24.1 -286.1 -82.9 0.0
367.4 -89.2 182.1 -0.1 -5.1 -400.0
-547.6 -237.7 71.0 60.6 -307.3 -25.0
291.6 -307.2 24.1 -96.5 -276.0 0.0
273.1 -630.8 24.1 -257.6 -147.9 0.0
367.4 -89.4 171.9 -0.1 -6.1 -420.0
-546.0 -245.3 70.1 60.6 -307.3 -45.0
287.7 -313.7 24.1 -155.1 -258.3 0.0
267.2 -635.9 24.1 -233.9 -203.0 0.0
367.4 -89.6 161.1 -0.0 -7.0 -440.0
-544.5 -253.0 68.8 60.6 -307.3 -65.0
282.6 -319.8 24.1 -204.9 -243.3 0.0
261.9 -642.1 24.1 -213.4 -249.9 0.0
367.4 -89.7 149.9 -0.0 -7.0 -460.0
-543.0 -260.7 66.9 60.6 -307.3 -85.0
257.3 -649.4 24.1 -185.1 -291.7 0.0
367.4 -89.9 138.1 -0.0 -7.0 -480.0
-541.5 -268.4 64.5 60.6 -307.3 -105.0
253.3 -657.1 24.1 -160.2 -307.6 0.0
367.4 -90.1 125.9 -0.0 -7.0 -500.0
-540.0 -276.1 61.6 60.6 -307.3 -125.0
249.8 -664.8 24.1 -138.4 -308.8 0.0
367.4 -90.3 113.1 -0.0 -7.0 -520.0
-538.5 -283.8 58.3 60.6 -307.3 -145.0
246.8 -672.6 24.1 -119.9 -309.7 0.0
367.4 -90.4 99.9 -0.0 -7.0 -540.0
-537.0 -291.4 54.4 60.6 -307.3 -165.0
244.4 -680.4 24.1 -97.8 -313.8 0.0
367.7 -88.8 86.4 14.8 65.6 -548.4
-535.4 -299.1 50.0 60.6 -307.3 -185.0
242.4 -688.2 24.1 -79.3 -312.6 0.0
368.1 -87.2 72.5 14.8 65.6 -568.4
-533.9 -306.8 45.1 60.6 -307.3 -205.0
240.8 -696.0 24.1 -63.5 -311.3 0.0
368.5 -85.5 58.0 14.8 65.6 -588.4
-532.4 -314.5 39.8 60.6 -307.3 -225.0
239.5 -703.8 24.1 -50.5 -309.7 0.0
368.8 -83.9 43.0 14.8 65.6 -608.4
-530.9 -322.2 33.9 60.6 -307.3 -245.0
238.7 -711.5 24.1 -33.2 -310.4 0.0
368.9 -82.2 27.6 -0.0 65.6 -628.4
-529.4 -329.9 27.5 60.6 -307.3 -265.0
238.2 -719.2 24.1 -19.1 -307.7 0.0
368.9 -80.6 24.1 -0.0 65.6 0.6
-527.9 -337.5 24.1 60.6 -307.3 0.3
238.0 -726.8 24.1 -7.3 -305.1 0.0
368.9 -79.3 24.1 -0.0 50.6 0.0
-527.5 -343.0 24.1 13.6 -220.0 0.0
238.1 -734.4 24.1 2.7 -302.9 0.0
368.9 -79.7 24.1 22.5 -16.4 0.0
-528.2 -346.7 24.1 -26.4 -145.7 0.0
238.5 -741.7 24.1 14.2 -290.0 0.0
368.9 -81.2 24.1 32.8 -59.6 0.0
-529.7 -348.7 24.1 -60.4 -82.6 0.0
239.1 -748.8 24.1 26.3 -285.5 0.0
368.9 -83.7 24.1 48.1 -98.5 0.0
-531.9 -349.5 24.1 -89.3 -28.9 0.0
240.0 -755.8 24.1 36.7 -281.7 0.0
368.9 -87.1 24.1 63.3 -135.8 0.0
-532.8 -349.1 24.1 -34.3 14.3 0.0
241.2 -762.8 24.1 45.5 -278.5 0.0
368.9 -91.3 24.1 75.7 -167.7 0.0
-532.3 -347.9 24.1 20.2 47.1 0.0
242.4 -769.1 24.1 49.1 -251.1 0.0
368.9 -96.2 24.1 86.2 -194.9 0.0
-530.9 -346.1 24.1 55.0 71.9 0.0
244.0 -775.1 24.1 62.3 -241.6 0.0
368.9 -101.3 24.1 90.8 -207.8 0.0
-528.7 -343.7 24.1 86.5 98.6 0.0
245.8 -781.0 24.1 73.6 -233.5 0.0
368.9 -106.5 24.1 90.3 -208.0 0.0
-525.9 -340.6 24.1 114.5 122.0 0.0
247.9 -786.6 24.1 83.1 -226.5 0.0
368.9 -111.8 24.1 -0.1 -208.7 0.0
-522.4 -337.1 24.1 138.3 142.0 0.0
250.0 -793.3 24.1 84.0 -265.7 0.0
368.9 -117.5 24.1 -0.0 -230.2 0.0
-518.5 -333.1 24.1 158.5 158.9 0.0
252.1 -800.5 24.1 83.1 -289.6 0.0
368.9 -123.4 24.1 -0.0 -237.0 0.0
-514.5 -329.1 24.1 159.3 158.0 0.0
254.0 -807.8 24.1 78.7 -290.5 0.0
368.9 -129.4 24.1 -0.0 -237.7 0.0
-510.5 -325.2 30.8 160.2 158.8 255.0
255.9 -815.0 24.1 74.9 -291.2 0.0
368.9 -135.3 24.1 -0.0 -236.0 0.0
-506.5 -321.2 36.9 160.2 158.8 235.0
257.5 -822.9 24.1 63.8 -314.8 0.0
368.9 -141.2 24.1 -0.0 -235.8 0.0
-502.5 -317.2 42.5 160.2 158.8 215.0
258.9 -830.8 24.1 54.5 -314.7 0.0
368.9 -147.1 24.1 -0.0 -235.8 0.0
-498.5 -313.3 47.6 160.2 158.8 195.0
260.0 -838.6 24.1 46.6 -314.7 0.0
368.9 -153.0 24.1 -0.0 -235.8 0.0
-494.5 -309.3 52.3 160.2 158.8 175.0
261.0 -846.5 24.1 39.8 -314.8 0.0
367.5 -158.4 24.1 -54.3 -216.7 0.0
-490.5 -305.3 56.4 160.2 158.8 155.0
261.8 -853.2 24.1 30.1 -268.2 0.0
365.0 -163.4 24.1 -100.5 -200.5 0.0
-486.5 -301.4 60.0 160.2 158.8 135.0
262.4 -858.9 24.1 23.7 -228.3 0.0
361.5 -168.1 24.1 -139.7 -186.7 0.0
-482.4 -297.4 63.1 160.2 158.8 115.0
262.8 -863.8 24.1 17.9 -194.4 0.0
357.2 -172.4 24.1 -173.1 -175.0 0.0
-478.4 -293.4 65.8 160.2 158.8 95.0
263.1 -867.9 24.1 12.9 -165.7 0.0
353.1 -174.8 24.1 -163.7 -94.5 0.0
-474.4 -289.4 67.9 160.2 158.8 75.0
263.3 -871.1 24.1 6.1 -127.1 0.0
349.2 -175.5 24.1 -155.8 -26.1 0.0
-470.4 -285.5 69.5 160.2 158.8 55.0
263.3 -873.5 24.1 0.3 -94.4 0.0
345.5 -174.7 24.1 -149.0 32.0 0.0
-466.4 -281.5 70.6 160.2 158.8 35.0
263.2 -875.1 24.1 -4.6 -65.8 0.0
341.9 -172.6 24.1 -143.3 81.4 0.0
-462.4 -277.5 71.3 160.2 158.8 15.0
263.0 -876.0 24.1 -8.4 -37.2 0.0
337.5 -171.4 24.1 -175.5 49.0 0.0
-458.4 -273.6 71.4 160.2 158.8 -5.0
262.7 -876.1 24.1 -10.3 -1.7 0.0
332.4 -170.9 24.1 -202.8 21.4 0.0
-454.4 -269.6 71.0 160.2 158.8 -25.0
262.6 -875.6 24.1 -4.8 20.9 0.0
326.8 -170.9 24.1 -226.0 -2.0 0.0
-450.4 -265.6 70.1 160.2 158.8 -45.0
262.4 -874.9 24.1 -6.2 27.1 0.0
320.8 -171.4 24.1 -237.9 -19.0 0.0
-446.4 -261.7 68.8 160.2 158.8 -65.0
262.3 -874.0 24.1 -7.6 33.4 0.0
314.8 -171.9 30.8 -240.9 -20.4 255.0
-442.4 -257.7 66.9 160.2 158.8 -85.0
262.0 -873.1 30.8 -11.2 37.8 255.0
308.8 -172.4 36.9 -240.9 -20.4 235.0
-438.4 -253.7 64.5 160.2 158.8 -105.0
261.6 -872.1 36.9 -14.8 42.1 235.0
302.8 -172.9 42.5 -240.9 -20.4 215.0
-434.4 -249.8 61.6 160.2 158.8 -125.0
261.1 -870.9 42.5 -18.4 46.4 215.0
296.7 -173.4 47.6 -240.9 -20.4 195.0
-430.4 -245.8 58.3 160.2 158.8 -145.0
260.6 -869.6 47.6 -22.0 50.8 195.0
290.7 -173.9 52.3 -240.9 -20.4 175.0
-426.4 -241.8 54.4 160.2 158.8 -165.0
260.0 -868.4 52.3 -22.0 50.8 175.0
284.9 -172.0 56.3 -235.0 79.4 152.2
-422.4 -237.8 50.0 160.2 158.8 -185.0
259.5 -867.1 56.4 -22.0 50.8 155.0
279.0 -170.0 59.9 -235.0 79.4 132.2
-418.4 -233.9 45.1 160.2 158.8 -205.0
258.9 -865.8 60.0 -22.0 50.8 135.0
273.1 -168.0 62.9 -235.0 79.4 112.2
-414.5 -230.0 39.8 155.5 153.2 -225.0
258.4 -864.5 63.1 -22.0 50.8 115.0
267.2 -166.0 65.5 -235.0 79.4 92.2
-410.7 -226.4 33.9 150.6 147.3 -245.0
257.8 -863.3 65.8 -22.0 50.8 95.0
261.3 -164.0 67.5 -235.0 79.4 72.2
-407.1 -222.8 27.5 145.6 141.2 -265.0
257.3 -862.0 67.9 -22.0 50.8 75.0
255.5 -162.0 69.1 -235.0 79.4 52.2
-403.6 -219.5 24.1 140.5 135.1 0.3
256.7 -860.7 69.5 -22.0 50.8 55.0
249.6 -160.0 70.1 -235.0 79.4 32.2
-401.9 -218.1 24.1 68.4 55.6 0.0
256.2 -859.5 70.6 -22.0 50.8 35.0
243.7 -158.1 70.7 -235.0 79.4 12.2
-401.7 -218.3 24.1 7.8 -10.6 0.0
255.6 -858.2 71.3 -22.0 50.8 15.0
237.8 -156.1 70.7 -235.0 79.4 -7.8
-402.8 -219.6 24.1 -44.8 -52.9 0.0
255.1 -856.9 71.4 -22.0 50.8 -5.0
232.0 -154.1 70.3 -235.0 79.4 -27.8
-404.7 -221.9 24.1 -75.6 -88.9 0.0
254.5 -855.7 71.0 -22.0 50.8 -25.0
226.1 -152.1 69.3 -235.0 79.4 -47.8
-405.9 -221.9 24.1 -49.5 0.5 0.0
254.0 -854.4 70.1 -22.0 50.8 -45.0
220.2 -150.1 67.9 -235.0 79.4 -67.8
-406.4 -219.9 24.1 -20.0 78.4 0.0
253.4 -853.1 68.8 -22.0 50.8 -65.0
214.3 -148.1 66.0 -235.0 79.4 -87.8
-406.5 -216.3 24.1 -1.5 141.8 0.0
252.9 -851.8 66.9 -22.0 50.8 -85.0
208.5 -146.2 63.5 -235.0 79.4 -107.8
-406.1 -211.4 24.1 13.3 198.6 0.0
252.3 -850.6 64.5 -22.0 50.8 -105.0
202.6 -144.2 60.6 -235.0 79.4 -127.8
-405.2 -205.4 24.1 38.2 240.8 0.0
251.8 -849.3 61.6 -22.0 50.8 -125.0
196.7 -142.2 57.1 -235.0 79.4 -147.8
-403.7 -198.5 24.1 58.2 273.7 0.0
251.2 -848.0 58.3 -22.0 50.8 -145.0
190.8 -140.2 53.2 -235.0 79.4 -167.8
-402.2 -191.8 24.1 62.4 267.2 0.0
250.7 -846.8 54.4 -22.0 50.8 -165.0
185.0 -138.2 48.7 -235.0 79.4 -187.8
-400.7 -185.9 24.1 56.8 237.1 0.0
250.1 -845.5 50.0 -22.0 50.8 -185.0
179.1 -136.2 43.8 -235.0 79.4 -207.8
-398.1 -182.1 24.1 104.2 150.7 0.0
249.6 -844.2 45.1 -22.0 50.8 -205.0
173.2 -134.3 38.3 -235.0 79.4 -227.8
-394.5 -180.3 24.1 147.0 75.3 0.0
249.0 -843.0 39.8 -22.0 50.8 -225.0
167.3 -132.3 32.4 -235.0 79.4 -247.8
-389.9 -180.0 24.1 183.7 10.7 0.0
248.5 -841.7 33.9 -22.0 50.8 -245.0
161.5 -130.3 25.9 -235.0 79.4 -267.8
-384.5 -181.1 24.1 214.8 -43.5 0.0
247.9 -840.4 27.5 -22.0 50.8 -265.0
155.6 -128.3 24.1 -235.0 79.4 0.3
-378.8 -183.4 24.1 228.2 -92.4 0.0
247.4 -839.2 24.1 -22.0 50.8 0.3
149.7 -127.7 24.1 -234.5 22.6 0.0
-372.9 -186.6 24.1 236.4 -130.1 0.0
247.9 -837.1 24.1 18.9 81.7 0.0
143.9 -128.4 24.1 -234.0 -25.6 0.0
-367.3 -190.1 24.1 224.1 -138.9 0.0
249.1 -834.3 24.1 50.6 111.6 0.0
138.0 -130.0 24.1 -233.6 -66.6 0.0
-362.2 -193.5 24.1 204.7 -135.4 0.0
251.1 -830.8 24.1 77.6 139.0 0.0
132.2 -132.6 24.1 -233.2 -101.5 0.0
-357.2 -197.3 24.1 199.9 -151.2 0.0
253.6 -826.8 24.1 100.5 162.3 0.0
126.7 -135.5 24.1 -220.8 -117.9 0.0
-352.3 -201.3 24.1 193.8 -162.0 0.0
256.6 -822.2 24.1 118.5 184.0 0.0
121.5 -138.7 24.1 -207.2 -127.6 0.0
-347.7 -205.5 24.1 184.5 -165.0 0.0
259.7 -817.4 24.1 124.6 189.7 0.0
116.6 -142.1 24.1 -195.7 -135.8 0.0
-343.3 -209.6 24.1 175.2 -165.5 0.0
262.8 -812.8 24.1 124.2 186.9 0.0
112.0 -145.7 24.1 -185.9 -142.8 0.0
-339.3 -213.6 24.1 162.6 -161.6 0.0
265.9 -808.1 24.1 125.1 186.2 0.0
107.5 -149.5 24.1 -177.9 -152.5 0.0
-335.0 -218.2 24.1 169.1 -184.3 0.0
269.0 -803.4 24.1 125.8 188.7 0.0
103.3 -153.4 24.1 -169.3 -158.0 0.0
-330.7 -223.4 24.1 175.1 -204.6 0.0
272.2 -798.7 24.1 125.2 189.2 0.0
99.2 -157.5 24.1 -162.0 -162.7 0.0
-326.1 -228.9 24.1 180.5 -222.0 0.0
275.3 -793.9 24.1 124.7 189.4 0.0
95.3 -161.7 24.1 -155.8 -166.6 0.0
-321.6 -234.7 24.1 180.1 -232.5 0.0
278.4 -789.2 24.1 222.2 -173.8 -11.2
91.3 -165.8 30.8 -160.7 -163.9 255.0
-317.1 -240.9 24.1 182.4 -246.0 0.0
284.0 -793.5 24.1 224.9 -168.9 0.0
87.2 -169.8 36.9 -165.6 -161.1 235.0
-312.5 -247.2 24.1 182.7 -254.6 0.0
289.5 -795.8 24.1 218.9 -94.0 0.0
82.9 -173.8 42.5 -170.5 -158.3 215.0
-307.9 -253.7 24.1 182.4 -260.5 0.0
294.8 -796.6 24.1 213.8 -30.5 0.0
78.5 -177.6 47.6 -175.5 -155.6 195.0
-303.6 -260.2 24.1 175.1 -257.1 0.0
300.0 -796.0 24.1 209.1 23.0 0.0
74.1 -181.5 52.3 -175.5 -155.6 175.0
-299.4 -266.5 24.1 167.9 -252.5 0.0
888.0 -768.0 419.0 0.0 0.0 0.0
303.1 -796.6 24.1 123.1 -24.1 0.0
69.8 -185.4 56.4 -175.5 -155.6 155.0
-295.4 -272.6 24.1 158.8 -243.1 0.0
888.0 -768.0 412.8 0.0 0.0 -100.0
304.4 -798.2 24.1 52.3 -62.0 0.0
65.4 -189.3 60.0 -175.5 -155.6 135.0
-291.7 -278.3 24.1 147.6 -229.3 0.0
888.0 -768.0 410.1 0.0 0.0 0.1
304.2 -800.5 24.1 -9.7 -92.0 0.0
61.0 -193.2 63.1 -175.5 -155.6 115.0
-288.4 -283.5 24.1 131.7 -207.5 0.0
888.0 -768.0 410.1 0.0 0.0 0.0
302.6 -803.4 24.1 -61.0 -118.8 0.0
56.6 -197.1 65.8 -175.5 -155.6 95.0
-285.4 -288.3 24.1 120.4 -193.3 0.0
888.0 -768.0 410.1 0.0 0.0 0.0
299.8 -806.9 24.1 -114.9 -138.0 0.0
52.2 -201.0 67.9 -175.5 -155.6 75.0
-282.2 -293.7 24.1 127.6 -215.1 0.0
888.0 -768.0 410.1 0.0 0.0 0.0
295.8 -810.7 24.1 -160.6 -154.4 0.0
47.8 -204.9 69.5 -175.5 -155.6 55.0
-279.1 -299.1 24.1 125.2 -216.2 0.0
886.3 -768.0 410.1 -66.1 -0.1 0.0
290.8 -814.9 24.1 -199.5 -168.3 0.0
43.4 -208.8 70.6 -175.5 -155.6 35.0
-275.8 -305.3 24.1 131.9 -248.7 0.0
883.4 -768.0 410.1 -119.2 0.0 0.0
285.0 -819.4 24.1 -232.6 -180.1 0.0
39.1 -212.6 71.3 -175.5 -155.6 15.0
-272.6 -311.6 24.1 127.5 -250.4 0.0
879.1 -768.0 410.1 -172.5 -0.3 0.0
278.5 -823.9 24.1 -257.9 -176.9 0.0
34.7 -216.5 71.4 -175.5 -155.6 -5.0
-269.5 -317.9 24.1 123.7 -251.9 0.0
873.5 -768.0 410.1 -220.9 -0.6 0.0
272.0 -828.0 24.1 -259.1 -166.3 0.0
30.3 -220.4 71.0 -175.5 -155.6 -25.0
-266.5 -324.2 24.1 120.5 -253.2 0.0
866.9 -768.0 410.1 -264.0 -0.6 0.0
265.5 -832.0 24.1 -262.2 -158.3 0.0
25.9 -224.3 70.1 -175.5 -155.6 -45.0
-263.4 -330.4 30.8 122.9 -248.1 255.0
859.4 -768.1 410.1 -302.5 -0.9 0.0
258.8 -835.8 24.1 -265.2 -151.4 0.0
21.7 -228.1 68.8 -168.2 -152.4 -65.0
-260.3 -336.5 36.9 125.3 -243.0 235.0
851.4 -768.1 410.1 -317.5 -0.9 0.0
253.2 -839.0 24.1 -225.4 -128.7 0.0
17.7 -231.9 66.9 -160.9 -149.2 -85.0
-257.1 -342.4 42.5 127.7 -237.9 215.0
843.5 -768.1 410.1 -317.5 -0.8 0.0
248.4 -841.7 24.1 -191.6 -109.4 0.0
13.8 -235.5 64.5 -153.6 -146.0 -105.0
-253.8 -348.2 47.6 130.1 -232.8 195.0
835.6 -768.1 410.1 -317.5 0.0 0.0
244.3 -844.0 24.1 -162.9 -93.0 0.0
10.2 -239.1 61.6 -146.4 -142.9 -125.0
-250.6 -354.1 52.3 130.1 -232.8 175.0
827.6 -768.1 416.1 -317.5 0.5 0.0
240.7 -846.1 24.1 -146.7 -81.0 0.0
6.7 -242.6 58.3 -139.1 -139.7 -145.0
-247.3 -359.9 56.4 130.1 -232.8 155.0
819.7 -768.1 416.1 -315.0 1.1 0.0
237.6 -847.8 24.1 -124.7 -68.8 0.0
3.4 -246.0 54.4 -131.9 -136.4 -165.0
-244.1 -359.4 57.9 130.1 17.5 51.6
811.9 -768.0 424.1 -312.4 1.4 0.0
234.9 -849.3 24.1 -106.0 -58.5 0.0
0.3 -249.3 50.0 -124.6 -133.2 -185.0
-240.8 -358.9 58.9 130.1 17.5 31.6
804.1 -768.0 424.1 -312.4 1.3 0.0
232.4 -850.5 24.1 -101.1 -50.2 0.0
-2.7 -252.6 45.1 -117.4 -130.0 -205.0
-237.6 -358.5 59.5 130.1 17.5 11.6
796.3 -768.0 432.1 -312.4 1.5 0.0
229.9 -851.6 24.1 -101.4 -43.4 0.0
-5.4 -255.7 39.8 -110.1 -126.7 -225.0
-234.3 -358.1 59.5 130.1 17.5 -8.4
788.5 -767.9 432.1 -312.4 1.6 0.0
228.5 -854.0 24.1 -52.5 -95.3 0.0
-8.0 -258.8 33.9 -102.9 -123.5 -245.0
-231.1 -357.6 59.0 130.1 17.5 -28.4
780.7 -767.9 440.1 -312.4 1.6 0.0
228.3 -857.4 24.1 -11.4 -138.9 0.0
-10.4 -261.8 27.5 -95.6 -120.2 -265.0
-227.8 -357.2 58.1 130.1 17.5 -48.4
772.8 -767.9 440.1 -315.0 1.2 0.0
228.8 -861.8 24.1 23.6 -176.0 0.0
-12.6 -264.7 24.1 -88.4 -117.0 0.3
-224.6 -356.8 56.6 130.1 17.5 -68.4
764.9 -767.8 448.1 -315.0 0.9 0.0
230.2 -867.0 24.1 53.4 -207.4 0.0
-13.1 -267.7 24.1 -21.1 -118.6 0.0
-221.3 -356.3 54.7 130.1 17.5 -88.4
757.0 -767.8 448.1 -317.5 0.4 0.0
232.3 -872.5 24.1 83.2 -220.2 0.0
-12.2 -270.7 24.1 36.1 -119.9 0.0
-218.1 -355.9 52.2 130.1 17.5 -108.4
749.1 -767.8 456.1 -317.5 0.0 0.0
234.7 -878.0 24.1 99.4 -220.4 0.0
-10.1 -273.7 24.1 84.7 -121.0 0.0
-214.8 -355.4 49.2 130.1 17.5 -128.4
741.1 -767.8 456.1 -317.5 -0.3 0.0
237.4 -883.4 24.1 107.2 -213.7 0.0
-6.9 -276.8 24.1 126.1 -122.0 0.0
-211.5 -355.0 45.8 130.1 17.5 -148.4
733.2 -767.9 464.1 -317.5 -1.2 0.0
240.3 -888.6 24.1 113.9 -207.9 0.0
-2.9 -279.8 24.1 163.5 -119.8 0.0
-208.3 -354.6 41.8 130.1 17.5 -168.4
725.3 -767.9 464.1 -317.5 -1.8 0.0
244.3 -893.9 24.1 159.5 -210.5 0.0
2.0 -282.7 24.1 195.3 -117.9 0.0
-205.0 -354.1 37.4 130.1 17.5 -188.4
717.3 -768.0 472.1 -317.5 -2.3 0.0
249.2 -899.2 32.1 198.4 -212.4 0.0
7.3 -285.6 24.1 211.4 -113.1 0.0
-201.8 -353.7 32.4 130.1 17.5 -208.4
709.4 -768.0 472.1 -317.5 -2.1 0.0
254.6 -904.3 32.1 213.6 -204.5 0.0
12.7 -288.2 24.1 213.5 -105.8 0.0
-198.5 -353.1 26.9 133.0 23.2 -228.4
701.5 -768.1 480.1 -315.0 -2.1 0.0
260.0 -909.1 32.1 219.1 -194.0 0.0
18.4 -290.7 24.1 229.5 -101.5 0.0
-195.1 -352.4 24.1 135.9 28.8 0.2
693.6 -768.1 480.1 -315.0 -2.2 0.0
263.9 -914.9 40.1 156.5 -230.9 0.0
24.2 -293.1 24.1 231.1 -95.0 0.0
-191.5 -350.4 24.1 144.2 81.3 0.0
685.8 -768.2 488.1 -315.0 -2.3 0.0
266.5 -921.4 40.1 103.4 -261.7 0.0
30.0 -295.3 24.1 232.4 -89.4 0.0
-187.7 -347.2 24.1 151.2 125.9 0.0
677.9 -768.2 488.1 -312.5 -1.5 0.0
268.0 -928.6 40.1 58.1 -287.8 0.0
35.8 -297.5 24.1 233.6 -84.7 0.0
-183.6 -343.2 24.1 161.5 160.7 0.0
670.1 -768.2 496.1 -312.5 -0.8 0.0
268.5 -936.4 48.1 19.5 -309.9 0.0
42.0 -299.5 24.1 245.4 -81.9 0.0
-179.4 -338.4 24.1 170.3 190.2 0.0
662.3 -768.2 496.1 -312.4 -0.4 0.0
267.5 -943.9 48.1 -37.5 -301.5 0.0
48.1 -301.5 24.1 246.3 -77.6 0.0
-175.3 -333.6 24.1 164.9 194.4 0.0
654.5 -768.2 504.1 -315.0 0.2 0.0
265.4 -951.3 56.1 -86.7 -294.3 0.0
54.3 -303.3 24.1 452.2 -26.1 143.7
-171.3 -328.6 24.1 159.9 197.4 0.0
646.6 -768.2 504.1 -315.0 0.8 0.0
262.2 -958.4 56.1 -126.4 -286.6 0.0
65.6 -304.0 27.5 452.2 -26.1 123.7
-167.7 -324.3 24.1 141.1 174.3 0.0
638.7 -768.2 512.1 -315.0 1.2 0.0
258.7 -965.1 64.1 -140.5 -266.5 0.0
76.9 -304.6 30.3 452.2 -26.1 103.7
-164.2 -319.9 24.1 140.9 174.4 0.0
630.8 -768.1 512.1 -315.0 1.6 0.0
255.4 -972.3 64.1 -133.1 -287.9 0.0
88.2 -305.3 32.7 452.2 -26.1 83.7
-160.7 -315.6 24.1 140.8 174.6 0.0
623.0 -768.1 520.1 -315.0 2.0 0.0
252.3 -979.6 72.1 -123.1 -290.3 0.0
99.5 -305.9 34.5 452.2 -26.1 63.7
-157.2 -311.2 24.1 140.6 174.7 0.0
615.1 -768.1 520.1 -315.0 1.8 0.0
249.4 -986.9 72.1 -114.5 -292.2 0.0
110.8 -306.6 35.8 452.2 -26.1 43.7
-153.2 -308.5 24.1 160.4 109.1 0.0
607.2 -768.0 520.1 -315.0 1.8 0.0
246.7 -994.2 80.1 -107.5 -293.5 0.0
122.1 -307.2 36.7 452.2 -26.1 23.7
-148.7 -307.1 24.1 177.6 53.0 0.0
599.3 -768.0 528.1 -315.0 1.8 0.0
245.3 -1001.9 80.1 -56.0 -306.8 0.0
133.4 -307.9 37.0 452.2 -26.1 3.7
-143.9 -307.0 24.1 192.2 5.3 0.0
591.5 -767.9 528.1 -315.0 1.8 0.0
245.0 -1009.8 88.1 -12.1 -318.1 0.0
144.7 -308.5 36.9 452.2 -26.1 -16.3
-138.8 -307.9 24.1 204.7 -35.3 0.0
583.5 -767.9 538.1 -317.6 0.5 0.0
245.4 -1017.5 88.1 13.6 -308.9 0.0
156.0 -309.2 36.2 452.2 -26.1 -36.3
-133.4 -309.7 24.1 214.4 -70.6 0.0
575.6 -767.9 538.1 -317.5 -0.5 0.0
246.2 -1025.0 88.1 33.0 -297.0 0.0
167.2 -309.9 35.0 446.8 -30.6 -56.3
-127.9 -312.2 24.1 222.7 -100.7 0.0
567.6 -768.0 538.1 -317.5 -1.3 0.0
248.5 -1032.1 96.1 91.5 -284.7 0.0
178.2 -310.8 33.4 441.4 -35.2 -76.3
-122.5 -314.9 24.1 214.0 -110.5 0.0
559.8 -768.0 538.1 -315.0 -1.9 0.0
252.0 -1038.9 96.1 141.2 -274.2 0.0
189.1 -311.8 31.2 436.0 -39.7 -96.3
-117.4 -317.9 24.1 206.2 -118.3 0.0
551.7 -768.5 538.1 -323.2 -20.7 0.0
256.6 -1045.6 104.1 183.5 -265.3 0.0
199.9 -312.9 28.6 430.6 -44.2 -116.3
-112.3 -321.0 30.8 202.3 -122.4 255.0
543.6 -769.4 538.1 -321.5 -33.7 0.0
261.5 -1051.7 104.1 194.8 -245.2 0.0
210.6 -314.1 25.4 426.9 -48.5 -136.3
-107.4 -324.1 36.9 198.4 -126.5 235.0
535.7 -770.5 538.1 -318.1 -44.3 0.0
266.4 -1057.7 112.1 192.4 -233.7 255.0
221.1 -315.5 24.1 423.2 -52.8 0.2
-102.5 -327.4 42.5 194.4 -130.5 215.0
527.8 -771.8 538.1 -314.8 -52.9 0.0
271.3 -1063.5 118.2 196.0 -229.3 235.0
231.6 -316.9 30.8 419.5 -57.0 255.0
-97.7 -330.8 47.6 190.5 -134.6 195.0
520.1 -773.5 538.1 -307.5 -68.3 0.0
276.3 -1069.1 123.9 199.6 -225.0 215.0
242.0 -318.4 36.9 415.8 -61.3 235.0
-93.0 -334.1 52.3 190.5 -134.6 175.0
512.6 -775.5 538.1 -302.3 -82.0 0.0
281.4 -1074.6 129.0 203.2 -220.6 195.0
252.4 -319.9 42.5 415.8 -61.3 215.0
-88.2 -337.5 56.4 190.5 -134.6 155.0
505.2 -777.9 538.1 -296.2 -92.6 0.0
286.3 -1080.2 133.6 196.9 -224.2 175.0
262.8 -321.5 47.6 415.8 -61.3 195.0
-83.4 -340.8 60.0 190.5 -134.6 135.0
497.9 -780.4 538.1 -290.9 -101.7 0.0
291.1 -1085.9 137.8 190.8 -227.7 155.0
273.2 -323.0 52.2 415.8 -61.3 175.0
-78.7 -344.2 63.1 190.5 -134.6 115.0
491.4 -783.1 538.1 -259.6 -106.6 0.0
295.7 -1091.7 141.4 184.6 -231.2 135.0
283.6 -324.5 56.4 415.8 -61.3 155.0
-73.9 -347.6 65.8 190.5 -134.6 95.0
485.5 -786.0 538.1 -237.1 -117.1 0.0
300.2 -1097.5 144.5 178.3 -234.8 115.0
294.0 -326.1 60.0 415.8 -61.3 135.0
-69.2 -350.9 67.9 190.5 -134.6 75.0
480.0 -789.2 538.1 -219.3 -128.4 0.0
304.4 -1103.4 147.1 170.7 -233.3 95.0
304.4 -327.6 63.1 415.8 -61.3 115.0
-64.4 -354.3 69.5 190.5 -134.6 55.0
474.9 -792.6 538.1 -204.0 -137.8 0.0
308.5 -1109.2 149.2 163.1 -231.9 75.0
314.8 -329.1 65.8 415.8 -61.3 95.0
-59.6 -357.7 70.6 190.5 -134.6 35.0
468.6 -795.6 538.1 -250.9 -116.5 0.0
312.4 -1114.9 150.9 155.5 -230.5 55.0
325.2 -330.7 67.9 415.8 -61.3 75.0
-54.9 -361.0 71.3 190.5 -134.6 15.0
461.4 -798.0 538.1 -290.7 -98.1 0.0
316.1 -1120.7 152.0 147.9 -229.0 35.0
335.4 -332.2 69.5 407.8 -60.8 55.0
-50.1 -364.4 71.4 190.5 -134.6 -5.0
453.6 -800.1 538.1 -310.8 -82.8 0.0
319.6 -1126.3 152.6 141.8 -225.9 15.0
345.4 -333.7 70.6 399.9 -60.3 35.0
-45.3 -367.8 71.0 190.5 -134.6 -25.0
445.8 -801.8 538.1 -310.6 -69.9 0.0
323.0 -1131.9 152.8 135.7 -222.7 -5.0
355.2 -335.2 71.2 392.0 -59.8 15.0
-40.6 -371.1 70.1 190.5 -134.6 -45.0
438.8 -804.0 538.1 -282.4 -88.1 0.0
326.3 -1137.4 152.4 129.7 -219.5 -25.0
356.9 -336.7 71.4 -0.4 -59.2 -5.0
-35.8 -374.5 68.8 190.5 -134.6 -65.0
432.3 -806.6 538.1 -258.2 -102.9 0.0
329.4 -1142.8 152.1 123.6 -216.3 0.0
356.9 -338.2 71.0 -0.4 -59.2 -25.0
-31.1 -377.9 66.9 190.5 -134.6 -85.0
426.4 -809.5 538.1 -238.1 -116.3 0.0
330.0 -1147.6 152.1 26.4 -194.7 0.0
356.8 -339.6 70.1 -0.4 -59.2 -45.0
-26.3 -381.2 64.5 190.5 -134.6 -105.0
420.8 -812.7 538.1 -220.7 -127.3 0.0
328.6 -1152.0 152.1 -56.2 -176.0 0.0
356.8 -341.1 68.8 -0.4 -59.2 -65.0
-21.5 -384.6 61.6 190.5 -134.6 -125.0
414.2 -815.8 538.1 -265.7 -122.5 0.0
325.5 -1156.1 160.1 -126.5 -160.1 0.0
356.8 -342.6 66.9 -0.4 -59.2 -85.0
-16.8 -388.0 58.3 190.5 -134.6 -145.0
406.7 -818.7 538.1 -300.8 -118.3 0.0
320.8 -1159.7 160.1 -186.1 -147.2 0.0
356.8 -344.1 64.5 -0.4 -59.2 -105.0
-12.0 -391.3 54.4 190.5 -134.6 -165.0
399.1 -821.4 538.1 -302.6 -109.3 0.0
314.9 -1163.1 160.1 -236.8 -136.0 0.0
356.8 -345.6 61.6 -0.4 -59.2 -125.0
-7.2 -394.7 50.0 190.5 -134.6 -185.0
391.5 -824.0 538.1 -304.2 -101.4 0.0
307.9 -1166.3 160.1 -279.8 -126.9 0.0
356.8 -347.0 58.2 -0.4 -59.2 -145.0
-2.5 -398.1 45.1 190.5 -134.6 -205.0
383.9 -826.3 538.1 -306.0 -94.3 0.0
300.3 -1169.2 168.1 -303.8 -117.3 0.0
356.8 -348.5 54.4 -0.4 -59.2 -165.0
2.3 -401.4 39.8 190.5 -134.6 -225.0
376.2 -828.5 538.1 -306.9 -88.2 0.0
292.7 -1171.9 168.1 -305.4 -106.6 0.0
356.8 -350.0 50.0 -0.4 -59.2 -185.0
7.0 -404.8 33.9 190.5 -134.6 -245.0
368.5 -830.6 538.1 -308.0 -82.9 0.0
285.5 -1174.4 168.1 -285.4 -99.8 0.0
11.8 -408.1 27.5 190.5 -134.6 -265.0
360.8 -832.6 538.1 -308.6 -78.6 0.0
278.4 -1176.9 168.1 -285.3 -100.0 0.0
16.6 -411.5 24.1 190.5 -134.6 0.3
353.0 -834.4 538.1 -309.6 -74.4 0.0
271.3 -1179.4 168.1 -285.3 -100.3 0.0
19.8 -415.6 24.1 127.1 -163.9 0.0
345.3 -836.2 538.1 -310.1 -70.9 0.0
264.1 -1181.9 168.1 -285.2 -100.5 0.0
21.6 -420.3 24.1 73.3 -188.8 0.0
337.5 -837.9 538.1 -310.7 -67.8 0.0
257.7 -1184.4 168.1 -256.2 -99.1 0.0
22.3 -425.6 24.1 27.5 -209.9 0.0
329.7 -839.5 538.1 -311.2 -65.0 0.0
251.1 -1187.7 176.1 -264.5 -130.7 0.0
22.0 -431.3 24.1 -11.4 -227.9 0.0
321.9 -841.1 538.1 -311.6 -62.4 0.0
244.4 -1191.5 176.1 -268.9 -155.0 0.0
23.0 -437.0 24.1 42.0 -228.5 0.0
314.1 -842.6 538.1 -312.0 -60.2 0.0
237.7 -1195.8 176.1 -269.3 -171.8 0.0
25.2 -442.7 24.1 87.4 -229.1 0.0
306.3 -844.1 538.1 -312.3 -58.1 0.0
233.6 -1199.9 176.1 -163.5 -164.7 0.0
28.4 -448.5 24.1 126.1 -229.6 0.0
298.5 -845.5 538.1 -312.6 -56.3 0.0
231.9 -1204.0 184.1 -68.1 -160.4 0.0
32.1 -454.0 24.1 149.9 -223.9 0.0
290.7 -846.8 538.1 -312.9 -54.7 0.0
232.3 -1207.9 184.1 16.5 -157.9 0.0
35.9 -459.1 24.1 149.3 -203.9 0.0
282.9 -848.2 538.1 -313.1 -53.2 0.0
234.5 -1211.8 184.1 90.2 -156.5 0.0
39.6 -463.8 24.1 148.4 -186.6 0.0
275.0 -849.5 538.1 -313.3 -52.0 0.0
238.4 -1215.6 184.1 153.8 -151.9 0.0
43.4 -468.2 24.1 154.8 -176.2 0.0
267.2 -850.7 538.1 -313.4 -50.9 0.0
243.6 -1219.3 192.1 206.6 -147.7 0.0
47.4 -472.4 24.1 160.2 -167.4 0.0
259.4 -852.0 538.1 -313.6 -50.0 0.0
249.7 -1222.9 192.1 247.8 -143.4 0.0
51.6 -476.6 30.8 164.4 -169.7 255.0
251.5 -853.2 538.1 -313.7 -49.1 0.0
256.1 -1226.2 192.1 253.0 -132.2 0.0
55.7 -480.9 36.9 164.4 -169.7 235.0
243.7 -854.4 538.1 -313.8 -48.3 0.0
261.4 -1230.8 192.1 214.6 -184.2 0.0
59.8 -485.1 42.5 164.4 -169.7 215.0
235.8 -855.6 538.1 -313.9 -47.9 0.0
266.0 -1236.4 200.1 182.2 -223.4 0.0
63.9 -489.4 47.6 164.4 -169.7 195.0
228.0 -856.8 538.1 -313.9 -47.3 0.0
269.9 -1242.6 200.1 154.6 -250.1 0.0
68.0 -493.6 52.3 164.4 -169.7 175.0
220.1 -858.0 538.1 -314.0 -47.0 0.0
273.1 -1248.7 200.1 131.4 -242.0 0.0
72.1 -497.9 56.4 164.4 -169.7 155.0
212.3 -859.1 538.1 -314.0 -46.7 0.0
274.4 -1253.9 208.1 49.3 -207.3 0.0
76.2 -502.1 60.0 164.4 -169.7 135.0
204.4 -860.3 538.1 -314.1 -46.5 0.0
273.8 -1258.3 208.1 -22.3 -177.7 0.0
80.3 -506.3 63.1 164.4 -169.7 115.0
196.6 -861.5 538.1 -314.1 -46.3 0.0
271.6 -1262.1 208.1 -87.0 -152.8 0.0
84.4 -510.6 65.8 164.4 -169.7 95.0
188.7 -862.6 538.1 -314.2 -45.9 0.0
268.0 -1265.4 217.1 -146.3 -132.0 0.0
89.4 -512.8 67.9 200.3 -85.8 75.0
180.9 -863.7 538.1 -314.2 -45.7 0.0
263.0 -1268.4 217.1 -201.1 -117.0 0.0
94.4 -514.9 69.5 200.3 -85.8 55.0
173.0 -864.9 538.1 -314.2 -45.3 0.0
256.7 -1271.0 217.1 -250.1 -104.8 0.0
99.4 -517.0 70.6 200.3 -85.8 35.0
165.2 -866.0 538.1 -314.3 -45.1 0.0
249.4 -1273.3 217.1 -291.8 -93.3 0.0
104.4 -519.2 71.3 200.3 -85.8 15.0
157.3 -867.1 538.1 -314.3 -45.0 0.0
241.7 -1275.4 217.1 -308.1 -82.9 0.0
109.4 -521.3 71.4 200.3 -85.8 -5.0
149.4 -868.3 538.1 -314.3 -45.0 0.0
234.0 -1277.1 217.1 -309.5 -69.1 0.0
114.5 -523.5 71.0 200.3 -85.8 -25.0
141.6 -869.4 538.1 -311.8 -44.4 0.0
226.6 -1278.6 217.1 -293.8 -58.0 0.0
119.5 -525.6 70.1 200.3 -85.8 -45.0
133.9 -870.5 538.1 -311.8 -44.2 0.0
219.8 -1279.8 217.1 -273.3 -48.7 0.0
124.5 -527.8 68.8 200.3 -85.8 -65.0
126.1 -871.6 538.1 -311.8 -44.2 0.0
213.5 -1280.8 217.1 -253.0 -40.9 0.0
129.5 -529.9 66.9 200.3 -85.8 -85.0
118.3 -872.7 538.1 -311.8 -44.2 0.0
207.1 -1281.6 217.1 -254.3 -30.5 0.0
134.5 -532.0 64.5 200.3 -85.8 -105.0
110.5 -873.8 538.1 -309.4 -43.8 0.0
201.3 -1282.2 217.1 -233.4 -24.0 0.0
139.5 -534.2 61.6 200.3 -85.8 -125.0
102.8 -874.9 538.1 -309.4 -43.8 0.0
195.3 -1282.6 217.1 -239.9 -15.9 0.0
144.5 -536.3 58.3 200.3 -85.8 -145.0
95.1 -876.0 538.1 -309.4 -43.7 0.0
189.0 -1282.8 217.1 -251.8 -8.4 0.0
149.5 -538.5 54.4 200.3 -85.8 -165.0
87.4 -877.0 538.1 -306.9 -43.4 0.0
182.9 -1282.8 217.1 -242.4 -1.1 0.0
154.5 -540.6 50.0 200.3 -85.8 -185.0
79.7 -878.1 538.1 -306.9 -43.4 0.0
176.7 -1282.6 217.1 -248.1 8.0 0.0
159.5 -542.8 45.1 200.3 -85.8 -205.0
72.0 -879.2 538.1 -306.8 -43.6 0.0
170.4 -1282.2 217.1 -254.2 15.9 0.0
164.5 -544.9 39.8 200.3 -85.8 -225.0
64.4 -880.3 538.1 -304.3 -43.4 0.0
164.0 -1281.7 217.1 -255.5 21.8 0.0
169.5 -547.1 33.9 200.3 -85.8 -245.0
56.8 -881.4 538.1 -304.3 -43.4 0.0
158.0 -1281.0 217.1 -239.3 27.6 0.0
174.6 -549.2 27.5 200.3 -85.8 -265.0
49.2 -882.5 538.1 -304.3 -43.4 0.0
152.2 -1280.1 217.1 -233.3 35.8 0.0
179.6 -551.3 24.1 200.3 -85.8 0.3
41.7 -883.6 538.1 -301.8 -43.3 0.0
146.5 -1279.0 217.1 -227.7 42.6 0.0
185.1 -553.2 24.1 223.0 -73.8 0.0
34.1 -884.7 538.1 -301.8 -43.5 0.0
140.8 -1277.8 234.1 -224.9 49.0 0.0
190.7 -554.8 24.1 223.2 -63.3 0.0
26.6 -885.7 538.1 -301.8 -43.5 0.0
134.4 -1276.4 234.1 -255.9 55.4 0.0
196.3 -556.1 24.1 223.3 -54.4 0.0
19.1 -886.8 538.1 -299.2 -43.3 0.0
127.9 -1275.0 234.1 -263.6 56.6 0.0
201.9 -557.3 24.1 223.5 -46.8 0.0
11.6 -887.9 538.1 -299.2 -43.3 0.0
121.2 -1273.6 234.1 -266.1 56.8 0.0
206.1 -556.7 24.1 169.0 25.6 0.0
4.2 -889.0 538.1 -296.7 -43.1 0.0
114.5 -1272.1 234.1 -268.6 57.2 0.0
209.2 -554.6 24.1 124.9 81.2 0.0
-3.2 -890.1 538.1 -296.7 -43.3 0.0
107.6 -1270.7 234.1 -273.7 57.7 0.0
211.4 -551.5 24.1 88.6 124.9 0.0
-10.6 -891.2 538.1 -296.7 -43.5 0.0
100.7 -1269.2 234.1 -278.7 58.4 0.0
212.8 -547.3 24.1 55.6 169.3 0.0
-18.2 -892.2 538.1 -302.4 -41.4 0.0
93.6 -1267.8 234.1 -283.7 58.9 0.0
214.3 -545.5 24.1 57.3 70.9 0.0
-25.8 -893.2 538.1 -302.7 -39.1 0.0
86.4 -1266.3 234.1 -286.3 59.1 0.0
215.7 -545.8 24.1 57.7 -10.6 0.0
-33.3 -894.1 538.1 -302.8 -37.3 0.0
79.9 -1264.6 242.1 -261.2 65.3 0.0
217.0 -547.5 24.1 51.9 -70.9 0.0
-40.9 -895.0 538.1 -302.9 -35.6 0.0
73.8 -1262.8 242.1 -244.1 74.2 0.0
218.3 -550.4 24.1 51.1 -115.5 0.0
-49.2 -895.2 538.1 -333.3 -6.8 0.0
68.1 -1260.8 242.1 -228.5 80.6 0.0
219.5 -554.4 24.1 48.1 -159.8 0.0
-57.5 -894.9 538.1 -329.8 8.7 0.0
62.4 -1258.4 242.1 -226.0 95.4 0.0
220.6 -559.5 24.1 46.1 -204.9 0.0
-65.6 -894.4 538.1 -325.9 21.6 0.0
58.5 -1255.9 242.1 -157.7 100.7 0.0
221.8 -565.8 24.1 44.8 -248.3 0.0
-73.7 -893.6 538.1 -322.5 32.7 0.0
56.0 -1253.3 242.1 -100.1 105.0 0.0
222.9 -573.0 24.1 44.5 -288.9 0.0
-81.7 -892.5 538.1 -319.3 44.4 0.0
54.7 -1250.6 242.1 -52.3 108.0 0.0
223.9 -580.9 24.1 39.4 -316.7 0.0
-89.6 -891.1 538.1 -315.7 54.1 0.0
54.4 -1247.8 250.1 -12.1 110.1 0.0
224.7 -588.8 24.1 34.2 -317.0 0.0
-97.4 -889.6 538.1 -312.7 62.3 0.0
55.4 -1244.7 250.1 42.0 125.2 0.0
225.5 -596.6 24.1 29.8 -312.0 0.0
-105.1 -887.8 538.1 -310.1 69.3 0.0
57.6 -1241.2 250.1 86.8 137.5 0.0
226.1 -604.0 24.1 25.9 -296.9 0.0
-112.8 -885.9 538.1 -308.5 76.9 0.0
60.7 -1237.5 250.1 124.5 147.5 0.0
226.5 -611.4 24.1 17.5 -295.7 0.0
-120.5 -883.8 538.1 -306.2 83.3 0.0
64.6 -1233.7 250.1 155.5 155.3 0.0
226.9 -618.2 24.1 12.7 -272.3 0.0
-128.0 -881.6 538.1 -301.6 87.6 0.0
68.3 -1230.3 258.1 146.8 132.8 0.0
227.1 -624.3 24.1 9.8 -241.6 0.0
-135.5 -879.3 538.1 -299.9 92.3 0.0
72.0 -1227.5 258.1 148.2 114.0 0.0
227.2 -630.4 24.1 4.3 -246.1 0.0
-143.0 -876.9 538.1 -298.5 97.8 0.0
75.7 -1225.0 258.1 148.8 98.1 0.0
227.7 -637.5 24.1 18.1 -284.6 0.0
-150.4 -874.3 538.1 -296.5 102.3 0.0
79.4 -1222.9 258.1 150.2 84.4 0.0
228.4 -645.5 24.1 29.6 -317.5 0.0
-157.8 -871.7 538.1 -294.8 105.8 0.0
82.6 -1219.2 258.1 124.7 149.2 0.0
229.3 -653.4 24.1 33.7 -316.6 0.0
-165.1 -869.0 538.1 -293.5 109.1 0.0
85.1 -1214.1 266.1 103.1 204.2 0.0
230.2 -661.1 24.1 35.9 -308.5 0.0
-172.4 -866.2 538.1 -289.9 112.3 0.0
87.3 -1207.8 266.1 84.6 251.7 0.0
231.1 -668.4 24.1 37.1 -293.4 0.0
-179.6 -863.2 538.1 -290.6 116.6 0.0
89.0 -1200.5 274.1 68.6 291.9 0.0
232.0 -675.2 24.1 35.9 -270.5 0.0
-186.9 -860.2 538.1 -289.2 119.6 0.0
89.6 -1193.0 274.1 25.6 299.7 0.0
232.8 -681.5 24.1 34.8 -250.1 0.0
-194.1 -857.2 538.1 -290.3 123.1 0.0
89.6 -1185.7 274.1 -1.9 291.7 0.0
233.7 -687.4 24.1 34.8 -237.3 0.0
-201.3 -854.0 538.1 -286.9 126.2 0.0
89.0 -1178.6 282.1 -24.4 283.6 0.0
234.6 -693.1 24.1 35.6 -227.2 0.0
-208.5 -850.8 538.1 -287.4 130.6 0.0
87.9 -1171.8 282.1 -42.3 274.9 0.0
235.6 -698.8 24.1 38.7 -229.0 0.0
-215.7 -847.4 538.1 -288.2 134.1 0.0
86.6 -1165.4 282.1 -53.8 254.1 0.0
236.7 -704.8 24.1 43.1 -238.3 0.0
-222.9 -844.0 538.1 -287.1 136.3 0.0
84.7 -1159.2 282.1 -72.7 247.1 0.0
237.8 -711.0 24.1 47.6 -250.2 0.0
-230.0 -840.4 538.1 -283.6 141.9 0.0
82.5 -1153.2 282.1 -88.0 240.3 0.0
239.2 -717.5 24.1 52.5 -259.7 0.0
-237.0 -836.7 538.1 -282.7 147.9 0.0
80.0 -1147.3 282.1 -101.9 235.4 0.0
240.6 -724.3 24.1 58.1 -273.8 0.0
-244.0 -832.9 538.1 -280.1 151.9 0.0
77.3 -1141.9 282.1 -107.4 219.0 0.0
242.2 -731.6 24.1 63.3 -288.1 0.0
-251.0 -829.1 538.1 -277.9 155.1 0.0
74.4 -1136.6 282.1 -116.5 209.0 0.0
243.9 -739.0 24.1 66.7 -297.6 0.0
-257.5 -825.8 538.1 -262.1 131.3 0.0
71.2 -1131.6 282.1 -126.0 202.2 0.0
245.6 -746.5 24.1 69.9 -302.1 0.0
-263.9 -823.0 538.1 -254.0 111.1 0.0
67.9 -1126.7 282.1 -134.4 196.7 0.0
247.4 -754.2 24.1 73.0 -306.6 0.0
-270.0 -820.7 538.1 -244.2 93.7 0.0
63.9 -1121.7 282.1 -157.9 198.8 0.0
249.3 -761.9 24.1 75.1 -308.6 0.0
-275.9 -818.7 538.1 -236.1 79.1 0.0
59.8 -1116.9 282.1 -165.9 191.9 0.0
-992.0 192.0 293.0 0.0 0.0 0.0
251.2 -769.6 24.1 76.2 -308.3 0.0
-282.1 -817.1 538.1 -250.1 61.8 0.0
55.5 -1112.2 282.1 -173.0 186.3 0.0
-992.0 192.0 286.8 0.0 0.0 -100.0
253.2 -777.3 24.1 80.7 -308.1 0.0
-288.5 -815.9 538.1 -256.1 47.8 0.0
50.9 -1107.7 282.1 -181.3 183.3 0.0
-992.0 192.0 284.0 0.0 0.0 -120.0
255.3 -785.0 24.1 84.3 -306.8 0.0
-295.0 -815.0 538.1 -259.7 36.2 0.0
45.5 -1102.9 282.1 -216.2 189.3 0.0
-992.0 192.0 282.1 0.0 0.0 0.1
257.5 -792.6 24.1 87.6 -305.8 0.0
-301.6 -814.4 538.1 -263.8 26.2 0.0
39.9 -1098.3 282.1 -226.9 184.2 0.0
-992.0 192.0 282.1 0.0 0.0 0.0
259.8 -800.3 24.1 90.3 -304.8 0.0
-308.7 -814.1 538.1 -281.2 12.0 0.0
34.0 -1093.8 282.1 -234.9 179.6 0.0
-992.0 192.0 282.1 0.0 0.0 0.0
261.6 -808.0 24.1 70.9 -308.0 0.0
-315.7 -814.0 538.1 -282.0 2.5 0.0
27.9 -1089.4 282.1 -242.6 176.1 0.0
-990.4 190.9 282.1 65.9 -44.2 0.0
262.9 -815.7 24.1 54.4 -311.0 0.0
-322.8 -814.2 538.1 -283.3 -5.8 0.0
20.8 -1085.5 282.1 -285.1 158.5 0.0
-987.4 188.9 282.1 119.6 -79.8 0.0
263.9 -823.5 24.1 40.5 -312.0 0.0
-329.8 -814.5 538.1 -282.0 -12.5 0.0
13.2 -1081.9 282.1 -303.5 141.7 0.0
-983.2 186.1 282.1 167.7 -111.8 0.0
264.6 -831.4 24.1 28.6 -315.3 0.0
-337.1 -815.1 538.1 -290.4 -23.4 0.0
5.6 -1078.8 282.1 -302.8 125.5 0.0
-978.0 182.6 282.1 208.5 -139.1 0.0
265.2 -838.1 24.1 24.3 -268.0 0.0
-344.3 -815.8 538.1 -288.7 -30.7 0.0
-1.9 -1076.0 282.1 -302.0 111.6 0.0
-971.9 178.6 282.1 243.1 -162.6 0.0
265.8 -843.8 24.1 20.6 -227.8 0.0
-351.4 -816.7 538.1 -284.7 -36.2 0.0
-9.3 -1073.0 282.1 -294.8 119.6 0.0
-965.3 174.1 282.1 263.5 -177.1 0.0
266.2 -849.1 24.1 15.5 -210.1 0.0
-358.4 -817.7 538.1 -278.4 -40.1 0.0
-16.6 -1069.8 282.1 -291.9 128.2 0.0
-958.7 169.7 282.1 263.3 -177.4 0.0
266.4 -854.3 24.1 9.3 -209.4 0.0
-365.6 -819.1 538.1 -288.7 -52.4 0.0
-23.8 -1066.4 282.1 -288.0 134.8 0.0
-952.2 165.3 282.1 261.1 -176.1 0.0
266.6 -858.8 24.1 7.9 -178.0 0.0
-372.7 -820.5 538.1 -284.0 -58.0 0.0
-30.9 -1062.9 282.1 -286.5 141.7 0.0
-945.7 160.9 282.1 259.0 -174.8 0.0
266.8 -862.5 24.1 6.7 -151.3 0.0
-379.6 -822.1 538.1 -277.3 -61.7 0.0
-38.0 -1059.1 282.1 -280.8 152.1 0.0
-939.3 156.6 282.1 254.8 -172.0 0.0
266.8 -866.1 24.1 2.8 -140.6 0.0
-386.5 -823.7 538.1 -273.4 -65.8 0.0
-44.9 -1055.0 282.1 -276.3 161.3 0.0
-933.1 152.4 282.1 250.6 -169.2 0.0
266.8 -869.5 24.1 -2.9 -139.9 0.0
-393.9 -826.2 538.1 -296.4 -98.4 0.0
-51.6 -1050.9 282.1 -270.8 167.6 0.0
-927.0 148.3 282.1 244.3 -165.0 0.0
266.0 -874.4 24.1 -30.9 -193.0 0.0
-401.2 -828.9 538.1 -292.4 -110.2 0.0
-58.3 -1046.5 282.1 -268.1 174.8 0.0
-921.1 142.9 282.1 235.9 -213.8 0.0
264.6 -880.3 24.1 -54.6 -238.2 0.0
-408.3 -831.8 538.1 -284.7 -117.4 0.0
-64.1 -1041.2 282.1 -231.3 210.2 0.0
-915.4 136.6 282.1 227.6 -253.2 0.0
262.7 -887.2 24.1 -74.7 -276.6 0.0
-415.3 -835.0 538.1 -279.9 -124.7 0.0
-69.1 -1035.4 282.1 -199.2 232.5 0.0
-910.1 130.1 282.1 210.4 -259.7 0.0
260.5 -894.9 24.1 -90.8 -305.3 0.0
-422.9 -836.5 538.1 -303.3 -61.1 0.0
-73.4 -1029.7 282.1 -170.9 228.5 0.0
-905.2 123.5 282.1 195.7 -265.9 0.0
258.0 -902.2 32.1 -99.2 -294.7 0.0
-431.0 -836.7 538.1 -323.4 -7.2 0.0
-77.0 -1024.1 282.1 -146.8 224.8 0.0
-900.7 116.5 282.1 181.6 -277.1 0.0
255.3 -909.4 32.1 -106.8 -286.7 0.0
-439.5 -835.7 538.1 -340.7 38.2 0.0
-78.9 -1017.8 282.1 -72.7 251.0 0.0
-896.5 109.5 282.1 167.9 -281.6 0.0
252.5 -916.4 40.1 -112.1 -277.6 0.0
-448.0 -834.1 538.1 -339.0 66.0 0.0
-79.1 -1011.0 282.1 -9.9 273.4 0.0
-892.6 102.4 282.1 156.1 -285.0 0.0
249.6 -923.1 40.1 -116.1 -269.2 0.0
-456.2 -831.7 538.1 -329.8 93.9 0.0
-78.0 -1003.7 282.1 43.8 292.2 0.0
-888.9 95.2 282.1 146.1 -288.0 0.0
248.0 -930.2 48.1 -65.7 -284.7 0.0
-464.0 -829.0 538.1 -312.6 109.1 0.0
-75.8 -996.0 282.1 89.0 308.5 0.0
-885.6 88.0 282.1 133.1 -285.5 0.0
247.4 -937.7 48.1 -22.1 -299.7 0.0
-471.5 -826.0 538.1 -297.7 121.6 0.0
-74.3 -988.2 282.1 60.3 310.2 0.0
-882.6 81.0 282.1 121.4 -280.2 0.0
247.8 -945.4 56.1 13.7 -310.3 0.0
-478.6 -822.7 538.1 -284.7 131.9 0.0
-73.2 -981.0 282.1 43.1 289.1 0.0
-879.7 74.0 282.1 112.9 -282.1 0.0
248.6 -953.0 56.1 35.1 -303.6 0.0
-485.6 -818.7 538.1 -282.4 158.5 0.0
-72.4 -974.4 282.1 31.6 261.4 0.0
-877.1 66.9 282.1 105.7 -283.7 0.0
250.0 -960.2 56.1 55.7 -286.6 0.0
-492.6 -814.3 538.1 -276.7 177.2 0.0
-72.1 -967.9 282.1 14.6 260.9 0.0
-874.7 59.7 282.1 96.7 -286.0 0.0
251.9 -967.1 64.1 75.5 -274.7 0.0
-499.3 -809.5 538.1 -267.8 188.8 0.0
-72.3 -961.0 282.1 -10.0 276.5 0.0
-872.5 52.6 282.1 89.0 -287.2 0.0
254.2 -973.7 64.1 92.1 -264.1 0.0
-505.7 -804.7 538.1 -256.9 194.7 0.0
-73.1 -953.6 282.1 -33.0 294.4 0.0
-870.4 45.3 282.1 82.4 -288.2 0.0
256.9 -980.0 72.1 105.5 -254.5 0.0
-511.9 -799.4 538.1 -248.2 211.1 0.0
-74.4 -946.0 282.1 -50.8 305.9 0.0
-868.5 38.1 282.1 76.8 -289.0 0.0
259.0 -987.4 72.1 84.9 -294.3 0.0
-517.8 -793.9 538.1 -236.6 218.7 0.0
-76.0 -938.2 282.1 -65.2 313.7 0.0
-866.8 30.7 282.1 68.7 -295.8 0.0
260.7 -995.3 80.1 67.8 -317.5 0.0
-523.5 -788.3 538.1 -226.7 225.1 0.0
-78.0 -930.3 282.1 -78.7 314.6 0.0
-865.2 23.3 282.1 61.6 -298.9 0.0
262.0 -1003.3 80.1 54.5 -319.1 0.0
-528.9 -782.5 538.1 -218.3 230.6 0.0
-80.2 -922.5 282.1 -88.4 310.7 0.0
-863.8 15.8 282.1 55.4 -299.3 0.0
263.1 -1011.3 88.1 43.4 -318.2 0.0
-534.2 -776.1 538.1 -210.6 256.7 0.0
-82.6 -914.9 282.1 -95.1 304.4 0.0
-862.6 8.3 282.1 50.2 -299.7 0.0
263.5 -1019.0 88.1 16.1 -311.2 0.0
-539.1 -769.6 538.1 -197.1 262.3 0.0
-85.0 -907.6 282.1 -98.2 294.2 0.0
-861.6 1.0 282.1 38.6 -292.9 0.0
263.4 -1026.7 96.1 -7.0 -304.8 0.0
-543.8 -762.9 538.1 -185.6 267.0 0.0
-87.2 -901.1 282.1 -87.9 257.7 0.0
-860.9 -6.3 282.1 28.4 -291.8 0.0
262.7 -1034.1 96.1 -26.2 -298.4 0.0
-548.2 -756.1 538.1 -175.9 271.0 0.0
-89.6 -894.8 282.1 -93.1 251.4 0.0
-860.4 -13.6 282.1 19.6 -290.9 0.0
261.6 -1041.5 104.1 -43.1 -294.7 0.0
-552.9 -750.1 538.1 -188.9 241.9 0.0
-92.0 -888.7 282.1 -97.6 246.0 0.0
-860.1 -20.9 282.1 12.2 -290.1 0.0
260.3 -1049.0 104.1 -54.3 -299.2 0.0
-557.8 -744.7 538.1 -196.5 216.2 0.0
-94.6 -882.6 282.1 -102.4 243.3 0.0
-860.0 -27.8 282.1 5.1 -279.1 0.0
258.7 -1056.4 104.1 -62.1 -298.9 0.0
-562.9 -739.8 538.1 -202.9 194.3 0.0
-96.7 -877.4 282.1 -87.1 206.8 0.0
-860.0 -34.8 282.1 -2.3 -277.9 0.0
257.0 -1063.9 112.1 -69.1 -299.2 0.0
-568.1 -735.4 538.1 -208.4 175.7 0.0
-98.6 -873.0 282.1 -75.0 177.3 0.0
-860.3 -41.7 282.1 -8.5 -276.9 0.0
255.1 -1071.4 112.1 -75.1 -299.7 0.0
-574.4 -731.8 538.1 -252.0 146.5 0.0
-100.6 -868.6 282.1 -79.4 174.2 0.0
-860.6 -48.6 282.1 -13.9 -276.0 0.0
253.7 -1079.4 120.1 -55.5 -319.6 0.0
-581.6 -728.7 538.1 -289.1 121.7 0.0
-102.7 -864.3 282.1 -84.8 173.8 0.0
-861.0 -54.8 282.1 -14.7 -249.0 0.0
252.7 -1087.3 120.1 -41.3 -317.7 0.0
-589.2 -726.2 538.1 -303.9 101.3 0.0
-104.5 -860.6 282.1 -72.1 147.7 0.0
-861.4 -60.7 282.1 -17.5 -235.7 0.0
252.0 -1095.2 128.1 -29.1 -314.1 0.0
-596.8 -724.1 538.1 -303.2 84.4 0.0
-106.1 -857.5 282.1 -61.6 126.0 0.0
-862.0 -66.6 282.1 -22.0 -234.8 0.0
251.5 -1103.0 128.1 -18.9 -310.2 0.0
-604.7 -723.4 538.1 -317.2 25.1 0.0
-107.6 -854.5 282.1 -60.8 118.3 0.0
-862.6 -72.4 282.1 -25.8 -234.0 0.0
251.7 -1107.7 136.1 8.3 -188.1 0.0
-612.9 -724.1 538.1 -329.1 -25.4 0.0
-109.2 -851.6 282.1 -64.0 116.3 0.0
-863.5 -78.7 282.1 -34.9 -250.9 0.0
252.5 -1109.8 136.1 31.0 -84.9 0.0
-621.3 -725.7 538.1 -334.0 -64.2 0.0
-109.1 -849.8 282.1 4.3 71.1 0.0
-864.5 -85.3 282.1 -42.5 -264.7 0.0
253.7 -1109.8 136.1 49.1 1.1 0.0
-629.3 -727.7 538.1 -319.6 -82.5 0.0
-107.7 -849.0 282.1 54.6 31.9 0.0
-865.7 -91.9 282.1 -45.9 -263.8 0.0
255.1 -1108.1 136.1 55.8 67.9 0.0
-637.0 -730.0 538.1 -308.0 -88.5 0.0
-105.2 -849.1 282.1 99.7 -3.2 0.0
-866.9 -98.5 282.1 -48.7 -263.1 0.0
256.4 -1108.3 136.1 51.3 -11.5 0.0
-644.6 -732.4 538.1 -304.1 -96.4 0.0
-101.5 -849.9 282.1 148.5 -33.0 0.0
-868.1 -104.6 282.1 -47.4 -243.6 0.0
257.4 -1110.4 136.1 41.8 -81.8 0.0
-652.1 -734.9 538.1 -300.7 -103.2 0.0
-96.7 -851.5 282.1 191.9 -62.8 0.0
-869.4 -110.7 282.1 -50.9 -242.5 0.0
258.4 -1114.0 136.1 40.3 -145.7 0.0
-659.5 -737.7 538.1 -297.8 -108.9 0.0
-90.9 -853.7 282.1 232.2 -89.9 0.0
-870.7 -116.7 282.1 -53.8 -241.6 0.0
259.4 -1119.1 136.1 40.3 -203.0 0.0
-666.5 -740.6 538.1 -279.8 -115.6 0.0
-84.2 -856.6 282.1 267.6 -113.3 0.0
-872.1 -122.7 282.1 -56.4 -240.9 0.0
259.6 -1124.9 144.1 4.7 -231.7 0.0
-673.3 -743.7 538.1 -270.4 -126.5 0.0
-77.0 -859.8 282.1 290.5 -130.0 0.0
-873.7 -128.8 282.1 -63.5 -243.4 0.0
258.9 -1131.3 144.1 -25.2 -255.6 0.0
-679.9 -747.1 538.1 -262.4 -135.7 0.0
-69.9 -863.1 282.1 282.3 -131.1 0.0
-875.4 -134.8 282.1 -67.9 -241.6 0.0
257.9 -1137.8 152.1 -42.8 -260.2 0.0
-686.2 -750.7 538.1 -255.7 -143.5 0.0
-63.2 -866.3 282.1 267.0 -127.2 0.0
-877.2 -140.8 282.1 -71.7 -240.0 0.0
256.8 -1143.7 152.1 -44.2 -236.9 0.0
-693.5 -753.6 538.1 -291.9 -114.3 0.0
-57.0 -869.3 282.1 247.8 -120.2 0.0
-879.0 -146.8 281.9 -71.7 -240.0 -20.0
255.7 -1146.8 152.1 -42.7 -123.4 0.0
-701.3 -755.8 538.1 -310.7 -90.8 0.0
-51.5 -872.0 282.1 220.1 -107.7 0.0
-880.8 -152.8 282.1 -71.0 -239.7 0.0
254.6 -1147.4 152.1 -41.8 -25.7 0.0
-709.0 -757.6 538.1 -308.8 -72.6 0.0
-46.4 -874.6 282.1 206.0 -103.9 0.0
-882.1 -157.8 282.1 -53.1 -199.9 0.0
253.8 -1145.9 152.1 -33.9 61.4 0.0
-716.7 -759.1 538.1 -307.3 -57.1 0.0
-40.6 -877.7 282.1 229.2 -123.7 0.0
-883.0 -162.0 282.1 -37.9 -166.1 0.0
253.0 -1142.8 152.1 -31.7 126.2 0.0
-724.0 -759.8 538.1 -290.0 -30.4 0.0
-34.6 -881.1 282.1 242.1 -136.3 0.0
-883.7 -165.4 282.1 -24.9 -137.4 0.0
252.9 -1138.2 152.1 -5.3 183.6 0.0
-730.9 -760.0 538.1 -275.6 -7.5 0.0
-28.4 -884.7 282.1 249.0 -143.9 0.0
-884.3 -169.9 282.1 -24.8 -180.3 0.0
253.3 -1132.4 152.1 16.8 231.9 0.0
-737.4 -759.7 538.1 -263.4 11.9 0.0
-22.5 -888.2 282.1 235.7 -142.3 0.0
-884.9 -175.3 282.1 -24.8 -216.8 0.0
253.8 -1126.4 151.9 18.9 239.1 -20.0
-743.8 -759.0 538.1 -253.0 28.5 0.0
-16.8 -891.8 282.1 227.8 -143.9 0.0
-885.5 -181.5 282.1 -24.7 -247.8 0.0
254.3 -1120.3 151.1 20.8 245.8 -40.0
-749.4 -760.3 538.1 -224.6 -51.4 0.0
-11.4 -895.3 282.1 214.7 -140.0 0.0
-886.1 -187.9 282.1 -23.4 -253.6 0.0
254.8 -1114.3 149.9 21.5 239.0 -60.0
-752.9 -763.3 538.1 0.2 -119.3 0.0
-6.5 -898.6 282.1 196.4 -130.6 0.0
-886.7 -194.8 282.1 -23.2 -276.3 0.0
255.4 -1108.5 148.1 22.2 231.7 -80.0
-752.9 -767.7 538.1 0.0 -177.1 0.0
-0.8 -900.4 282.1 229.8 -72.6 0.0
-887.2 -201.9 282.1 -22.4 -283.9 0.0
255.9 -1102.9 145.9 23.0 224.0 -100.0
-752.9 -773.4 538.1 0.0 -226.1 0.0
5.8 -901.0 282.1 261.1 -22.0 0.0
-887.8 -209.0 282.1 -21.4 -284.0 0.0
256.5 -1097.5 143.1 23.9 216.1 -120.0
-752.9 -780.1 538.1 0.0 -270.9 0.0
13.0 -900.4 282.1 289.7 22.7 0.0
-888.3 -216.1 282.1 -20.5 -284.0 0.0
257.1 -1092.3 139.9 23.8 208.2 -140.0
-752.9 -787.9 538.1 0.0 -309.0 0.0
20.9 -898.9 282.1 313.6 61.2 0.0
-888.8 -222.7 282.1 -18.6 -264.0 0.0
257.7 -1087.3 136.1 23.7 200.2 -160.0
-752.9 -795.7 538.1 0.0 -315.0 0.0
29.0 -896.4 282.1 325.3 96.7 0.0
-889.2 -228.7 282.1 -16.7 -241.4 0.0
258.3 -1082.5 131.9 23.5 192.6 -180.0
-752.9 -803.6 538.1 0.0 -315.0 0.0
36.7 -893.8 282.1 310.3 107.8 0.0
-889.6 -234.7 282.1 -16.0 -238.9 0.0
258.9 -1077.8 127.1 23.4 185.3 -200.0
-752.9 -811.5 538.1 -0.3 -315.0 0.0
44.1 -890.9 282.1 292.9 113.5 0.0
-890.0 -240.7 282.1 -15.6 -238.9 0.0
259.5 -1073.1 121.9 21.8 190.6 -220.0
-752.9 -819.4 538.1 -0.5 -315.0 0.0
50.9 -888.0 282.1 275.1 116.1 0.0
-890.3 -246.8 282.1 -15.1 -244.0 0.0
260.0 -1068.2 116.1 20.2 196.2 -240.0
-752.9 -827.2 538.1 -0.7 -315.0 0.0
57.7 -884.8 282.1 268.7 129.4 0.0
-890.7 -252.9 282.1 -14.5 -244.0 0.0
260.4 -1063.1 112.1 18.5 201.9 0.3
-752.9 -835.1 538.1 -0.9 -315.0 0.0
64.0 -881.5 282.1 253.3 131.9 0.0
-891.0 -259.0 282.1 -13.9 -244.0 0.0
260.4 -1057.4 112.1 -1.1 227.8 0.0
-754.3 -841.0 538.1 -52.9 -235.9 0.0
70.0 -878.2 282.1 238.8 132.8 0.0
-891.4 -265.1 282.1 -13.5 -244.0 0.0
259.2 -1051.1 112.1 -47.4 250.7 0.0
-756.7 -845.2 538.1 -97.1 -168.7 0.0
75.7 -874.8 282.1 229.3 136.2 0.0
-891.7 -271.4 282.1 -13.4 -251.6 0.0
257.9 -1044.7 111.9 -51.9 256.3 -20.0
-760.1 -848.0 538.1 -134.7 -111.5 0.0
81.5 -871.0 282.1 230.3 151.2 0.0
-892.0 -277.6 282.1 -13.1 -251.6 0.0
256.5 -1038.2 111.1 -56.3 261.6 -40.0
-764.2 -849.6 538.1 -166.7 -63.0 0.0
87.0 -867.1 282.1 222.5 155.5 0.0
-892.4 -283.9 282.1 -12.7 -251.7 0.0
255.0 -1031.5 109.9 -60.4 266.6 -60.0
-769.7 -850.8 538.1 -219.6 -49.1 0.0
92.5 -863.1 282.1 217.4 160.7 0.0
-892.7 -290.2 282.1 -12.5 -251.7 0.0
253.5 -1025.1 108.1 -60.1 258.9 -80.0
-776.3 -851.7 538.1 -264.7 -37.3 0.0
97.8 -858.9 282.1 212.9 165.0 0.0
-893.0 -296.0 282.1 -11.4 -231.5 0.0
252.0 -1018.8 105.9 -59.7 251.0 -100.0
-783.9 -852.4 538.1 -303.0 -27.2 0.0
103.2 -854.3 282.1 218.8 183.9 0.0
-893.2 -301.8 282.1 -11.1 -231.5 0.0
250.5 -1012.7 103.1 -59.5 243.1 -120.0
-791.8 -852.9 538.1 -314.1 -19.9 0.0
108.6 -849.6 282.1 215.3 189.9 0.0
-893.5 -307.6 282.1 -10.9 -231.6 0.0
249.0 -1006.8 99.9 -59.2 235.2 -140.0
-799.6 -853.2 538.1 -314.4 -13.2 0.0
113.9 -844.7 282.1 212.7 195.7 0.0
-893.8 -313.4 282.1 -10.7 -231.6 0.0
247.6 -1001.1 96.1 -58.1 227.3 -160.0
-807.5 -853.4 538.1 -314.0 -7.5 0.0
119.3 -839.6 282.1 212.4 202.6 0.0
-894.0 -319.2 282.1 -10.6 -234.1 0.0
246.1 -995.7 91.9 -57.1 219.4 -180.0
-815.3 -853.5 538.1 -313.6 -2.7 0.0
124.6 -834.1 282.1 215.5 220.1 0.0
-894.3 -325.1 282.1 -10.5 -234.1 0.0
244.7 -990.4 87.1 -56.0 211.6 -200.0
-823.1 -853.5 538.1 -313.3 1.3 0.0
129.9 -828.5 282.1 211.7 226.0 0.0
-894.6 -330.9 282.1 -10.3 -234.1 0.0
243.4 -985.3 81.9 -54.8 203.7 -220.0
-831.0 -853.3 538.1 -315.8 5.8 0.0
135.2 -822.7 282.1 208.7 231.4 0.0
-894.8 -336.8 282.1 -10.2 -234.1 0.0
242.2 -980.1 76.1 -48.8 207.7 -240.0
-838.9 -853.1 538.1 -315.5 9.4 0.0
140.3 -816.8 282.1 206.2 236.4 0.0
-895.1 -342.5 282.1 -9.7 -229.1 0.0
241.1 -974.8 69.9 -42.7 211.7 -260.0
-846.8 -852.8 538.1 -315.2 12.4 0.0
145.2 -810.1 282.1 194.8 269.2 0.0
-895.3 -348.2 282.1 -9.4 -229.1 0.0
240.2 -969.4 64.1 -36.8 215.6 0.3
-854.7 -852.4 538.1 -314.9 15.0 0.0
149.6 -803.2 282.1 178.5 274.0 0.0
-895.5 -354.0 282.1 -9.2 -229.1 0.0
240.9 -963.8 64.1 28.1 222.5 0.0
-862.5 -852.0 538.1 -314.8 17.6 0.0
153.7 -796.3 282.1 163.8 275.6 0.0
-895.8 -359.7 282.1 -9.0 -229.1 0.0
243.4 -958.7 64.1 101.9 204.1 0.0
-870.4 -851.5 538.1 -314.6 19.8 0.0
157.5 -789.4 282.1 152.1 278.6 0.0
-896.0 -365.4 282.1 -8.2 -226.7 0.0
246.2 -953.6 63.9 109.7 205.6 -20.0
-878.3 -850.9 538.1 -314.4 21.7 0.0
161.7 -782.8 282.1 166.0 261.9 0.0
-896.2 -371.0 282.1 -7.6 -226.7 0.0
249.1 -948.4 63.1 117.4 207.1 -40.0
-886.1 -850.3 538.1 -314.2 23.4 0.0
166.1 -776.6 282.1 175.8 246.6 0.0
-896.3 -376.7 282.1 -7.1 -226.7 0.0
252.2 -943.2 61.9 125.1 208.6 -60.0
-894.0 -849.7 538.1 -314.1 25.2 0.0
170.6 -770.9 282.1 181.1 231.1 0.0
-896.5 -382.4 282.1 -6.7 -226.7 0.0
255.4 -938.2 60.1 126.7 200.9 -80.0
-901.8 -849.0 538.1 -313.9 26.7 0.0
175.3 -765.4 282.1 186.3 218.6 0.0
-896.6 -388.7 282.1 -5.3 -254.5 0.0
258.6 -933.4 57.9 128.4 193.3 -100.0
-909.7 -848.3 538.1 -313.8 28.0 0.0
179.3 -758.9 282.1 162.9 260.6 0.0
-896.7 -395.2 282.1 -4.3 -259.6 0.0
261.9 -928.7 55.1 130.0 185.7 -120.0
-917.5 -847.6 538.1 -313.7 29.1 0.0
182.9 -751.5 282.1 143.3 296.3 0.0
-896.8 -401.7 282.1 -3.4 -259.6 0.0
265.1 -924.3 51.9 131.6 178.1 -140.0
-925.4 -846.8 538.1 -316.1 30.8 0.0
186.0 -743.9 282.1 124.9 302.8 0.0
-896.9 -408.2 282.1 -2.7 -259.5 0.0
268.4 -920.0 48.1 129.7 170.6 -160.0
-933.3 -846.0 538.1 -315.9 31.9 0.0
188.8 -736.2 282.1 109.4 308.7 0.0
-896.9 -414.1 282.1 -2.1 -234.4 0.0
271.6 -915.9 43.9 127.9 163.1 -180.0
-941.2 -845.2 538.1 -315.8 32.9 0.0
190.9 -728.2 282.1 86.8 318.9 0.0
-897.0 -419.7 282.1 -1.6 -226.8 0.0
274.7 -912.0 39.1 126.0 155.6 -200.0
-949.1 -844.4 538.1 -315.7 33.7 0.0
192.7 -720.2 282.1 68.0 322.0 0.0
-897.0 -425.4 282.1 -1.1 -226.8 0.0
277.8 -908.3 33.9 124.2 148.1 -220.0
-957.0 -843.5 538.1 -315.6 34.9 0.0
193.9 -712.0 282.1 51.9 325.5 0.0
-897.0 -431.1 282.1 -0.7 -226.8 0.0
280.8 -904.5 32.1 118.1 151.3 0.2
-964.9 -842.6 538.1 -315.5 35.9 0.0
194.9 -703.9 282.1 39.0 323.6 0.0
-897.0 -437.4 282.1 0.2 -252.0 0.0
281.8 -900.5 32.1 40.1 160.1 0.0
-972.8 -841.7 538.1 -315.4 36.7 0.0
195.4 -695.7 282.1 20.2 330.7 0.0
-897.0 -443.7 282.1 0.7 -254.5 0.0
281.2 -896.4 32.1 -25.1 167.0 0.0
-980.6 -840.8 538.1 -315.3 37.4 0.0
195.6 -687.5 282.1 5.4 328.4 0.0
-897.0 -450.1 282.1 1.2 -254.5 0.0
280.4 -892.1 31.9 -30.9 170.1 -20.0
-988.5 -839.8 538.1 -315.2 38.9 0.0
195.4 -679.4 282.1 -5.9 322.6 0.0
-896.9 -456.5 282.1 1.6 -254.5 0.0
279.5 -887.7 31.1 -33.8 177.3 -40.0
-996.4 -838.8 538.1 -315.0 40.1 0.0
195.0 -671.5 282.1 -15.8 317.9 0.0
-896.9 -462.4 282.1 1.9 -239.4 0.0
278.6 -883.1 29.9 -36.6 184.5 -60.0
-1004.3 -837.8 538.1 -314.9 41.1 0.0
194.1 -663.3 282.1 -36.1 325.6 0.0
-896.8 -468.4 282.1 2.4 -239.4 0.0
277.6 -878.3 28.1 -39.6 191.8 -80.0
-1012.1 -836.7 538.1 -314.7 42.0 0.0
192.9 -655.4 282.1 -46.9 316.0 0.0
-896.8 -474.4 282.1 2.8 -239.4 0.0
276.6 -873.3 25.9 -42.5 199.2 -100.0
-1020.0 -835.6 538.1 -314.6 43.6 0.0
191.6 -647.8 282.1 -54.6 304.4 0.0
-896.7 -480.4 282.1 3.2 -239.4 0.0
275.4 -868.1 24.1 -45.9 206.2 0.1
-1027.9 -834.5 538.1 -314.4 45.0 0.0
190.1 -640.5 282.1 -60.0 291.5 0.0
-896.6 -486.8 282.1 4.8 -254.5 0.0
273.6 -862.0 24.1 -73.0 245.6 0.0
-1035.7 -833.3 538.1 -314.2 46.1 0.0
187.5 -632.9 282.1 -104.1 305.9 0.0
-896.4 -493.1 282.1 5.6 -254.5 0.0
271.2 -855.0 24.1 -96.2 279.0 0.0
-1043.6 -832.2 538.1 -314.0 47.1 0.0
184.3 -625.3 282.1 -127.0 302.8 0.0
-896.3 -499.5 282.1 6.3 -254.4 0.0
268.4 -847.6 24.1 -110.4 296.4 0.0
-1051.2 -829.9 538.1 -304.8 88.9 0.0
180.9 -618.1 282.1 -134.2 286.4 0.0
-896.1 -505.8 282.1 6.9 -254.4 0.0
265.5 -840.5 24.1 -117.4 283.5 0.0
-1058.7 -826.8 538.1 -299.5 127.4 0.0
177.4 -611.3 282.1 -141.4 273.4 0.0
-895.0 -512.9 282.1 41.6 -282.1 0.0
262.3 -833.6 24.1 -126.4 276.7 0.0
-1066.0 -822.8 538.1 -291.9 156.5 0.0
176.1 -605.2 282.1 -53.8 243.8 0.0
-893.3 -520.6 282.1 71.5 -306.9 0.0
259.0 -826.8 24.1 -133.9 270.8 0.0
-1072.9 -818.6 538.1 -277.2 170.3 0.0
176.6 -599.7 282.1 23.1 219.3 0.0
-891.2 -528.1 282.1 82.8 -301.7 0.0
255.5 -820.2 24.1 -140.5 266.1 0.0
-1078.8 -815.0 538.1 -235.7 144.7 0.0
178.9 -594.8 282.1 91.1 198.7 0.0
-888.9 -535.5 282.1 92.1 -296.7 0.0
252.5 -812.6 24.1 -118.5 303.0 0.0
-1083.8 -811.9 538.1 -200.3 123.0 0.0
182.7 -590.2 282.1 150.0 181.6 0.0
-886.3 -542.9 282.1 105.0 -294.4 0.0
250.0 -804.9 24.1 -100.0 308.8 0.0
-1088.1 -809.3 538.1 -170.3 104.6 0.0
183.9 -586.2 282.1 48.5 161.8 0.0
-883.4 -550.1 282.1 113.8 -288.9 0.0
247.9 -797.2 24.1 -84.6 308.2 0.0
-1091.7 -807.0 538.1 -145.5 92.7 0.0
182.9 -582.6 282.1 -37.8 144.9 0.0
-880.4 -557.2 282.1 121.2 -284.2 0.0
246.1 -789.4 24.1 -71.4 310.6 0.0
-1094.4 -804.2 538.1 -106.4 110.2 0.0
180.2 -579.3 282.1 -111.2 129.8 0.0
-877.2 -564.2 282.1 127.5 -280.2 0.0
246.2 -781.8 24.1 1.3 305.0 0.0
-1096.2 -801.1 538.1 -73.1 125.1 0.0
175.8 -576.4 282.1 -173.6 117.4 0.0
-873.6 -571.3 282.1 142.5 -283.7 0.0
247.7 -774.3 24.1 63.2 300.1 0.0
-1097.3 -797.6 538.1 -44.8 137.8 0.0
170.1 -573.9 282.1 -227.6 100.0 0.0
-869.9 -578.3 282.1 149.2 -278.6 0.0
250.6 -766.9 24.1 115.3 295.7 0.0
-1097.8 -793.9 538.1 -20.7 148.6 0.0
163.3 -571.7 282.1 -272.8 85.0 0.0
-866.0 -585.1 282.1 154.9 -274.3 0.0
254.6 -759.6 24.1 159.4 292.0 0.0
-1096.6 -789.9 538.1 48.1 159.7 0.0
155.5 -569.9 282.1 -311.3 72.4 0.0
-862.0 -591.9 282.1 159.8 -270.7 0.0
257.6 -751.5 24.1 118.5 325.7 0.0
-1094.0 -785.7 538.1 106.6 169.2 0.0
147.6 -568.4 282.1 -317.3 61.7 0.0
-857.7 -598.6 282.1 171.8 -269.6 0.0
259.7 -742.8 24.1 85.7 344.3 0.0
-1090.1 -781.3 538.1 156.3 177.2 0.0
139.6 -567.2 282.1 -321.5 49.0 0.0
-853.3 -605.2 282.1 177.8 -264.1 0.0
261.3 -734.4 24.1 62.7 338.8 0.0
-1085.1 -776.7 538.1 198.5 184.0 0.0
131.5 -566.2 282.1 -320.5 38.7 0.0
-848.7 -611.7 282.1 183.0 -259.4 0.0
262.3 -726.0 24.1 42.6 335.3 0.0
-1080.9 -772.7 538.1 168.7 156.4 0.0
123.5 -565.5 282.1 -319.9 30.0 0.0
-844.0 -618.1 282.1 187.3 -255.4 0.0
262.7 -717.4 24.1 14.4 342.4 0.0
-1077.3 -769.4 538.1 143.4 133.0 0.0
115.6 -564.9 282.1 -319.7 22.3 0.0
-838.5 -624.4 282.1 220.2 -252.6 0.0
262.6 -709.1 24.1 -4.6 335.2 0.0
-1074.2 -766.6 538.1 121.9 113.0 0.0
108.1 -564.5 282.1 -298.5 15.9 0.0
-832.8 -630.4 282.1 228.7 -238.7 0.0
262.1 -700.8 24.1 -21.1 331.0 0.0
-1071.6 -764.2 538.1 103.6 96.1 0.0
100.6 -564.3 282.1 -297.9 8.2 0.0
-826.9 -636.1 282.1 235.6 -226.8 0.0
261.2 -692.6 24.1 -34.8 326.2 0.0
-1069.5 -762.1 538.1 87.1 85.3 0.0
93.2 -564.2 282.1 -297.0 1.9 0.0
-820.9 -641.5 282.1 241.5 -216.6 0.0
259.8 -684.5 24.1 -56.0 325.5 0.0
-1067.7 -760.0 538.1 71.8 81.3 0.0
85.8 -564.3 282.1 -296.5 -3.7 0.0
-815.9 -648.0 282.1 198.9 -260.0 0.0
258.0 -676.5 24.1 -69.9 317.6 0.0
-1066.2 -758.1 538.1 58.7 77.9 0.0
79.5 -564.4 282.1 -252.0 -3.1 0.0
-811.9 -655.4 282.1 162.6 -297.0 0.0
256.0 -668.7 24.1 -83.3 313.5 0.0
-1065.0 -756.2 538.1 47.3 74.9 0.0
74.2 -564.5 282.1 -214.2 -2.7 0.0
-808.5 -663.3 282.1 132.7 -317.2 0.0
253.6 -661.0 24.1 -93.1 307.7 0.0
-1064.3 -754.3 538.1 29.0 77.3 0.0
69.1 -564.6 282.1 -201.4 -5.9 0.0
-805.8 -671.2 282.1 108.9 -315.2 0.0
250.9 -653.5 24.1 -110.4 300.0 0.0
-1064.0 -752.3 538.1 13.3 78.3 0.0
64.1 -564.9 282.1 -200.5 -10.4 0.0
-803.9 -679.8 282.1 74.7 -342.0 0.0
247.8 -646.2 24.1 -124.4 292.3 0.0
-1064.0 -750.4 538.1 0.5 78.6 0.0
59.8 -565.1 282.1 -170.4 -8.9 0.0
-802.6 -688.2 282.1 52.5 -336.6 0.0
244.4 -639.1 24.1 -134.4 283.7 0.0
-1064.2 -748.4 538.1 -9.9 78.6 0.0
56.2 -565.3 282.1 -144.9 -7.5 0.0
-801.8 -696.5 282.1 33.5 -332.1 0.0
240.8 -632.2 24.1 -143.1 276.6 0.0
-1064.8 -746.5 538.1 -22.6 76.8 0.0
52.9 -565.5 282.1 -133.3 -9.2 0.0
-801.4 -704.7 282.1 17.4 -328.2 0.0
237.2 -626.1 24.1 -145.7 245.6 0.0
-1065.6 -744.6 538.1 -32.9 75.4 0.0
49.6 -565.9 282.1 -132.3 -13.0 0.0
-801.5 -713.1 282.1 -6.9 -335.0 0.0
233.2 -620.5 24.1 -158.0 223.7 0.0
-1066.4 -742.7 537.9 -34.3 76.8 -20.0
48.5 -566.4 282.1 -43.1 -20.0 0.0
-802.1 -721.3 282.1 -22.7 -328.6 0.0
229.1 -615.4 24.1 -167.0 204.3 0.0
-1067.3 -740.7 537.1 -35.3 77.6 -40.0
49.3 -566.9 282.1 32.9 -22.0 0.0
-803.0 -729.4 282.1 -36.2 -323.5 0.0
224.7 -610.7 24.1 -173.9 187.5 0.0
-1068.2 -738.9 535.9 -33.5 71.6 -60.0
51.3 -567.4 282.1 77.9 -21.3 0.0
-804.2 -737.3 282.1 -47.7 -319.0 0.0
220.4 -604.8 24.1 -173.4 234.5 0.0
-1069.0 -737.3 534.1 -31.7 65.7 -80.0
54.5 -568.1 282.1 128.4 -26.1 0.0
-805.8 -745.0 282.1 -62.1 -306.9 0.0
216.0 -598.0 24.1 -173.5 274.3 0.0
-1069.7 -735.8 531.9 -29.9 59.7 -100.0
59.0 -568.9 282.1 180.4 -31.2 0.0
-807.6 -752.5 282.1 -75.6 -298.7 0.0
212.0 -591.0 24.1 -163.5 279.3 0.0
-1070.4 -734.5 529.1 -28.1 53.7 -120.0
64.7 -569.8 282.1 228.9 -36.4 0.0
-809.8 -759.8 282.1 -87.1 -291.8 0.0
208.1 -583.9 24.1 -154.6 282.4 0.0
-1071.1 -733.3 525.9 -26.3 47.7 -140.0
71.5 -570.8 282.1 272.7 -40.9 0.0
-812.2 -766.9 282.1 -96.9 -285.8 0.0
204.5 -576.8 24.1 -145.2 284.9 0.0
-1071.7 -732.2 522.1 -24.5 41.6 -160.0
79.3 -571.9 282.1 310.6 -44.3 0.0
-815.1 -773.7 282.1 -114.9 -269.5 0.0
201.0 -569.6 24.1 -137.2 287.4 0.0
-1072.3 -731.3 517.9 -22.8 35.6 -180.0
87.1 -573.0 282.1 312.0 -43.5 0.0
-818.3 -780.0 282.1 -127.8 -253.8 0.0
197.8 -562.4 24.1 -129.7 287.1 0.0
-1072.8 -730.6 513.1 -21.0 29.6 -200.0
94.6 -574.0 282.1 299.6 -41.1 0.0
-821.8 -786.0 282.1 -138.8 -240.3 0.0
194.7 -555.2 24.1 -124.0 288.8 0.0
-1073.3 -730.0 507.9 -19.5 24.8 -220.0
101.6 -575.0 282.1 279.7 -38.0 0.0
-825.5 -791.7 282.1 -148.2 -228.9 0.0
191.8 -548.1 24.1 -117.0 286.3 0.0
-1073.7 -729.5 502.1 -18.1 20.0 -240.0
107.9 -575.8 282.1 252.2 -34.0 0.0
-830.0 -797.3 282.1 -182.5 -221.3 0.0
189.0 -540.9 24.1 -112.1 287.7 0.0
-1074.1 -729.1 495.9 -16.6 15.3 -260.0
113.6 -576.6 282.1 227.3 -30.5 0.0
-834.8 -802.4 282.1 -190.4 -204.7 0.0
186.3 -533.7 24.1 -107.3 286.4 0.0
-1074.5 -728.8 489.1 -15.2 10.5 -280.0
120.0 -577.4 282.1 257.4 -33.5 0.0
-839.7 -807.1 282.1 -197.0 -190.6 0.0
183.7 -526.6 24.1 -103.1 285.0 0.0
-1074.9 -728.6 481.9 -14.4 8.0 -300.0
127.1 -578.3 282.1 282.5 -35.9 0.0
-844.8 -811.6 282.1 -202.7 -178.6 0.0
181.2 -519.5 24.1 -98.1 281.6 0.0
-1075.2 -728.5 474.1 -13.6 5.5 -320.0
134.6 -579.3 282.1 300.0 -37.8 0.0
-850.9 -816.0 282.1 -244.0 -173.5 0.0
178.9 -512.6 24.1 -93.4 277.7 0.0
-1075.5 -728.4 465.9 -12.8 2.9 -340.0
142.2 -580.2 282.1 307.5 -38.4 0.0
-857.7 -820.1 282.1 -273.3 -167.3 0.0
176.7 -505.7 24.1 -89.1 273.7 0.0
-1075.8 -728.4 457.1 -12.1 0.4 -360.0
149.9 -581.2 282.1 307.6 -38.2 0.0
-864.8 -824.1 282.1 -281.5 -157.1 0.0
174.5 -499.0 24.1 -86.0 271.8 0.0
-1076.1 -728.4 447.9 -11.6 -1.2 -380.0
157.6 -582.1 282.1 307.6 -38.0 0.0
-871.9 -827.7 282.1 -284.5 -147.3 0.0
172.5 -492.3 24.1 -81.6 265.3 0.0
-1076.4 -728.5 438.1 -11.0 -2.7 -400.0
165.1 -583.1 282.1 300.1 -37.1 0.0
-879.5 -831.1 282.1 -304.4 -132.3 0.0
170.5 -485.8 24.1 -78.2 261.0 0.0
-1076.7 -728.6 427.9 -10.5 -4.3 -420.0
172.3 -584.0 282.1 287.6 -35.4 0.0
-887.1 -834.0 282.1 -306.1 -117.9 0.0
168.7 -479.4 24.1 -74.5 254.1 0.0
-1076.9 -728.8 417.1 -10.0 -5.8 -440.0
178.9 -584.8 282.1 265.1 -32.6 0.0
-894.8 -836.6 282.1 -307.5 -105.6 0.0
166.9 -473.2 24.1 -71.5 249.7 0.0
-1077.2 -728.9 405.9 -9.7 -6.9 -460.0
184.8 -585.5 282.1 232.6 -28.5 0.0
-902.5 -839.0 282.1 -308.7 -95.2 0.0
165.2 -467.1 24.1 -67.9 242.9 0.0
-1077.4 -729.1 394.1 -9.4 -7.9 -480.0
191.0 -586.2 282.1 247.6 -30.0 0.0
-910.4 -840.0 282.1 -314.4 -38.0 0.0
163.6 -461.2 24.1 -64.6 235.9 0.0
-1077.6 -729.4 381.9 -9.0 -8.9 -500.0
197.8 -587.0 282.1 275.2 -32.7 0.0
-918.5 -839.6 282.1 -322.5 13.5 0.0
162.0 -455.5 24.1 -62.1 231.3 0.0
-1077.8 -729.6 369.1 -8.7 -9.9 -520.0
205.2 -587.9 282.1 295.3 -34.6 0.0
-926.7 -839.2 281.9 -328.4 18.3 -20.0
160.5 -449.8 24.1 -59.9 226.7 0.0
-1078.1 -729.9 355.9 -8.7 -9.9 -540.0
213.0 -588.8 282.1 310.4 -36.0 0.0
-935.0 -838.6 281.1 -334.4 23.3 -40.0
159.1 -444.4 24.1 -56.3 217.2 0.0
-1078.3 -730.1 342.1 -8.7 -9.9 -560.0
220.9 -589.7 282.1 315.4 -36.2 0.0
-943.2 -838.0 279.9 -327.8 25.1 -60.0
157.7 -438.7 24.1 -56.8 224.9 0.0
-1078.5 -730.3 327.9 -8.7 -9.9 -580.0
228.7 -590.6 282.1 315.4 -36.3 0.0
-951.3 -837.3 278.1 -321.7 26.8 -80.0
156.3 -433.0 24.1 -56.7 230.1 0.0
-1078.7 -730.6 313.1 -8.7 -9.9 -600.0
236.4 -591.5 282.1 305.4 -35.1 0.0
-959.2 -836.6 275.9 -316.2 28.3 -100.0
154.9 -427.1 24.1 -56.8 235.2 0.0
-1078.9 -730.8 297.9 -8.7 -9.9 -620.0
243.6 -592.3 282.1 290.4 -33.2 0.0
-966.9 -835.8 273.1 -310.2 29.9 -120.0
153.4 -421.1 24.1 -56.8 240.4 0.0
-1079.1 -731.1 282.1 -8.7 -9.9 -640.0
250.5 -593.1 282.1 275.4 -31.4 0.0
-974.5 -835.1 269.9 -302.8 30.4 -140.0
152.0 -415.0 24.1 -56.9 245.5 0.0
-1079.4 -731.3 265.9 -8.7 -9.9 -660.0
254.7 -594.7 282.1 169.0 -65.2 0.0
-981.9 -834.3 266.1 -295.0 31.0 -160.0
150.6 -408.7 24.1 -57.0 250.7 0.0
-1079.6 -731.6 249.1 -8.7 -9.9 -680.0
256.7 -597.1 282.1 77.0 -94.8 0.0
-989.1 -833.5 261.9 -287.1 31.5 -180.0
149.2 -402.4 24.1 -56.7 253.3 0.0
-1079.8 -731.8 231.9 -8.7 -9.9 -700.0
256.6 -600.1 282.1 -2.1 -121.1 0.0
-996.0 -832.7 257.1 -279.2 32.1 -200.0
147.8 -395.9 24.1 -56.7 258.5 0.0
-1080.0 -732.1 216.1 -8.7 -9.9 0.7
254.9 -603.7 282.1 -70.1 -143.3 0.0
-1002.8 -831.9 251.9 -271.4 32.2 -220.0
146.3 -389.3 24.1 -56.6 263.7 0.0
-1080.0 -732.1 216.1 -0.0 -0.0 0.0
251.6 -607.3 282.1 -131.9 -141.5 0.0
-1009.4 -831.1 246.1 -263.8 32.2 -240.0
144.9 -382.6 24.1 -56.3 266.3 0.0
-1080.0 -732.1 216.1 0.0 0.0 0.0
247.0 -610.8 282.1 -184.5 -139.8 0.0
-1015.8 -830.3 239.9 -256.6 32.3 -260.0
143.5 -375.9 24.1 -56.0 268.9 0.0
-1078.6 -730.8 216.1 57.2 51.3 0.0
241.2 -614.2 282.1 -229.1 -138.7 0.0
-1022.1 -829.5 233.1 -249.9 32.4 -280.0
141.1 -368.9 24.1 -95.5 279.5 0.0
-1076.0 -728.5 216.1 103.2 92.6 0.0
234.6 -617.7 282.1 -267.0 -137.9 0.0
-1028.3 -828.5 225.9 -250.2 39.6 -300.0
138.3 -362.1 24.1 -114.2 272.8 0.0
-1072.6 -724.8 216.1 136.3 147.9 0.0
227.9 -620.7 282.1 -266.5 -122.2 0.0
-1034.6 -827.3 218.1 -250.4 47.1 -320.0
135.2 -355.6 24.1 -122.2 258.6 0.0
-1068.3 -720.4 216.1 173.0 177.0 0.0
221.3 -623.4 282.1 -263.3 -108.4 0.0
-1040.9 -826.0 216.1 -250.7 54.5 0.3
132.0 -349.5 24.1 -129.9 247.7 0.0
-1062.8 -715.7 216.1 218.1 184.4 0.0
214.8 -625.9 282.1 -259.4 -96.7 0.0
-1046.3 -823.0 216.1 -215.9 120.6 0.0
127.3 -344.0 24.1 -189.3 219.7 0.0
-1056.5 -711.1 216.1 251.1 187.9 0.0
208.4 -628.0 282.1 -255.6 -86.7 0.0
-1052.7 -820.2 216.1 -256.9 110.1 0.0
121.3 -339.1 24.1 -239.7 196.3 0.0
-1050.2 -706.6 216.1 255.1 179.5 0.0
202.6 -631.5 282.1 -234.4 -139.5 0.0
-1059.8 -817.7 216.1 -286.0 100.5 0.0
114.2 -334.7 24.1 -282.6 176.1 0.0
-1043.7 -702.3 216.1 258.4 172.4 0.0
197.1 -636.2 282.1 -216.9 -186.2 0.0
-1067.0 -815.4 216.1 -287.1 90.0 0.0
106.7 -330.7 24.1 -301.5 156.8 0.0
-1036.2 -698.5 216.1 299.0 148.3 0.0
192.1 -641.9 282.1 -202.3 -227.9 0.0
-1074.2 -813.4 216.1 -288.0 81.0 0.0
98.8 -327.4 24.1 -316.2 133.8 0.0
-1030.7 -696.2 216.1 -7.1 20.3 0.0
187.4 -648.3 282.1 -188.1 -255.5 0.0
-1082.3 -811.9 216.1 -323.6 59.0 0.0
90.8 -324.5 24.1 -316.7 114.1 0.0
-1030.6 -696.5 216.1 5.0 -15.3 0.0
183.2 -654.9 282.1 -165.6 -267.7 0.0
-1090.4 -810.8 216.1 -325.2 44.1 0.0
82.9 -322.1 24.1 -316.8 97.3 0.0
-1030.4 -697.1 216.1 7.4 -22.6 0.0
179.6 -661.9 282.1 -146.4 -277.8 0.0
-1098.4 -810.0 216.1 -389.2 110.1 2.0
75.0 -320.0 24.1 -316.8 83.1 0.0
-1030.0 -698.4 216.1 17.4 -52.5 0.0
176.3 -669.0 282.1 -129.7 -284.9 0.0
-1106.7 -807.7 216.1 -330.8 93.6 0.0
66.9 -318.4 24.1 -324.0 66.1 0.0
-1029.3 -700.5 216.1 27.4 -82.5 0.0
173.4 -676.3 282.1 -115.9 -291.1 0.0
-1113.7 -805.7 216.1 -281.2 79.6 0.0
58.8 -317.1 24.1 -323.1 52.2 0.0
-1028.4 -703.3 216.1 37.4 -112.5 0.0
171.0 -683.6 282.1 -97.2 -292.7 0.0
-1119.7 -804.0 216.1 -239.0 67.6 0.0
50.8 -316.1 24.1 -322.0 40.3 0.0
-1027.2 -706.8 216.1 46.5 -139.8 0.0
169.0 -691.1 282.1 -80.9 -297.8 0.0
-1124.7 -802.6 216.1 -203.1 57.5 0.0
42.8 -315.3 24.1 -321.0 30.4 0.0
-1027.8 -708.6 216.1 -25.4 -74.4 0.0
167.3 -698.5 282.1 -67.4 -299.4 0.0
-1129.4 -801.6 216.1 -187.0 39.2 0.0
34.7 -314.9 24.1 -322.6 17.2 0.0
-1030.0 -709.0 216.1 -86.4 -14.8 0.0
165.9 -706.1 282.1 -55.9 -301.7 0.0
-1131.7 -801.7 216.1 -92.0 -5.6 0.0
26.7 -314.7 24.1 -320.8 6.6 0.0
-1033.4 -708.2 216.1 -137.5 33.2 0.0
164.7 -712.5 282.1 -47.5 -256.4 0.0
-1132.0 -802.8 216.1 -12.3 -42.4 0.0
18.7 -314.8 24.1 -319.5 -2.8 0.0
-1038.0 -706.3 216.1 -182.7 73.6 0.0
163.7 -717.9 282.1 -40.4 -218.0 0.0
-1130.6 -804.4 216.1 56.7 -65.8 0.0
10.7 -315.0 24.1 -317.9 -10.4 0.0
-1043.4 -703.4 216.1 -214.1 115.9 0.0
162.9 -722.6 282.1 -34.3 -185.3 0.0
-1127.8 -806.7 216.1 111.6 -92.1 0.0
2.8 -315.6 24.1 -316.4 -22.4 0.0
-1049.4 -699.7 216.1 -240.0 150.9 0.0
162.1 -726.6 282.1 -28.6 -160.2 0.0
-1123.7 -809.4 216.1 164.2 -106.9 0.0
-5.0 -316.4 24.1 -313.8 -32.4 0.0
-1055.9 -695.2 216.1 -259.7 178.6 0.0
161.5 -730.0 282.1 -24.3 -136.2 0.0
-1118.5 -812.4 216.1 210.5 -120.5 0.0
-12.7 -317.4 24.1 -308.8 -40.0 0.0
-1062.2 -690.6 216.1 -255.5 183.3 0.0
161.0 -732.9 282.1 -20.5 -116.1 0.0
-1112.2 -815.7 216.1 249.8 -132.1 0.0
-20.4 -318.6 24.1 -306.7 -47.2 0.0
-1068.6 -686.2 216.1 -254.3 178.3 0.0
160.7 -735.6 282.1 -11.3 -110.6 0.0
-1105.3 -819.2 216.1 275.2 -138.7 0.0
-27.6 -320.0 24.1 -287.3 -56.3 0.0
-1075.2 -681.7 216.1 -262.3 179.7 0.0
160.7 -738.4 282.1 -1.9 -108.8 0.0
-1098.4 -821.8 216.1 278.3 -104.7 0.0
-34.5 -321.7 24.1 -277.3 -68.2 0.0
-1081.7 -677.2 216.1 -263.6 177.6 0.0
161.3 -741.3 282.1 22.6 -115.4 0.0
-1091.5 -823.7 216.1 273.6 -77.7 0.0
-41.2 -323.6 24.1 -268.4 -77.9 0.0
-1088.4 -672.8 216.1 -264.7 175.8 0.0
162.3 -744.3 282.1 43.6 -120.9 0.0
-1084.3 -825.0 216.1 290.2 -49.1 0.0
-47.7 -325.8 24.1 -260.4 -85.9 0.0
-1095.0 -668.4 222.8 -264.7 175.8 255.0
163.9 -747.4 282.1 61.2 -125.9 0.0
-1077.0 -825.7 216.1 290.3 -28.6 0.0
-55.2 -327.2 24.1 -297.3 -54.6 0.0
-1101.6 -664.1 228.9 -264.7 175.8 235.0
165.6 -750.5 282.1 68.3 -122.3 0.0
-1069.8 -824.9 216.1 289.1 30.6 0.0
-63.4 -327.9 24.1 -329.3 -28.1 0.0
-1108.2 -659.7 234.5 -264.7 175.8 215.0
169.0 -753.6 282.1 134.9 -123.7 0.0
-1062.7 -823.0 216.1 284.9 76.9 0.0
-71.6 -328.2 24.1 -329.2 -12.2 0.0
-1114.8 -655.3 239.6 -264.7 175.8 195.0
173.7 -756.7 282.1 190.9 -124.7 0.0
-1056.1 -820.7 216.1 261.8 90.9 0.0
-79.8 -328.2 24.1 -326.0 0.5 0.0
-1121.4 -650.9 244.3 -264.7 175.8 175.0
179.7 -759.8 282.1 238.6 -125.4 0.0
-1050.1 -818.2 216.1 240.8 101.0 0.0
-88.0 -327.4 24.1 -328.8 28.6 0.0
-1128.1 -646.5 248.4 -264.7 175.8 155.0
186.7 -763.0 282.1 279.2 -125.9 0.0
-1044.6 -814.4 216.1 222.3 153.5 0.0
-96.0 -326.3 24.1 -321.0 46.7 0.0
-1134.7 -642.1 252.0 -264.7 175.8 135.0
191.0 -765.9 282.1 172.2 -119.0 0.0
-1039.4 -809.6 216.1 205.4 192.6 0.0
-103.9 -324.7 24.1 -315.4 62.5 0.0
-1141.5 -637.1 255.2 -273.7 199.0 116.3
193.0 -768.8 282.1 81.4 -113.3 0.0
-1034.7 -804.3 216.1 187.2 211.0 0.0
-111.7 -322.8 24.1 -311.2 76.7 0.0
-1148.4 -632.1 257.8 -273.7 199.0 96.3
193.1 -771.5 282.1 4.8 -108.2 0.0
-1030.5 -798.9 216.1 168.8 215.9 0.0
-118.5 -319.3 24.1 -272.4 137.8 0.0
-1155.2 -627.2 260.0 -273.7 199.0 76.3
191.6 -774.1 282.1 -59.8 -103.6 0.0
-1025.3 -794.4 216.1 208.7 177.8 0.0
-124.5 -314.6 24.1 -239.4 188.5 0.0
-1162.0 -622.2 261.6 -273.7 199.0 56.3
188.7 -776.4 282.1 -119.3 -93.5 0.0
-1019.3 -790.8 224.1 238.3 145.9 0.0
-129.8 -308.9 24.1 -211.2 231.0 0.0
-1168.9 -617.2 262.8 -273.7 199.0 36.3
184.4 -778.5 282.1 -169.2 -84.8 0.0
-1013.0 -787.8 224.1 255.6 119.5 0.0
-134.4 -302.3 24.1 -186.6 264.1 0.0
-1175.7 -612.2 263.4 -273.7 199.0 16.3
179.2 -780.5 282.1 -211.0 -77.5 0.0
-1006.6 -785.3 232.1 253.8 98.4 0.0
-140.1 -296.9 24.1 -226.8 215.8 0.0
-1182.6 -607.3 263.6 -273.7 199.0 -3.7
173.0 -782.2 282.1 -245.9 -70.9 0.0
-1000.3 -785.0 232.1 250.9 15.3 0.0
-146.6 -292.5 24.1 -260.2 174.5 0.0
-1189.4 -602.3 263.3 -273.7 199.0 -23.7
166.1 -783.8 282.1 -276.7 -60.7 0.0
-994.1 -786.3 232.1 248.3 -54.7 0.0
-153.8 -289.0 24.1 -288.6 139.5 0.0
-1196.3 -597.3 262.4 -273.7 199.0 -43.7
159.2 -785.1 282.1 -274.3 -51.9 0.0
-988.0 -789.2 240.1 246.1 -114.1 0.0
-161.0 -286.2 24.1 -288.4 113.2 0.0
-1203.1 -592.3 261.1 -273.7 199.0 -63.7
152.4 -786.2 282.1 -274.3 -44.4 0.0
-981.9 -793.3 240.1 362.4 -157.3 92.2
-168.0 -284.0 24.1 -277.0 86.4 0.0
-1209.9 -587.3 259.2 -273.7 199.0 -83.7
145.5 -787.1 282.1 -276.8 -38.1 0.0
-972.8 -797.4 248.1 352.9 -158.8 72.2
-174.7 -282.4 24.1 -269.9 62.8 0.0
-1216.8 -582.4 256.9 -273.7 199.0 -103.7
139.3 -789.8 282.1 -244.8 -106.1 0.0
-963.9 -801.5 249.7 354.3 -165.2 52.2
-181.3 -281.4 24.1 -263.5 43.0 0.0
-1223.6 -577.4 254.0 -273.7 199.0 -123.7
133.9 -793.9 282.1 -218.0 -164.5 0.0
-955.0 -805.8 256.1 345.1 -166.4 32.2
-187.8 -280.7 24.1 -258.8 25.7 0.0
-1230.5 -572.4 250.7 -273.7 199.0 -143.7
129.0 -799.3 282.1 -195.2 -215.4 0.0
-946.4 -810.1 256.7 346.5 -172.8 12.2
-194.4 -280.7 24.1 -265.0 0.6 0.0
-1237.3 -567.4 246.8 -273.7 199.0 -163.7
124.6 -805.8 282.1 -175.8 -259.3 0.0
-937.7 -814.6 264.1 337.2 -173.5 0.0
-200.8 -281.1 24.1 -257.9 -15.1 0.0
-1244.1 -562.5 242.5 -273.7 199.0 -183.7
120.5 -813.0 282.1 -163.0 -288.8 0.0
-930.3 -819.5 264.1 295.2 -195.5 0.0
-207.1 -281.8 24.1 -251.4 -28.0 0.0
-1251.0 -557.5 237.7 -273.7 199.0 -203.7
116.8 -820.3 282.1 -148.2 -294.4 0.0
-923.9 -824.5 272.1 257.4 -202.3 0.0
-213.3 -282.8 24.1 -246.2 -39.2 0.0
-1257.8 -552.5 232.3 -273.7 199.0 -223.7
113.4 -827.7 282.1 -135.3 -296.5 0.0
-918.2 -829.7 272.1 225.2 -208.0 0.0
-219.9 -284.5 24.1 -264.9 -69.2 0.0
-1264.7 -547.5 226.5 -273.7 199.0 -243.7
110.3 -835.2 282.1 -124.3 -299.1 0.0
-914.9 -834.4 272.1 132.4 -186.6 0.0
-226.5 -286.6 24.1 -263.9 -84.0 0.0
-1264.9 -542.6 220.1 0.3 199.0 -263.7
107.5 -842.8 282.1 -113.1 -304.0 0.0
-913.6 -838.6 272.1 53.5 -168.5 0.0
-232.9 -288.9 24.1 -257.8 -92.9 0.0
-1264.9 -537.6 213.3 0.3 199.0 -283.7
104.9 -850.5 282.1 -103.3 -305.5 0.0
-913.9 -842.4 272.1 -13.5 -153.0 0.0
-239.3 -291.5 24.1 -254.9 -101.8 0.0
-1264.9 -532.6 205.9 0.3 199.0 -303.7
102.6 -858.1 282.1 -94.8 -306.9 0.0
-915.7 -845.9 272.1 -70.5 -139.9 0.0
-246.1 -294.9 24.1 -271.7 -136.4 0.0
-1264.8 -527.6 198.1 0.3 199.0 -323.7
100.4 -865.8 282.1 -87.7 -307.8 0.0
-918.4 -847.4 272.1 -110.2 -58.3 0.0
-252.8 -298.6 24.1 -268.6 -150.1 0.0
-1264.8 -522.7 189.8 0.3 199.0 -343.7
98.4 -873.6 282.1 -80.4 -310.1 0.0
-922.0 -847.1 272.1 -144.0 11.0 0.0
-259.4 -302.6 24.1 -263.5 -159.3 0.0
-1264.8 -517.7 180.9 0.3 199.0 -363.7
96.5 -881.4 282.1 -73.9 -310.9 0.0
-926.3 -845.4 272.1 -172.7 70.0 0.0
-265.9 -306.8 24.1 -259.5 -167.3 0.0
-1264.8 -512.7 171.6 0.3 199.0 -383.7
94.8 -889.1 282.1 -68.1 -309.2 0.0
-931.3 -842.4 272.1 -197.1 120.1 0.0
-272.1 -312.2 24.1 -249.4 -214.8 0.0
-1264.8 -507.7 161.7 0.3 199.0 -403.7
93.2 -896.8 282.1 -63.4 -309.7 0.0
-936.3 -839.2 271.9 -202.4 125.9 -20.0
-278.0 -318.2 24.1 -234.9 -239.8 0.0
-1264.8 -502.8 160.1 0.3 199.0 0.4
91.7 -904.7 282.1 -58.9 -313.2 0.0
-941.5 -835.9 271.1 -207.7 131.8 -40.0
-283.4 -324.3 24.1 -216.0 -245.0 0.0
-1264.8 -498.5 160.1 0.2 169.2 0.0
90.4 -912.5 282.1 -54.4 -313.8 0.0
-946.9 -832.5 269.9 -213.1 137.6 -60.0
-288.4 -330.4 24.1 -198.7 -246.3 0.0
-1264.8 -496.3 160.1 -1.1 87.1 0.0
89.1 -920.4 282.1 -50.8 -314.1 0.0
-952.3 -828.9 268.1 -218.4 143.5 -80.0
-293.8 -334.1 24.1 -218.5 -148.2 0.0
-1264.9 -494.3 159.9 -1.3 81.5 -20.0
87.9 -928.2 282.1 -47.7 -314.4 0.0
-957.6 -825.3 265.9 -212.5 142.9 -100.0
-299.7 -335.8 24.1 -235.2 -64.8 0.0
-1264.9 -492.4 159.1 -1.4 75.8 -40.0
86.8 -936.1 282.1 -44.3 -315.0 0.0
-962.8 -821.8 263.1 -206.5 142.3 -120.0
-306.0 -335.6 24.1 -249.6 6.9 0.0
-1264.9 -490.7 157.9 -1.5 70.1 -60.0
85.8 -944.0 282.1 -41.3 -315.2 0.0
-967.8 -818.2 259.9 -200.6 141.7 -140.0
-312.5 -333.9 24.1 -262.1 67.6 0.0
-1264.9 -488.8 156.1 -1.2 75.8 -80.0
84.8 -951.9 282.1 -38.7 -315.5 0.0
-972.7 -814.7 256.1 -194.6 141.2 -160.0
-319.1 -330.8 24.1 -264.1 124.5 0.0
-1264.9 -486.7 153.9 -0.9 81.4 -100.0
83.9 -959.7 282.1 -36.4 -315.7 0.0
-977.7 -811.3 251.9 -199.5 135.0 -180.0
-325.8 -326.5 24.1 -266.2 173.3 0.0
-1264.9 -484.6 152.1 -0.6 87.0 0.1
83.1 -967.7 282.1 -33.6 -316.1 0.0
-982.8 -808.1 247.1 -204.4 128.8 -200.0
-332.4 -321.2 24.1 -264.7 210.1 0.0
-1264.9 -482.2 158.8 -0.3 92.6 255.0
82.3 -975.6 282.1 -31.3 -316.2 0.0
-988.0 -805.0 241.9 -209.3 122.6 -220.0
-338.6 -315.7 24.1 -249.9 219.0 0.0
-1264.7 -479.9 164.9 5.8 92.4 235.0
81.5 -983.5 282.1 -29.6 -316.3 0.0
-993.4 -802.1 236.1 -214.1 116.4 -240.0
-344.5 -309.9 24.1 -236.3 234.2 0.0
-1264.4 -477.6 170.5 12.0 92.1 215.0
80.9 -991.4 282.1 -27.7 -316.4 0.0
-998.9 -799.3 232.1 -221.1 113.4 0.3
-350.1 -303.8 24.1 -221.9 242.1 0.0
-1264.0 -475.3 175.6 18.2 91.8 195.0
80.2 -999.3 282.1 -25.3 -316.8 0.0
-1005.3 -797.6 232.1 -257.9 66.1 0.0
-355.3 -297.6 24.1 -209.4 247.6 0.0
-1264.9 -470.2 179.5 0.1 203.9 143.3
79.6 -1007.2 282.1 -23.2 -316.9 0.0
-1012.6 -797.0 232.1 -289.2 25.9 0.0
-360.3 -291.2 24.1 -200.1 255.4 0.0
-1264.9 -465.1 182.8 0.1 203.9 123.3
79.1 -1015.1 282.1 -21.3 -317.0 0.0
-1020.0 -796.4 231.9 -296.2 22.9 -20.0
-365.0 -284.7 24.1 -187.7 261.9 0.0
-1264.9 -460.0 185.6 0.1 203.9 103.3
78.6 -1023.1 282.1 -19.8 -317.0 0.0
-1027.5 -795.9 231.1 -303.3 19.7 -40.0
-369.4 -278.0 24.1 -176.7 266.1 0.0
-1264.9 -454.9 188.0 0.1 203.9 83.3
78.2 -1031.0 282.1 -16.0 -317.8 0.0
-1035.3 -795.5 229.9 -310.4 16.5 -60.0
-373.6 -271.3 24.1 -167.4 269.9 0.0
-1264.9 -449.9 189.8 0.1 203.9 63.3
77.9 -1039.0 282.1 -12.5 -317.8 0.0
-1043.2 -795.2 228.1 -317.5 13.2 -80.0
-377.6 -264.5 24.1 -159.4 273.1 0.0
-1264.7 -444.7 191.1 7.6 204.9 43.3
77.7 -1046.9 282.1 -9.7 -317.7 0.0
-1051.4 -794.9 225.9 -324.6 10.0 -100.0
-381.3 -257.7 24.1 -147.3 271.5 0.0
-1264.3 -439.6 192.0 15.1 205.9 23.3
77.5 -1054.8 282.1 -7.4 -317.7 0.0
-1059.5 -794.5 223.1 -325.4 17.2 -120.0
-384.7 -250.8 24.1 -138.1 274.4 0.0
-1263.7 -434.4 192.3 22.5 206.9 3.3
77.3 -1062.8 282.1 -6.1 -317.5 0.0
-1067.6 -793.9 219.9 -326.1 24.3 -140.0
-388.0 -244.0 24.1 -129.7 274.2 0.0
-1263.0 -429.2 192.1 30.0 207.9 -16.7
77.2 -1070.7 282.1 -4.4 -317.6 0.0
-1075.8 -793.1 216.1 -326.8 31.5 -160.0
-391.1 -237.1 24.1 -123.0 276.3 0.0
-1262.1 -424.2 191.5 34.8 201.5 -36.7
77.1 -1078.7 282.1 -3.1 -317.5 0.0
-1082.9 -790.7 216.1 -285.1 98.2 0.1
-393.8 -230.3 24.1 -110.9 269.1 0.0
-1261.1 -419.3 190.3 39.5 195.1 -56.7
77.1 -1086.6 282.1 -1.7 -317.6 0.0
-1088.7 -787.0 216.1 -232.2 148.2 0.0
-396.4 -223.6 24.1 -101.4 268.5 0.0
-1260.0 -414.6 188.6 44.2 188.7 -76.7
77.1 -1094.5 282.1 -0.3 -317.6 0.0
-1093.4 -782.2 216.1 -187.3 190.7 0.0
-398.7 -216.9 24.1 -93.3 267.3 0.0
-1258.8 -410.0 186.5 48.9 182.3 -96.7
77.1 -1102.5 282.1 1.0 -317.6 0.0
-1097.2 -776.5 216.1 -149.1 226.8 0.0
-400.9 -210.3 24.1 -86.2 266.3 0.0
-1257.5 -405.6 183.8 53.1 175.7 -116.7
77.2 -1110.4 282.1 1.9 -317.5 0.0
-1100.1 -770.1 216.1 -116.6 257.5 0.0
-404.0 -203.1 24.1 -126.0 285.6 0.0
-1256.0 -401.4 180.6 57.1 169.4 -136.7
77.2 -1118.3 282.1 2.6 -315.0 0.0
-1102.0 -763.3 216.1 -79.0 273.2 0.0
-407.8 -195.9 24.1 -150.6 291.4 0.0
-1254.5 -397.3 177.0 61.0 163.3 -156.7
77.3 -1126.2 282.1 3.5 -315.0 0.0
-1103.4 -756.6 216.1 -54.2 267.2 0.0
-411.7 -188.8 24.1 -159.3 283.0 0.0
-1252.9 -393.4 172.8 64.8 157.3 -176.7
77.4 -1134.0 282.1 4.2 -312.4 0.0
-1104.3 -750.1 216.1 -34.0 259.8 0.0
-415.9 -181.9 24.1 -167.4 276.3 0.0
-1251.2 -389.6 168.1 68.6 150.7 -196.7
77.5 -1141.7 282.1 5.0 -309.9 0.0
-1104.7 -743.7 216.1 -16.9 253.4 0.0
-420.3 -175.1 24.1 -176.4 270.6 0.0
-1249.4 -386.0 163.0 72.4 144.2 -216.7
77.7 -1149.3 282.1 5.3 -304.8 0.0
-1104.9 -736.6 216.1 -10.4 285.7 0.0
-424.9 -168.5 24.1 -182.7 264.4 0.0
-1247.5 -382.6 157.3 76.2 137.6 -236.7
77.8 -1156.9 282.1 6.4 -302.4 0.0
-1105.1 -729.5 216.1 -6.5 285.5 0.0
-429.6 -162.0 24.1 -188.2 259.3 0.0
-1245.5 -379.3 152.1 80.0 131.1 0.3
78.0 -1164.3 282.1 7.2 -297.3 0.0
-1105.2 -722.3 216.1 -3.2 285.3 0.0
-434.4 -155.7 24.1 -192.9 254.8 0.0
-1243.3 -378.4 152.1 87.5 34.5 0.0
78.2 -1171.6 282.1 7.7 -289.7 0.0
-1105.2 -715.2 216.1 -0.3 285.2 0.0
-439.3 -149.4 24.1 -196.4 249.0 0.0
-1241.0 -379.6 152.1 93.2 -47.3 0.0
78.4 -1178.6 282.1 7.9 -282.1 0.0
-1103.4 -708.3 216.1 72.3 274.5 0.0
-444.4 -143.3 24.1 -200.4 245.1 0.0
-1238.5 -382.5 152.1 98.8 -116.4 0.0
78.6 -1185.6 282.1 8.7 -277.1 0.0
-1100.0 -701.7 216.1 134.1 265.4 0.0
-449.4 -137.3 24.1 -201.8 240.0 0.0
-1235.9 -386.9 152.1 103.6 -175.2 0.0
78.8 -1192.5 281.9 8.7 -277.1 -20.0
-1095.4 -695.3 216.1 186.6 257.6 0.0
-454.5 -131.4 24.1 -202.9 235.4 0.0
-1233.4 -392.5 152.1 101.9 -223.2 0.0
79.1 -1199.4 281.1 8.7 -277.1 -40.0
-1089.6 -689.0 216.1 231.2 251.0 0.0
-459.6 -125.6 24.1 -204.2 230.9 0.0
-1230.8 -399.1 152.1 100.5 -264.1 0.0
79.3 -1206.3 279.9 8.7 -277.1 -60.0
-1085.5 -685.1 216.1 162.5 155.9 0.0
-464.7 -120.0 24.1 -205.2 226.5 0.0
-1228.4 -406.3 152.1 97.5 -289.4 0.0
79.5 -1213.1 278.1 8.7 -271.2 -80.0
-1082.9 -683.2 216.1 104.1 75.1 0.0
-469.8 -114.4 24.1 -205.7 222.4 0.0
-1226.1 -413.6 152.1 91.2 -290.6 0.0
79.7 -1219.8 275.9 8.6 -265.6 -100.0
-1081.5 -683.1 216.1 54.5 6.3 0.0
-475.0 -108.9 24.1 -205.5 218.8 0.0
-1223.9 -418.4 152.1 90.2 -191.7 0.0
79.9 -1226.3 273.1 8.5 -259.8 -120.0
-1081.4 -684.4 216.1 5.6 -52.9 0.0
-480.1 -103.6 24.1 -205.8 215.2 0.0
-1221.6 -421.1 152.1 89.3 -107.7 0.0
80.1 -1232.6 269.9 8.5 -253.9 -140.0
-1082.4 -686.8 216.1 -41.3 -95.2 0.0
-485.2 -98.3 24.1 -203.9 209.9 0.0
-1219.4 -422.0 152.1 88.6 -36.3 0.0
80.3 -1238.8 266.1 8.3 -247.9 -160.0
-1084.5 -690.2 216.1 -80.5 -138.2 0.0
-490.3 -93.2 24.1 -203.7 206.5 0.0
-1217.2 -421.4 152.1 87.4 24.7 0.0
80.5 -1244.8 261.9 8.2 -241.9 -180.0
-1087.3 -694.6 216.1 -113.8 -174.8 0.0
-495.4 -88.1 24.1 -203.0 203.5 0.0
-1215.4 -422.7 152.1 74.1 -53.1 0.0
80.7 -1250.7 257.1 8.1 -235.8 -200.0
-1090.9 -699.7 216.1 -142.1 -205.8 0.0
-500.4 -83.1 24.1 -200.9 198.6 0.0
-1213.8 -425.7 152.1 63.2 -118.7 0.0
80.9 -1256.5 251.9 8.0 -229.7 -220.0
-1095.2 -705.4 216.1 -173.3 -227.5 0.0
-505.5 -78.2 24.1 -202.0 197.3 0.0
-1212.4 -430.0 152.1 55.0 -175.2 0.0
81.1 -1262.4 246.1 7.0 -236.5 -240.0
-1099.9 -711.2 216.1 -187.2 -233.3 0.0
-510.5 -73.3 24.1 -201.0 194.6 0.0
-1211.2 -435.6 152.1 48.0 -223.2 0.0
81.3 -1268.5 239.9 6.0 -243.5 -260.0
-1104.6 -717.0 216.1 -190.7 -229.8 0.0
-515.5 -68.5 24.1 -200.0 192.0 0.0
-1210.4 -438.5 152.1 35.0 -113.8 0.0
81.4 -1274.7 234.1 4.9 -250.5 0.3
-1109.5 -722.7 216.1 -193.6 -226.9 0.0
-520.5 -63.8 24.1 -199.4 189.1 0.0
-1209.8 -439.0 152.1 24.0 -20.7 0.0
81.2 -1281.8 234.1 -6.1 -284.0 0.0
-1114.9 -726.6 216.1 -217.6 -155.6 0.0
-525.5 -59.1 24.1 -200.3 188.1 0.0
-1209.6 -437.4 152.1 6.8 65.1 0.0
81.1 -1289.0 233.9 -6.5 -288.0 -20.0
-1120.9 -728.9 216.1 -238.1 -94.9 0.0
-530.6 -54.4 24.1 -202.9 188.9 0.0
-1211.4 -429.8 152.1 -72.3 300.3 0.1
80.9 -1296.4 233.1 -6.9 -293.0 -40.0
-1127.3 -730.0 216.1 -255.5 -43.4 0.0
-535.6 -49.6 24.1 -203.4 188.3 0.0
-1213.0 -422.1 152.1 -65.9 310.7 0.0
80.7 -1303.8 231.9 -7.4 -298.0 -60.0
-1134.0 -730.0 216.1 -270.2 0.4 0.0
-540.7 -45.0 24.1 -202.5 185.7 0.0
-1214.5 -414.2 152.1 -60.1 313.6 0.0
80.5 -1311.4 230.1 -7.9 -303.0 -80.0
-1140.9 -728.6 216.1 -275.8 54.6 0.0
-545.8 -40.3 24.1 -205.3 186.4 0.0
-1215.9 -406.4 152.1 -55.0 314.0 0.0
80.3 -1318.8 227.9 -8.1 -295.6 -100.0
-1147.9 -726.1 216.1 -280.5 100.6 0.0
-551.0 -35.7 24.1 -206.0 185.5 0.0
-1217.2 -398.5 152.1 -50.7 314.4 0.0
80.1 -1326.0 225.1 -8.4 -288.1 -120.0
-1154.9 -722.7 216.1 -280.6 135.2 0.0
-556.2 -31.0 24.1 -208.5 186.5 0.0
-1218.2 -390.6 152.1 -41.3 319.1 0.0
79.9 -1333.0 221.9 -8.6 -280.5 -140.0
-1161.6 -719.1 216.1 -266.2 147.4 0.0
-561.4 -26.5 24.1 -206.0 182.0 0.0
-1219.1 -382.6 152.1 -33.4 318.8 0.0
79.7 -1339.8 218.1 -8.8 -272.7 -160.0
-1168.1 -714.2 216.1 -258.8 194.9 0.0
-566.6 -21.9 24.1 -208.8 182.5 0.0
-1219.7 -374.6 152.1 -26.8 318.6 0.0
79.7 -1346.6 217.1 -1.0 -272.9 0.2
-1174.2 -708.6 216.1 -247.1 223.9 0.0
-571.8 -17.4 24.1 -209.7 181.4 0.0
-1220.2 -366.7 152.1 -21.1 318.4 0.0
81.6 -1352.5 217.1 78.5 -234.4 0.0
-1180.0 -702.8 216.1 -229.5 232.1 0.0
-577.1 -12.9 24.1 -210.4 180.5 0.0
-1222.5 -359.2 152.1 -89.9 297.6 0.0
85.3 -1357.5 217.1 146.1 -201.7 0.0
-1185.3 -696.8 216.1 -214.6 239.1 0.0
-581.5 -7.2 24.1 -178.2 227.1 0.0
-1226.2 -352.2 152.1 -148.4 280.0 0.0
90.4 -1361.9 217.1 203.5 -173.6 0.0
-1189.8 -689.8 216.1 -178.4 281.8 0.0
-585.3 -0.5 24.1 -151.0 266.8 0.0
-1231.2 -345.6 152.1 -198.1 265.0 0.0
96.7 -1365.4 217.1 251.9 -139.4 0.0
-1193.5 -681.8 216.1 -147.5 318.2 0.0
-588.5 6.8 24.1 -128.0 295.5 0.0
-1237.0 -339.3 152.1 -234.5 250.1 0.0
104.0 -1368.1 217.1 293.1 -110.2 0.0
-1196.6 -673.8 216.1 -122.8 321.7 0.0
-591.2 14.2 24.1 -108.5 295.5 0.0
-1243.6 -333.6 152.1 -262.0 230.4 0.0
112.2 -1370.3 217.1 328.1 -85.4 0.0
-1199.1 -665.7 216.1 -101.9 320.6 0.0
-593.4 21.5 24.1 -87.5 291.8 0.0
-1250.3 -328.4 152.1 -268.2 208.7 0.0
120.4 -1371.9 217.1 327.1 -67.1 0.0
-1199.8 -657.9 216.1 -29.9 313.4 0.0
-595.2 28.7 24.1 -69.9 287.0 0.0
-1257.1 -323.6 152.1 -273.4 190.3 0.0
128.7 -1373.1 217.1 333.3 -45.9 0.0
-1199.1 -650.2 216.1 31.3 307.3 0.0
-596.5 35.8 24.1 -54.7 285.2 0.0
-1264.1 -319.2 152.1 -277.8 174.6 0.0
136.9 -1373.8 217.1 329.8 -29.6 0.0
-1197.0 -642.7 216.1 83.4 302.1 0.0
-597.6 42.9 24.1 -42.0 281.3 0.0
-1271.0 -315.3 152.1 -279.1 158.3 0.0
145.1 -1374.2 217.1 327.7 -15.2 0.0
-1193.8 -635.2 216.1 127.6 297.6 0.0
-598.3 49.6 24.1 -29.4 268.9 0.0
-1277.7 -311.7 152.1 -267.4 141.5 0.0
153.3 -1374.3 217.1 325.0 -3.2 0.0
-1192.0 -627.2 216.1 73.5 322.8 0.0
-598.8 56.1 24.1 -18.0 261.4 0.0
-1284.5 -308.5 152.1 -270.0 130.1 0.0
161.4 -1374.0 217.1 327.1 12.0 0.0
-1191.3 -618.6 216.1 27.5 344.3 0.0
-599.0 62.5 24.1 -8.4 254.4 0.0
-1291.3 -305.5 152.1 -272.2 120.4 0.0
169.5 -1373.4 217.1 323.9 23.7 0.0
-1191.4 -609.9 216.1 -4.0 347.4 0.0
-599.0 68.7 24.1 -0.5 247.3 0.0
-1298.0 -302.7 152.1 -269.0 109.5 0.0
177.6 -1372.5 217.1 321.4 34.1 0.0
-1192.0 -601.4 216.1 -24.3 337.2 0.0
-598.7 74.7 24.1 9.4 242.3 0.0
-1304.8 -300.2 152.1 -270.6 101.0 0.0
185.5 -1371.5 217.1 318.7 42.7 0.0
-1192.7 -593.0 215.9 -30.0 339.3 -20.0
-598.2 80.8 24.1 20.0 244.5 0.0
-1311.6 -297.9 152.1 -272.0 93.8 0.0
192.3 -1370.6 217.1 270.9 36.3 0.0
-1193.6 -584.4 215.1 -35.7 341.4 -40.0
-597.5 87.0 24.1 29.2 246.9 0.0
-1318.4 -295.7 152.1 -273.2 87.7 0.0
198.4 -1369.6 217.1 245.2 36.7 0.0
-1194.6 -575.8 213.9 -41.3 343.5 -60.0
-596.6 93.2 24.1 36.4 247.2 0.0
-1324.8 -293.7 152.1 -258.0 78.6 0.0
204.5 -1368.5 217.1 242.1 44.0 0.0
-1195.8 -567.2 212.1 -47.0 345.6 -80.0
-595.2 99.9 24.1 55.2 268.9 0.0
-1331.3 -291.9 152.1 -258.9 73.1 0.0
210.5 -1367.3 217.1 239.8 50.5 0.0
-1197.1 -558.7 209.9 -51.0 340.3 -100.0
-593.6 106.6 24.1 63.5 268.4 0.0
-1337.8 -290.2 152.1 -259.6 68.4 0.0
215.6 -1366.2 217.1 203.8 42.9 0.0
-1198.5 -550.3 207.1 -55.1 334.9 -120.0
-591.9 113.3 24.1 70.6 268.1 0.0
-1344.3 -288.6 152.1 -260.2 64.4 0.0
219.9 -1365.3 217.1 173.2 36.5 0.0
-1200.0 -542.1 203.9 -59.1 329.5 -140.0
-590.0 120.0 24.1 76.8 268.2 0.0
-1350.2 -287.1 152.1 -236.4 56.8 0.0
223.9 -1364.3 217.1 161.4 38.2 0.0
-1201.5 -534.0 200.1 -63.1 324.1 -160.0
-587.4 127.3 24.1 103.5 290.9 0.0
-1356.1 -285.8 152.1 -236.9 53.2 0.0
227.9 -1363.3 217.1 158.9 43.5 0.0
-1203.1 -526.0 195.9 -64.6 317.7 -180.0
-584.5 134.5 24.1 113.1 288.3 0.0
-1362.8 -284.5 152.1 -267.2 54.3 0.0
231.3 -1362.3 217.1 135.0 37.0 0.0
-1204.8 -518.3 191.1 -66.0 311.4 -200.0
-581.5 141.7 24.1 121.4 286.2 0.0
-1369.9 -283.1 152.1 -285.1 54.0 0.0
234.2 -1361.5 217.1 114.8 31.4 0.0
-1206.5 -510.6 185.9 -67.4 305.1 -220.0
-578.3 148.8 24.1 128.2 284.7 0.0
-1377.2 -281.8 152.1 -290.7 51.7 0.0
236.9 -1360.7 217.1 107.9 33.7 0.0
-1208.2 -503.2 180.1 -68.8 298.7 -240.0
-577.0 156.2 24.1 52.6 297.9 0.0
-1384.5 -280.6 152.1 -291.0 49.2 0.0
239.5 -1359.8 217.1 105.3 37.9 0.0
-1209.9 -495.9 173.9 -69.4 291.8 -260.0
-577.3 164.0 24.1 -11.5 309.2 0.0
-1391.8 -279.4 152.1 -291.3 47.1 0.0
240.1 -1358.3 217.1 25.5 58.7 0.0
-1211.7 -488.7 167.1 -69.9 284.8 -280.0
-578.9 171.9 24.1 -65.6 318.3 0.0
-1399.1 -278.3 152.1 -291.5 45.3 0.0
238.9 -1356.5 217.1 -49.2 73.2 0.0
-1213.4 -481.8 159.9 -70.4 277.8 -300.0
-581.7 180.1 24.1 -111.2 325.6 0.0
-1406.4 -277.2 152.1 -294.4 43.3 0.0
236.1 -1354.2 217.1 -113.1 90.6 0.0
-1215.2 -475.0 152.1 -70.9 270.9 -320.0
-585.7 188.1 24.1 -159.6 322.2 0.0
-1413.8 -276.2 152.1 -294.6 41.4 0.0
231.8 -1351.5 217.1 -169.6 106.9 0.0
-1216.7 -467.9 152.1 -60.6 286.9 0.3
-590.1 195.7 24.1 -177.2 302.5 0.0
-1421.2 -275.2 152.1 -294.8 39.8 0.0
229.0 -1347.4 217.1 -113.2 163.3 0.0
-1218.0 -460.7 152.1 -61.7 136.4 78.3
-594.8 202.7 24.1 -187.3 282.6 0.0
-1428.5 -274.2 152.1 -294.9 38.4 0.0
227.3 -1342.2 217.1 -66.4 209.0 0.0
-1219.6 -457.1 153.8 -61.8 143.6 58.3
-599.6 209.3 24.1 -193.7 264.2 0.0
-1436.0 -273.3 152.1 -297.9 36.4 0.0
226.6 -1336.1 217.1 -28.2 243.6 0.0
-1221.1 -453.3 155.0 -61.8 150.8 38.3
-605.4 215.7 24.1 -230.7 255.6 0.0
-1443.4 -272.4 152.1 -298.0 34.5 0.0
226.7 -1329.4 217.1 2.0 267.9 0.0
-1222.7 -449.4 155.8 -61.4 157.6 18.3
-611.3 221.6 24.1 -236.7 236.4 0.0
-1450.9 -271.6 152.1 -298.2 32.9 0.0
227.8 -1322.4 217.1 45.3 279.1 0.0
-1224.2 -445.3 156.0 -61.0 164.5 -1.7
-617.4 227.1 24.1 -241.7 220.0 0.0
-1458.3 -270.8 152.1 -298.3 31.6 0.0
229.9 -1315.2 217.1 84.4 290.8 0.0
-1225.7 -441.0 155.7 -60.6 171.3 -21.7
-623.5 232.3 24.1 -245.9 205.9 0.0
-1465.3 -268.8 152.1 -277.6 79.6 0.0
232.6 -1308.0 217.1 105.5 287.0 0.0
-1227.2 -436.5 154.9 -60.2 178.2 -41.7
-630.5 237.1 24.1 -281.5 191.8 0.0
-1471.8 -265.8 152.1 -260.1 120.3 0.0
235.5 -1301.0 217.1 119.4 278.9 0.0
-1228.7 -431.9 153.6 -59.2 184.4 -61.7
-637.7 241.4 24.1 -285.5 173.8 0.0
-1477.8 -262.2 152.1 -240.6 144.9 0.0
240.0 -1294.5 217.1 177.4 260.2 0.0
-1230.1 -427.2 152.1 -58.2 190.7 0.1
-644.9 245.4 24.1 -289.2 158.5 0.0
-1483.3 -258.3 152.1 -218.9 154.8 0.0
245.7 -1288.4 217.1 226.8 244.1 0.0
-1231.1 -421.5 152.1 -39.4 224.9 0.0
-652.2 249.0 24.1 -292.0 145.5 0.0
-1486.9 -253.4 152.1 -144.1 197.4 0.0
252.2 -1282.7 217.1 261.9 228.7 0.0
-1231.7 -415.2 152.1 -23.5 254.0 0.0
-660.3 251.7 24.1 -321.7 106.2 0.0
-1488.9 -247.6 152.1 -80.4 233.7 0.0
258.9 -1277.5 217.1 269.1 208.3 0.0
-1231.9 -408.9 152.1 -7.6 252.5 0.0
-668.5 253.6 24.1 -328.8 77.3 0.0
-1489.5 -240.9 152.1 -26.4 264.5 0.0
264.2 -1271.1 217.1 210.9 254.4 0.0
-1231.8 -402.7 152.1 4.9 248.3 0.0
-676.6 255.0 24.1 -323.7 55.2 0.0
-1490.1 -234.2 151.9 -22.2 271.1 -20.0
268.2 -1263.8 217.1 161.9 293.1 0.0
-1231.4 -396.5 152.1 15.5 244.7 0.0
-684.6 255.9 24.1 -321.9 35.9 0.0
-1490.5 -227.3 151.1 -16.5 274.0 -40.0
272.3 -1256.3 216.9 160.2 300.7 -20.0
-1230.8 -390.5 152.1 24.6 241.7 0.0
-692.5 256.4 24.1 -315.3 18.2 0.0
-1490.8 -220.4 149.9 -10.9 276.9 -60.0
276.2 -1248.6 216.1 158.5 308.2 -40.0
-1229.2 -383.8 152.1 63.2 267.3 0.0
-700.3 256.4 24.1 -310.5 3.1 0.0
-1490.9 -213.4 148.1 -5.2 279.8 -80.0
280.1 -1241.0 214.9 154.0 304.6 -60.0
-1226.7 -376.5 152.1 97.9 291.6 0.0
-707.9 256.2 24.1 -306.8 -9.8 0.0
-1490.9 -206.3 145.9 0.5 282.7 -100.0
283.8 -1233.4 213.1 149.5 300.9 -80.0
-1223.7 -369.0 152.1 121.1 302.4 0.0
-715.5 255.7 24.1 -303.6 -20.8 0.0
-1490.8 -199.4 143.1 5.8 277.5 -120.0
287.4 -1226.0 210.9 145.1 297.4 -100.0
-1220.5 -361.6 152.1 129.3 295.9 0.0
-723.0 253.9 24.1 -300.0 -68.8 0.0
-1490.5 -192.6 139.9 11.1 272.3 -140.0
290.9 -1218.7 208.1 140.7 293.8 -120.0
-1219.6 -354.6 152.1 35.4 278.8 0.0
-730.3 251.3 24.1 -293.0 -104.5 0.0
-1490.1 -185.9 136.1 16.4 267.1 -160.0
294.4 -1211.5 204.9 136.6 288.4 -140.0
-1220.7 -348.0 152.1 -44.4 264.3 0.0
-737.3 248.3 24.1 -276.3 -122.1 0.0
-1489.5 -179.4 131.9 21.7 261.9 -180.0
297.7 -1204.4 201.1 132.6 283.2 -160.0
-1223.5 -341.7 152.1 -112.3 251.9 0.0
-743.8 244.8 24.1 -262.2 -137.4 0.0
-1488.9 -173.0 127.1 24.0 256.0 -200.0
300.9 -1197.4 196.9 128.8 278.0 -180.0
-1227.8 -335.7 152.1 -170.0 241.4 0.0
-750.4 243.1 24.1 -265.2 -70.9 0.0
-1488.3 -166.7 121.9 26.6 249.4 -220.0
304.0 -1190.6 192.1 125.1 273.1 -200.0
-1233.3 -330.0 152.1 -220.5 225.7 0.0
-757.2 242.7 24.1 -268.6 -13.6 0.0
-1487.5 -160.7 116.1 29.3 242.4 -240.0
307.1 -1183.9 186.9 121.7 267.9 -220.0
-1239.9 -324.7 152.1 -263.5 212.4 0.0
-764.0 243.6 24.1 -271.9 35.7 0.0
-1486.7 -154.8 109.9 32.2 235.0 -260.0
310.0 -1177.3 181.1 118.5 262.9 -240.0
-1246.7 -319.9 152.1 -273.8 194.0 0.0
-770.8 245.6 24.1 -275.6 78.4 0.0
-1485.7 -148.8 104.1 38.7 239.4 0.3
312.9 -1170.9 174.9 115.3 258.0 -260.0
-1253.7 -315.4 152.1 -278.4 177.2 0.0
-776.5 249.2 24.1 -225.0 144.8 0.0
-1483.4 -142.7 104.1 94.6 244.9 0.0
315.7 -1164.6 168.1 111.9 252.7 -280.0
-1260.9 -311.4 152.1 -288.1 161.4 0.0
-781.0 254.2 24.1 -182.4 201.3 0.0
-1480.9 -136.5 103.9 100.5 248.9 -20.0
318.3 -1158.2 160.9 105.4 254.0 -300.0
-1268.2 -307.7 152.1 -291.1 146.8 0.0
-784.7 260.5 24.1 -146.2 249.4 0.0
-1478.2 -130.1 103.1 106.4 252.8 -40.0
320.8 -1151.8 153.1 99.2 255.2 -320.0
-1275.5 -304.4 152.1 -293.7 134.4 0.0
-787.6 267.7 24.1 -115.5 290.2 0.0
-1475.6 -123.8 101.9 106.4 252.8 -60.0
323.1 -1145.4 152.1 93.1 256.4 0.3
-1282.9 -301.3 152.1 -295.9 123.9 0.0
-788.3 274.2 24.1 -28.0 258.5 0.0
-1472.9 -117.5 100.1 106.4 252.8 -80.0
323.6 -1139.7 152.1 19.8 229.4 0.0
-1290.4 -298.4 152.1 -298.4 112.8 0.0
-787.1 280.0 24.1 46.4 231.9 0.0
-1470.2 -111.2 97.9 106.4 252.8 -100.0
322.4 -1134.7 152.1 -50.5 197.8 0.0
-1297.8 -295.9 152.1 -299.9 103.3 0.0
-784.4 285.2 24.1 109.6 208.9 0.0
-1467.6 -104.8 95.1 106.4 252.8 -120.0
320.9 -1129.8 151.9 -57.3 198.0 -20.0
-1305.4 -293.5 152.1 -301.2 95.2 0.0
-780.3 290.0 24.1 163.3 189.9 0.0
-1465.0 -98.4 91.9 101.3 256.8 -140.0
319.3 -1124.8 151.1 -64.0 198.3 -40.0
-1312.9 -291.3 152.1 -302.3 88.3 0.0
-778.6 293.7 24.1 68.1 148.6 0.0
-1462.6 -91.9 88.1 96.2 260.7 -160.0
317.6 -1119.9 149.9 -70.8 198.6 -60.0
-1320.5 -289.2 152.1 -302.0 81.0 0.0
-778.9 296.5 24.1 -13.4 113.3 0.0
-1461.9 -85.4 88.1 30.8 260.7 0.1
315.6 -1115.0 148.1 -78.3 196.5 -80.0
-1328.1 -287.4 152.1 -302.8 74.8 0.0
-781.0 298.6 24.1 -83.9 83.6 0.0
-1462.5 -78.9 88.1 -24.8 260.7 0.0
313.5 -1110.1 145.9 -85.8 194.3 -100.0
-1335.6 -285.6 152.1 -303.5 69.6 0.0
-784.6 300.0 24.1 -144.6 58.1 0.0
-1464.9 -72.9 88.1 -96.8 240.8 0.0
311.1 -1105.3 143.1 -93.4 192.2 -120.0
-1343.2 -284.0 152.1 -304.0 65.2 0.0
-788.3 303.0 24.1 -144.8 117.1 0.0
-1468.9 -67.3 88.1 -158.0 223.9 0.0
308.6 -1100.5 139.9 -101.0 190.1 -140.0
-1350.8 -282.5 152.1 -248.8 46.9 22.6
-791.9 307.2 24.1 -145.4 168.5 0.0
-1474.1 -62.0 88.1 -210.0 209.5 0.0
305.9 -1095.9 136.1 -107.4 185.7 -160.0
-1357.2 -281.3 152.4 -256.5 47.7 2.6
-795.5 312.5 24.1 -146.2 213.3 0.0
-1480.5 -57.1 88.1 -254.2 197.3 0.0
303.1 -1091.4 131.9 -113.8 181.3 -180.0
-1363.8 -280.1 152.3 -264.1 48.5 -17.4
-799.2 318.8 24.1 -147.0 252.1 0.0
-1487.8 -53.2 88.1 -293.7 154.6 0.0
300.1 -1086.9 127.1 -120.1 176.9 -200.0
-1371.4 -278.9 152.3 -300.9 49.1 0.0
-804.3 324.2 24.1 -204.3 215.4 0.0
-1496.0 -50.3 88.1 -327.3 118.4 0.0
296.9 -1082.6 121.9 -126.4 172.6 -220.0
-1378.7 -277.7 152.3 -294.6 45.0 0.0
-810.7 328.8 24.1 -253.0 184.2 0.0
-1504.4 -48.0 88.1 -334.7 91.1 0.0
293.6 -1078.3 120.1 -133.1 174.1 0.2
-1386.1 -276.7 152.3 -294.9 41.9 0.0
-818.0 332.7 24.1 -294.4 157.1 0.0
-1512.6 -46.3 88.1 -331.1 69.6 0.0
289.1 -1074.2 120.1 -180.5 164.1 0.0
-1393.5 -275.7 152.3 -295.1 39.3 0.0
-825.9 336.1 24.1 -315.9 134.3 0.0
-1520.4 -46.2 88.1 -309.3 0.6 0.0
283.5 -1070.3 120.1 -222.1 155.7 0.0
-1400.8 -274.8 152.3 -295.3 37.1 0.0
-834.5 338.4 24.1 -343.6 92.7 0.0
-1527.6 -47.7 88.1 -290.8 -58.1 0.0
277.8 -1066.3 119.9 -229.1 157.3 -20.0
-1407.8 -274.0 152.3 -278.2 33.2 0.0
-843.2 340.0 24.1 -346.2 63.1 0.0
-1534.5 -50.4 88.1 -275.1 -108.0 0.0
272.1 -1062.4 119.1 -229.1 157.3 -40.0
-1414.2 -273.2 152.3 -255.8 29.3 0.0
-851.7 341.0 24.1 -339.9 40.3 0.0
-1541.1 -54.1 88.1 -261.7 -150.4 0.0
266.3 -1058.5 117.9 -229.1 157.3 -60.0
-1420.0 -272.6 152.3 -230.8 25.6 0.0
-860.1 341.5 24.1 -336.5 20.5 0.0
-1546.6 -57.3 88.1 -222.4 -127.8 0.0
260.6 -1054.6 116.1 -229.1 157.3 -80.0
-1426.1 -272.0 152.3 -243.5 24.3 0.0
-868.4 340.8 24.1 -332.3 -29.9 0.0
-1551.3 -60.1 88.1 -189.1 -108.6 0.0
254.9 -1050.6 113.9 -230.9 158.1 -100.0
-1432.8 -271.4 152.3 -271.7 22.0 0.0
-876.3 339.2 24.1 -318.2 -61.7 0.0
-1555.9 -62.3 88.1 -182.0 -90.1 0.0
249.2 -1046.8 111.1 -226.7 153.0 -120.0
-1439.6 -270.9 152.3 -271.8 19.5 0.0
-883.9 337.1 24.1 -301.9 -84.3 0.0
-1560.4 -64.2 88.1 -180.3 -73.8 0.0
243.6 -1043.1 107.9 -222.7 148.0 -140.0
-1446.4 -270.5 152.3 -271.8 17.4 0.0
-891.0 334.5 24.1 -287.0 -102.3 0.0
-1564.2 -65.7 88.1 -153.2 -62.7 0.0
238.1 -1039.5 104.1 -218.7 143.1 -160.0
-1453.2 -270.1 152.3 -271.9 15.6 0.0
-898.7 332.2 24.1 -307.2 -93.4 0.0
-1567.8 -66.9 88.1 -142.4 -48.3 0.0
232.8 -1036.0 99.9 -214.8 138.4 -180.0
-1460.1 -268.1 152.3 -273.9 80.1 0.0
-906.4 330.1 24.1 -305.4 -84.0 0.0
-1571.2 -67.8 88.1 -136.8 -34.6 0.0
227.6 -1032.5 96.1 -208.3 141.4 0.2
-1467.0 -264.7 152.3 -275.6 135.0 0.0
-914.0 328.2 24.1 -306.4 -76.0 0.0
-1574.5 -68.4 88.1 -132.0 -22.9 0.0
224.7 -1028.7 96.1 -113.9 150.2 0.0
-1473.9 -260.2 152.3 -277.0 181.6 0.0
-921.7 326.5 24.1 -307.1 -69.2 0.0
-1578.2 -67.1 88.1 -146.1 51.6 0.0
223.8 -1024.8 96.1 -35.0 157.4 0.0
-1480.6 -255.1 152.3 -268.1 205.4 0.0
-929.3 325.0 24.1 -304.6 -61.2 0.0
-1582.1 -64.2 88.1 -158.0 114.9 0.0
223.1 -1020.8 95.9 -28.8 160.3 -20.0
-1485.4 -249.3 152.3 -193.7 230.4 0.0
-936.9 323.6 24.1 -304.8 -54.6 0.0
-1586.3 -60.0 88.1 -168.2 168.8 0.0
222.6 -1016.7 95.1 -22.1 162.8 -40.0
-1488.7 -243.0 152.3 -130.4 251.8 0.0
-944.6 322.4 24.1 -305.2 -48.9 0.0
-1590.7 -54.6 88.1 -176.8 214.5 0.0
222.2 -1012.6 93.9 -15.5 165.2 -60.0
-1490.6 -236.3 152.3 -76.6 269.9 0.0
-952.2 321.3 24.1 -305.3 -44.4 0.0
-1594.9 -48.3 88.1 -166.9 252.9 0.0
222.0 -1008.4 92.1 -8.9 167.5 -80.0
-1492.4 -229.4 152.0 -73.2 275.4 -20.0
-959.8 320.3 24.1 -304.2 -38.5 0.0
-1598.7 -41.8 88.1 -152.9 261.7 0.0
221.9 -1004.2 89.9 -2.4 169.9 -100.0
-1494.1 -222.5 151.3 -65.6 277.2 -40.0
-967.4 319.5 24.1 -304.4 -33.5 0.0
-1602.2 -35.1 88.1 -139.9 264.7 0.0
222.0 -999.9 87.1 5.5 168.8 -120.0
-1495.5 -215.5 150.0 -58.0 278.9 -60.0
-975.0 318.7 24.1 -304.4 -29.2 0.0
-1605.4 -28.5 88.1 -128.9 267.3 0.0
222.4 -995.8 83.9 13.3 167.6 -140.0
-1496.8 -208.5 148.3 -50.4 280.6 -80.0
-982.6 318.1 24.1 -304.5 -25.6 0.0
-1607.5 -21.2 88.1 -84.0 290.3 0.0
222.9 -991.6 80.1 21.2 166.5 -160.0
-1497.9 -201.4 146.0 -42.7 282.3 -100.0
-990.1 317.6 24.1 -300.6 -20.5 0.0
-1608.7 -13.5 88.1 -45.8 309.8 0.0
223.6 -987.5 75.9 29.0 165.4 -180.0
-1498.8 -194.5 143.3 -37.3 277.3 -120.0
-997.7 317.2 24.1 -300.5 -16.0 0.0
-1609.3 -5.9 88.1 -22.8 302.9 0.0
224.5 -983.3 72.1 35.7 167.5 0.2
-1499.6 -187.7 140.0 -31.8 272.3 -140.0
-1005.2 316.9 24.1 -300.4 -12.1 0.0
-1609.4 1.5 88.1 -4.1 295.3 0.0
226.9 -979.2 72.1 96.8 164.1 0.0
-1500.2 -181.0 136.3 -26.3 267.2 -160.0
-1012.6 316.6 24.1 -297.7 -9.0 0.0
-1608.4 9.3 88.1 37.4 310.1 0.0
230.7 -975.1 72.1 149.4 161.3 0.0
-1500.8 -174.4 132.0 -20.9 262.2 -180.0
-1019.8 316.6 24.1 -287.3 -3.5 0.0
-1606.9 16.9 88.1 61.7 306.7 0.0
234.6 -971.1 71.9 156.2 163.4 -20.0
-1026.9 316.6 24.1 -284.2 2.1 0.0
-1605.3 24.6 87.9 61.7 306.7 -20.0
238.6 -966.9 71.1 162.1 166.3 -40.0
-1034.0 316.8 24.1 -283.4 6.9 0.0
-1603.8 32.3 87.1 61.7 306.7 -40.0
242.8 -962.7 69.9 168.2 169.1 -60.0
-1041.0 317.1 24.1 -280.5 10.8 0.0
-1602.2 39.7 85.9 63.3 299.6 -60.0
247.2 -958.4 68.1 174.4 172.0 -80.0
-1047.4 317.4 24.1 -257.1 14.2 0.0
-1600.6 47.1 84.1 64.8 293.0 -80.0
251.7 -954.0 65.9 180.7 175.0 -100.0
-1053.7 317.9 24.1 -252.4 21.0 0.0
-1598.9 54.2 81.9 66.1 287.1 -100.0
256.3 -949.5 63.1 183.8 181.6 -120.0
-1059.9 318.6 24.1 -248.4 26.8 0.0
-1597.3 61.3 79.1 67.4 281.2 -120.0
261.0 -944.7 59.9 186.9 188.3 -140.0
-1066.1 319.4 24.1 -244.4 31.5 0.0
-1595.6 68.1 75.9 66.9 273.5 -140.0
265.7 -939.9 56.1 189.9 194.8 -160.0
-1072.9 319.0 24.1 -274.5 -16.2 0.0
-1593.9 74.8 72.1 66.5 265.6 -160.0
270.6 -934.8 51.9 192.9 201.2 -180.0
-1080.4 317.6 24.1 -300.2 -56.5 0.0
-1592.3 81.2 67.9 66.0 257.7 -180.0
275.2 -929.7 48.1 186.3 203.9 0.2
-1088.4 315.3 24.1 -319.8 -89.4 0.0
-1590.6 87.4 63.1 65.6 249.9 -200.0
277.5 -924.7 48.1 93.1 200.1 0.0
-1096.2 312.8 24.1 -311.9 -101.7 0.0
-1589.0 93.5 57.9 64.7 242.7 -220.0
279.7 -919.7 47.9 86.6 202.8 -20.0
-1103.8 309.7 24.1 -305.1 -123.8 0.0
-1587.4 99.4 52.1 63.8 236.1 -240.0
281.7 -914.5 47.1 80.3 205.4 -40.0
-1111.2 306.3 24.1 -293.1 -136.8 0.0
-1585.8 105.2 45.9 63.1 230.4 -260.0
283.5 -909.4 45.9 72.5 205.9 -60.0
-1118.2 302.6 24.1 -282.7 -147.8 0.0
-1584.3 110.8 40.1 62.3 224.1 0.3
285.1 -904.2 44.1 64.8 206.3 -80.0
-1125.1 298.7 24.1 -273.9 -156.8 0.0
-1584.6 115.6 40.1 -11.9 191.7 0.0
286.6 -899.1 41.9 57.1 206.8 -100.0
-1132.1 294.8 30.8 -279.1 -154.6 255.0
-1585.1 120.4 39.9 -19.1 191.9 -20.0
287.8 -893.9 39.1 49.5 207.3 -120.0
-1139.2 291.0 36.9 -284.3 -152.4 235.0
-1585.7 125.2 39.1 -26.7 192.0 -40.0
288.9 -888.8 35.9 43.0 203.4 -140.0
-1146.4 287.2 42.5 -289.4 -150.2 215.0
-1586.6 130.0 37.9 -34.6 192.2 -60.0
289.8 -883.8 32.1 36.4 199.5 -160.0
-1153.8 283.5 47.6 -294.6 -147.9 195.0
-1587.6 134.6 36.1 -38.3 186.9 -80.0
290.5 -878.9 27.9 29.9 195.6 -180.0
-1161.1 279.8 52.2 -294.6 -147.9 175.0
-1588.6 139.2 33.9 -41.7 182.1 -100.0
291.1 -874.1 24.1 23.3 191.7 0.2
-1167.1 274.7 56.4 -221.2 -221.4 155.0
-1589.7 143.6 31.1 -45.1 177.4 -120.0
290.5 -868.6 24.1 -26.1 219.8 0.0
-1172.6 269.2 60.0 -221.2 -221.4 135.0
-1590.9 147.9 27.9 -48.7 172.4 -140.0
288.8 -862.5 24.1 -68.3 243.5 0.0
-1178.1 263.7 63.1 -221.2 -221.4 115.0
-1592.0 152.4 24.1 -44.1 177.4 -160.0
286.2 -856.0 24.1 -104.0 263.8 0.0
-1183.7 258.1 65.8 -221.2 -221.4 95.0
-1591.9 157.4 24.1 7.2 199.5 0.1
282.9 -849.1 24.1 -129.2 274.6 0.0
-1189.2 252.6 67.9 -221.2 -221.4 75.0
-1590.6 162.8 24.1 48.9 216.6 0.0
279.7 -842.9 24.1 -129.0 246.4 0.0
-1194.7 247.1 69.5 -221.2 -221.4 55.0
-1588.6 168.5 24.1 81.8 228.4 0.0
276.2 -837.2 24.1 -140.1 229.8 0.0
-1200.3 241.5 70.6 -221.2 -221.4 35.0
-1585.4 174.2 24.1 127.8 230.5 0.0
272.5 -831.8 24.1 -149.4 215.8 0.0
-1205.8 236.0 71.2 -221.2 -221.4 15.0
-1581.4 179.9 24.1 160.5 228.3 0.0
268.5 -826.7 24.1 -157.3 203.8 0.0
-1211.3 230.5 71.4 -221.2 -221.4 -5.0
-1577.6 185.0 24.1 151.7 203.7 0.0
264.7 -820.5 24.1 -155.4 249.6 0.0
-1216.9 224.9 71.0 -221.2 -221.4 -25.0
-1573.7 189.8 24.1 157.0 190.7 0.0
260.8 -813.3 24.1 -153.0 286.9 0.0
-1222.4 219.4 70.1 -221.2 -221.4 -45.0
-1568.5 194.0 24.1 204.9 168.6 0.0
257.3 -806.0 24.1 -142.9 289.6 0.0
-1227.9 213.9 68.8 -221.2 -221.4 -65.0
-1562.5 197.8 24.1 243.2 149.8 0.0
253.9 -798.7 24.1 -134.5 291.9 0.0
-1233.5 208.3 66.9 -221.2 -221.4 -85.0
-1556.1 201.1 24.1 252.8 131.8 0.0
251.2 -791.0 24.1 -106.2 311.0 0.0
-1239.0 202.8 64.5 -221.2 -221.4 -105.0
-1550.0 203.9 24.1 247.0 115.2 0.0
249.1 -783.2 24.1 -84.4 310.4 0.0
-1244.5 197.3 61.6 -221.2 -221.4 -125.0
-1543.9 206.8 24.1 244.2 114.2 0.0
247.5 -775.5 24.1 -66.2 308.1 0.0
-1250.0 191.7 58.2 -221.2 -221.4 -145.0
-1537.7 209.7 24.1 246.4 115.6 0.0
246.2 -767.8 24.1 -50.2 306.7 0.0
-1255.6 186.2 54.4 -221.2 -221.4 -165.0
-1531.6 212.6 24.1 246.2 115.9 0.0
244.9 -760.0 24.1 -51.3 313.3 0.0
-1261.1 180.7 50.0 -221.2 -221.4 -185.0
-1525.5 215.5 24.1 243.9 115.0 0.0
243.7 -752.2 24.1 -51.0 313.4 0.0
-1266.6 175.1 45.1 -221.2 -221.4 -205.0
-1519.5 218.3 24.1 239.2 113.0 0.0
242.4 -744.3 24.1 -51.0 313.4 0.0
-1272.2 169.6 39.8 -221.2 -221.4 -225.0
-1513.7 221.0 24.1 232.3 110.0 0.0
241.1 -736.5 24.1 -50.9 313.4 0.0
-1277.7 164.1 33.9 -221.2 -221.4 -245.0
-1508.1 223.7 24.1 223.1 105.8 0.0
239.8 -728.7 24.1 -50.8 313.4 0.0
-1283.2 158.5 27.5 -221.2 -221.4 -265.0
-1502.7 226.2 24.1 214.0 101.6 0.0
238.6 -720.8 24.1 -50.3 313.5 0.0
-1288.8 153.0 24.1 -221.2 -221.4 0.3
-1497.6 228.7 24.1 204.8 97.4 0.0
237.3 -713.0 24.1 -50.1 313.5 0.0
-1293.5 148.3 24.1 -188.0 -188.1 0.0
-1492.2 231.2 24.1 216.0 103.1 0.0
236.1 -705.2 24.1 -50.1 313.5 0.0
-1297.7 144.2 24.1 -170.4 -164.9 0.0
-1486.6 233.9 24.1 225.0 107.7 0.0
234.8 -697.3 24.1 -50.0 313.5 0.0
-1302.1 140.3 24.1 -175.3 -154.4 0.0
-1480.7 236.7 24.1 234.0 112.3 0.0
233.6 -689.5 24.1 -49.8 313.5 0.0
-1306.6 136.7 24.1 -179.5 -145.5 0.0
-1474.9 240.0 24.1 232.2 130.6 0.0
232.3 -681.6 24.1 -49.7 313.6 0.0
-1310.0 132.1 24.1 -138.4 -183.8 0.0
-1469.5 243.3 24.1 216.7 131.6 0.0
231.1 -673.8 24.1 -49.5 313.6 0.0
-1312.7 126.8 32.1 -104.5 -211.3 0.0
-1464.4 246.6 24.1 204.2 133.1 0.0
229.9 -666.0 24.1 -48.9 313.7 0.0
-1314.5 120.8 32.1 -74.3 -240.3 0.0
-1459.6 249.9 24.1 192.7 133.3 0.0
228.7 -658.1 24.1 -48.5 313.8 0.0
-1315.7 114.1 32.1 -48.0 -266.0 0.0
-1457.0 253.6 24.1 105.4 147.0 0.0
227.5 -650.3 24.1 -47.7 311.3 0.0
-1318.2 108.5 40.1 -97.5 -226.5 0.0
-1456.2 257.6 24.1 0.0 49.0 1030.0
226.3 -642.6 24.1 -47.6 311.3 0.0
-1321.8 103.6 40.1 -145.2 -193.0 0.0
-1456.3 258.9 49.6 -5.6 52.2 1010.0
225.1 -634.8 24.1 -46.6 311.6 0.0
-1326.4 99.5 40.1 -186.4 -164.3 0.0
-1456.6 260.3 74.6 -11.2 55.4 990.0
224.0 -627.0 24.1 -45.8 311.7 0.0
-1332.0 96.0 40.1 -221.5 -139.9 0.0
-1457.0 261.7 99.1 -18.7 56.7 970.0
222.9 -619.2 24.1 -44.8 309.2 0.0
-1337.7 92.6 48.1 -220.3 -135.1 255.0
-1457.7 263.1 123.1 -26.2 57.9 950.0
221.8 -611.5 24.1 -44.1 309.3 0.0
-1343.3 89.2 54.2 -225.9 -134.5 235.0
-1458.5 264.6 146.6 -33.8 59.1 930.0
220.7 -603.8 24.1 -43.3 309.5 0.0
-1349.1 85.8 59.9 -231.5 -133.8 215.0
-1459.6 266.1 169.6 -41.3 60.3 910.0
219.6 -596.0 24.1 -42.8 309.5 0.0
-1355.0 82.5 65.0 -237.1 -133.2 195.0
-1460.8 267.6 192.1 -48.8 61.4 890.0
218.5 -588.3 24.1 -42.3 309.6 0.0
-1360.9 79.2 69.6 -237.1 -133.2 175.0
-1462.2 269.2 214.1 -56.4 62.5 870.0
217.5 -580.5 24.1 -42.3 312.1 0.0
-1366.9 75.9 73.8 -237.1 -133.2 155.0
-1463.8 270.8 235.6 -64.0 63.6 850.0
216.4 -572.7 24.1 -41.8 312.2 0.0
-1372.8 72.5 77.4 -237.1 -133.2 135.0
-1465.6 272.4 256.6 -71.6 64.7 830.0
215.4 -564.9 24.1 -41.3 312.3 0.0
-1378.7 69.2 80.5 -237.1 -133.2 115.0
-1467.3 274.0 277.1 -68.3 64.0 810.0
214.4 -557.1 24.1 -40.9 312.3 0.0
-1384.6 65.9 83.1 -237.1 -133.2 95.0
-1468.9 275.6 297.1 -64.8 63.4 790.0
213.4 -549.3 24.1 -40.8 312.3 0.0
-1390.6 62.5 85.2 -237.1 -133.2 75.0
-1470.5 277.2 316.6 -61.4 62.9 770.0
212.4 -541.5 24.1 -40.6 312.3 0.0
-1392.9 59.2 86.9 0.2 -133.2 55.0
-1471.9 278.7 335.6 -58.0 62.3 750.0
211.3 -533.6 24.1 -40.3 312.4 0.0
-1392.9 55.9 88.0 0.2 -133.2 35.0
-1473.4 280.3 354.1 -58.0 62.3 730.0
210.4 -525.9 24.1 -39.9 309.9 0.0
-1392.7 52.7 88.6 5.9 -128.4 15.0
-1474.8 281.8 372.1 -58.0 62.3 710.0
209.4 -518.2 24.1 -39.8 309.9 0.0
-1392.4 49.6 88.8 11.3 -123.8 -5.0
-1476.3 283.4 389.6 -58.0 62.3 690.0
208.4 -510.5 24.1 -39.1 307.5 0.0
-1392.0 46.6 88.4 16.2 -119.6 -25.0
-1477.7 285.0 406.6 -58.0 62.3 670.0
207.4 -502.8 24.1 -38.6 305.0 0.0
-1391.5 43.7 87.5 20.4 -116.0 -45.0
-1479.2 286.5 423.1 -58.0 62.3 650.0
206.5 -495.3 24.1 -37.9 300.0 0.0
-1390.9 40.9 86.1 25.3 -111.5 -65.0
-1480.6 288.1 439.1 -58.0 62.3 630.0
205.5 -488.0 24.1 -37.1 295.0 0.0
-1390.1 38.2 84.2 30.7 -106.7 -85.0
-1482.1 289.6 454.6 -58.0 62.3 610.0
204.6 -480.8 24.1 -36.1 287.5 0.0
-1389.2 35.7 81.9 36.3 -101.6 -105.0
-1483.5 291.2 469.6 -58.0 62.3 590.0
203.8 -473.8 24.1 -35.1 280.0 0.0
-1388.2 33.3 79.0 42.2 -96.2 -125.0
-1485.0 292.7 484.1 -58.0 62.3 570.0
202.9 -467.0 24.1 -33.6 270.0 0.0
-1386.9 30.9 80.1 48.9 -94.1 0.1
-1486.4 294.3 498.1 -58.0 62.3 550.0
202.1 -460.5 24.1 -32.2 260.1 0.0
-1384.2 29.5 80.1 110.7 -58.3 0.0
-1487.9 295.8 511.6 -58.0 62.3 530.0
201.3 -454.3 24.1 -30.8 250.1 0.0
-1380.1 28.8 80.1 161.9 -28.0 0.0
-1489.3 297.4 524.6 -58.0 62.3 510.0
200.6 -448.3 24.1 -29.1 237.6 0.0
-1375.1 28.7 80.1 202.6 -3.5 0.0
-1490.8 299.0 537.1 -59.1 62.0 490.0
199.9 -442.7 24.1 -27.5 225.1 0.0
-1369.0 27.8 80.1 241.2 -33.9 0.0
-1492.3 300.5 549.1 -59.5 61.9 470.0
199.2 -436.9 24.1 -28.1 232.6 0.0
-1362.2 26.4 80.1 271.7 -58.8 0.0
-1493.8 302.1 560.6 -59.5 61.9 450.0
198.5 -430.8 24.1 -29.1 242.7 0.0
-1355.6 24.8 80.1 263.6 -64.4 0.0
-1495.3 303.6 571.6 -59.5 61.9 430.0
197.7 -424.5 24.1 -30.2 252.7 0.0
-1349.8 23.3 80.1 233.2 -58.8 0.0
-1496.8 305.1 582.1 -59.9 61.6 410.0
197.0 -418.0 24.1 -30.9 260.2 0.0
-1343.8 20.5 80.1 240.7 -111.8 0.0
-1498.3 306.7 592.1 -60.3 61.4 390.0
196.2 -411.3 24.1 -31.7 267.7 0.0
-848.0 -832.0 293.0 0.0 0.0 0.0
-1337.7 16.7 80.1 244.1 -152.7 0.0
-1499.8 308.2 601.6 -60.3 61.4 370.0
195.4 -404.5 24.1 -32.0 272.8 0.0
-848.0 -832.0 286.8 0.0 0.0 -100.0
-1332.1 12.9 88.1 223.0 -152.1 0.0
-1501.3 309.7 610.6 -60.3 61.4 350.0
194.6 -397.5 24.1 -32.7 277.8 0.0
-848.0 -832.0 284.0 0.0 0.0 -120.0
-1327.1 9.3 88.1 199.6 -143.8 0.0
-1502.8 311.3 619.1 -60.4 61.1 330.0
193.7 -390.5 24.1 -33.1 282.8 0.0
-848.0 -832.0 282.1 0.0 0.0 0.1
-1324.0 4.6 88.1 125.6 -186.0 0.0
-1504.3 312.8 627.1 -60.5 60.8 310.0
192.9 -383.3 24.1 -33.5 287.8 0.0
-848.0 -832.0 282.1 0.0 0.0 0.0
-1322.4 -1.0 88.1 61.8 -223.5 0.0
-1505.8 314.3 634.6 -60.6 60.5 290.0
192.0 -376.0 24.1 -33.8 290.3 0.0
-848.0 -832.0 282.1 0.0 0.0 0.0
-1322.3 -7.3 88.1 7.2 -255.1 0.0
-1507.3 315.8 641.6 -60.8 60.2 270.0
191.2 -368.7 24.1 -34.2 292.8 0.0
-848.0 -832.0 282.1 0.0 0.0 0.0
-1323.2 -14.4 88.1 -37.9 -280.6 0.0
-1508.9 317.3 648.1 -60.7 60.1 250.0
190.3 -361.3 24.1 -34.7 297.8 0.0
-848.0 -832.0 282.1 0.0 0.0 0.0
-1325.7 -20.4 88.1 -100.2 -240.9 0.0
-1510.4 318.8 654.1 -60.7 59.9 230.0
189.5 -353.7 24.1 -34.8 300.4 0.0
-849.8 -832.0 282.1 -71.2 0.3 0.0
-1329.7 -25.6 88.1 -158.9 -207.5 0.0
-1511.9 320.3 659.6 -60.7 59.8 210.0
188.6 -346.2 24.1 -34.9 302.9 0.0
-853.0 -832.0 282.1 -128.0 0.0 0.0
-1335.0 -30.1 88.1 -212.4 -179.4 0.0
-1513.4 321.8 664.6 -60.7 59.7 190.0
187.7 -338.6 24.1 -34.7 302.9 0.0
-857.5 -832.0 282.1 -182.5 0.1 0.0
-1341.5 -33.9 88.1 -259.9 -155.4 0.0
-1514.9 323.3 669.1 -60.5 59.6 170.0
186.8 -331.0 24.1 -34.7 305.4 0.0
-863.3 -832.0 282.1 -230.1 0.2 0.0
-1345.6 -38.1 88.1 -165.6 -167.2 0.0
-1516.4 324.8 673.1 -60.4 59.4 150.0
186.0 -323.3 24.1 -34.8 308.0 0.0
-870.1 -832.0 282.1 -271.8 0.6 0.0
-1347.7 -42.6 88.1 -83.1 -178.2 0.0
-1517.9 326.2 676.6 -60.3 59.3 130.0
183.3 -316.6 24.1 -108.7 267.9 0.0
-877.8 -831.9 282.1 -308.5 1.0 0.0
-1348.0 -47.3 88.1 -12.4 -187.8 0.0
-1519.4 327.7 679.6 -60.2 59.1 110.0
179.0 -310.7 24.1 -171.5 234.0 0.0
-885.6 -831.9 282.1 -312.4 0.8 0.0
-1346.8 -52.2 88.1 47.1 -195.8 0.0
-1520.9 329.2 682.1 -60.0 58.9 90.0
173.4 -305.6 24.1 -224.9 204.9 0.0
-893.5 -831.9 282.1 -315.0 0.9 0.0
-1344.2 -57.1 88.1 104.7 -196.2 0.0
-1522.4 330.7 684.1 -59.8 58.8 70.0
166.6 -301.1 24.1 -270.3 179.9 0.0
-901.4 -831.9 282.1 -317.5 0.6 0.0
-1340.4 -62.0 88.1 151.2 -195.8 0.0
-1523.9 332.1 685.6 -59.6 58.6 50.0
159.7 -298.2 24.1 -276.9 115.0 0.0
-909.4 -831.9 282.1 -317.5 0.6 0.0
-1335.8 -66.8 88.1 187.5 -193.5 0.0
-1525.4 333.6 686.6 -59.5 58.4 30.0
152.6 -296.7 24.1 -283.5 59.2 0.0
-917.3 -831.9 282.1 -317.5 0.4 0.0
-1331.2 -71.2 88.1 182.1 -175.2 0.0
-1526.9 335.0 687.1 -59.2 58.2 10.0
145.3 -296.5 24.1 -290.3 11.0 0.0
-925.2 -831.8 281.9 -317.5 0.4 -20.0
-1326.3 -75.3 88.1 195.4 -163.6 0.0
-1528.4 336.5 687.1 -59.0 57.9 -10.0
137.9 -297.2 24.1 -296.5 -30.3 0.0
-933.2 -831.8 281.1 -317.6 0.4 -40.0
-1321.6 -79.0 88.1 190.4 -147.8 0.0
-1529.8 337.9 686.6 -58.8 57.8 -30.0
130.1 -298.1 24.1 -313.4 -36.9 0.0
-941.1 -831.8 279.9 -317.6 0.4 -60.0
-1316.3 -82.6 88.1 210.5 -143.4 0.0
-1531.3 339.4 685.6 -58.5 57.6 -50.0
122.2 -299.1 24.1 -315.3 -40.1 0.0
-949.1 -831.8 278.1 -317.6 0.4 -80.0
-1310.6 -86.0 88.1 227.8 -139.9 0.0
-1532.8 340.8 684.1 -58.3 57.4 -70.0
114.3 -300.2 24.1 -314.9 -42.7 0.0
-957.0 -831.8 275.9 -317.6 0.4 -100.0
-1304.8 -89.3 88.1 230.3 -129.4 0.0
-1534.2 342.2 682.1 -58.0 57.2 -90.0
106.5 -301.3 24.1 -314.6 -44.9 0.0
-964.7 -831.8 273.1 -309.7 0.4 -120.0
-1298.8 -92.3 88.1 240.2 -122.6 0.0
-1535.7 343.7 679.6 -57.8 57.0 -110.0
98.6 -302.5 24.1 -314.2 -47.1 0.0
-972.3 -831.8 269.9 -301.8 0.4 -140.0
-1292.7 -95.2 88.1 244.7 -115.8 0.0
-1537.1 345.1 676.6 -57.5 56.8 -130.0
90.8 -303.7 24.1 -313.9 -49.1 0.0
-979.6 -831.8 266.1 -293.8 0.4 -160.0
-1286.6 -98.0 88.1 246.5 -109.4 0.0
-1538.5 346.5 673.1 -57.3 56.6 -150.0
82.9 -305.0 24.1 -313.5 -50.8 0.0
-986.8 -831.8 261.9 -285.9 0.3 -180.0
-1280.7 -100.4 88.1 234.1 -98.3 0.0
-1539.9 347.9 669.1 -57.0 56.4 -170.0
75.1 -306.3 24.1 -313.3 -52.2 0.0
-993.7 -831.8 257.1 -277.9 0.3 -200.0
-1275.0 -102.7 88.1 228.0 -89.9 0.0
-1541.4 349.3 664.6 -56.8 56.2 -190.0
67.3 -307.7 24.1 -313.0 -53.9 0.0
-1000.5 -831.8 251.9 -270.0 0.3 -220.0
-1269.6 -104.7 88.1 217.1 -81.4 0.0
-1542.8 350.7 659.6 -56.6 56.0 -210.0
59.5 -309.0 24.1 -310.3 -55.0 0.0
-1007.0 -831.8 246.1 -262.1 0.2 -240.0
-1263.9 -106.7 88.1 225.5 -78.0 0.0
-1544.2 352.1 654.1 -56.4 55.7 -230.0
51.8 -310.4 24.1 -310.0 -56.4 0.0
-1013.4 -831.7 239.9 -254.1 0.2 -260.0
-1257.5 -108.5 88.1 257.9 -75.1 0.0
-1545.6 353.5 648.1 -56.1 55.5 -250.0
44.0 -311.9 24.1 -309.7 -57.5 0.0
-1019.5 -831.7 233.1 -246.2 0.1 -280.0
-1250.6 -110.3 88.1 275.0 -71.5 0.0
-1547.0 354.9 641.6 -55.9 55.3 -270.0
36.3 -313.4 24.1 -309.5 -58.9 0.0
-1025.5 -831.7 225.9 -238.4 0.1 -300.0
-1243.4 -112.0 88.1 290.9 -68.3 0.0
-1548.4 356.3 634.6 -55.6 55.0 -290.0
28.5 -314.9 24.1 -309.3 -59.9 0.0
-1031.3 -831.7 218.1 -230.7 0.1 -320.0
-1235.8 -113.7 88.1 301.5 -65.2 0.0
-1549.8 357.6 627.1 -55.4 54.8 -310.0
20.9 -316.4 24.1 -306.6 -60.3 0.0
-1036.8 -831.7 216.1 -223.1 0.0 0.3
-1229.2 -115.2 88.1 264.4 -61.7 0.0
-1551.1 359.0 619.1 -55.1 54.5 -330.0
13.2 -317.9 24.1 -306.4 -61.1 0.0
-1041.7 -829.9 216.1 -192.7 72.4 0.0
-1222.4 -117.4 88.1 272.0 -89.1 0.0
-1552.5 360.3 610.6 -54.9 54.2 -350.0
5.6 -319.5 24.1 -306.2 -62.5 0.0
-1045.8 -826.6 216.1 -166.4 133.3 0.0
-1215.5 -120.2 88.1 277.2 -111.5 0.0
-1553.9 361.7 601.6 -54.6 53.9 -370.0
-2.1 -321.0 24.1 -306.0 -63.3 0.0
-1049.4 -822.0 216.1 -144.2 185.1 0.0
-1208.5 -123.5 88.1 279.6 -129.1 0.0
-1555.2 363.0 592.1 -54.2 53.5 -390.0
-9.7 -322.6 24.1 -303.4 -63.7 0.0
-1052.6 -816.2 216.1 -125.7 229.7 0.0
-1203.7 -127.8 88.1 192.3 -173.4 0.0
-1556.6 364.4 582.1 -53.9 53.2 -410.0
-17.3 -324.2 24.1 -303.2 -64.6 0.0
-1057.1 -811.4 216.1 -181.8 194.4 0.0
-1200.7 -133.1 96.1 117.7 -212.2 0.0
-1557.9 365.7 571.6 -53.5 52.8 -430.0
-24.8 -325.9 24.1 -300.5 -66.2 0.0
-1062.9 -807.3 216.1 -230.7 164.5 0.0
-1199.4 -139.2 96.1 53.6 -244.8 0.0
-1559.2 367.0 560.6 -53.1 52.5 -450.0
-32.3 -327.6 24.1 -300.0 -68.1 0.0
-1069.7 -803.8 216.1 -274.2 138.8 0.0
-1199.4 -146.0 104.1 -0.6 -272.6 0.0
-1560.6 368.3 549.1 -52.7 52.1 -470.0
-39.8 -329.3 24.1 -299.6 -69.5 0.0
-1077.5 -800.9 216.1 -312.5 117.3 0.0
-1200.9 -151.7 104.1 -58.3 -227.8 0.0
-1561.9 369.6 538.1 -52.3 51.7 0.5
-47.3 -331.1 24.1 -301.7 -71.4 0.0
-1085.6 -799.2 216.1 -322.1 64.2 0.0
-1203.7 -156.5 104.1 -115.0 -189.2 0.0
-1562.8 370.5 538.1 -37.7 37.1 0.0
-55.5 -332.1 24.1 -328.5 -38.0 0.0
-1093.9 -798.8 216.1 -333.9 16.5 0.0
-1208.0 -160.4 104.1 -169.4 -156.0 0.0
-1563.4 371.1 538.1 -23.1 22.4 0.0
-63.5 -332.6 24.1 -320.6 -19.2 0.0
-1102.5 -799.4 216.1 -340.5 -21.6 0.0
-1213.5 -163.5 112.1 -220.0 -127.8 0.0
-1562.5 372.9 538.1 37.3 73.1 0.0
-71.4 -332.6 24.1 -315.3 -2.8 0.0
-1110.8 -800.5 216.1 -333.9 -46.2 0.0
-1218.5 -168.2 112.1 -200.8 -184.9 0.0
-1560.5 375.9 538.1 80.0 120.9 0.0
-79.2 -332.3 24.1 -311.2 11.5 0.0
-1117.9 -801.5 216.1 -283.8 -39.3 0.0
-1223.1 -174.1 112.1 -185.1 -235.2 0.0
-1557.5 380.0 538.1 117.0 163.6 0.0
-86.4 -331.7 24.1 -289.8 26.2 0.0
-1123.9 -802.3 216.1 -241.2 -33.4 0.0
-1227.4 -181.0 120.1 -171.9 -277.9 0.0
-1553.8 385.0 538.1 148.8 199.6 0.0
-93.3 -330.6 24.1 -276.4 41.8 0.0
-1129.1 -803.1 216.1 -205.0 -28.4 0.0
-1231.3 -188.3 120.1 -156.8 -293.7 0.0
-1549.4 390.7 538.1 177.5 228.9 0.0
-100.0 -329.3 24.1 -265.1 55.3 0.0
-1133.5 -803.7 216.1 -176.4 -26.2 0.0
-1232.8 -195.2 128.1 -57.4 -273.0 0.0
-1544.5 396.9 538.1 194.1 245.1 0.0
-106.3 -327.6 24.1 -252.8 65.2 0.0
-1135.5 -805.0 216.1 -79.5 -52.8 0.0
-1232.1 -201.5 128.1 27.1 -255.2 0.0
-1539.6 402.9 538.1 195.7 243.9 0.0
-112.3 -324.4 24.1 -242.4 127.2 0.0
-1135.3 -806.9 216.1 5.7 -76.4 0.0
-1229.6 -207.6 128.1 98.9 -240.4 0.0
-1534.7 409.0 538.1 196.7 242.9 0.0
-118.2 -319.9 24.1 -233.7 180.5 0.0
-1133.4 -809.3 216.1 77.5 -92.8 0.0
-1225.7 -213.2 136.1 158.7 -227.2 0.0
-1529.7 415.1 538.1 201.7 242.8 0.0
-123.8 -314.3 24.1 -226.2 225.9 0.0
-1129.9 -812.0 216.1 137.6 -109.9 0.0
-1220.7 -217.4 136.1 198.7 -164.6 0.0
-1524.6 421.1 538.1 202.2 238.9 0.0
-129.2 -308.0 24.1 -215.2 252.6 0.0
-1125.1 -814.7 216.1 194.4 -107.6 0.0
-1214.9 -220.1 136.1 231.6 -111.8 0.0
-1519.5 427.0 538.1 204.1 237.1 0.0
-135.8 -302.8 24.1 -262.0 207.9 0.0
-1119.1 -817.3 216.1 240.3 -104.8 0.0
-1208.5 -221.9 136.1 256.7 -68.3 0.0
-1514.4 432.8 538.1 204.0 233.7 0.0
-143.3 -298.5 24.1 -301.7 169.4 0.0
-1112.2 -819.9 216.1 273.4 -101.7 0.0
-1201.7 -222.7 136.1 273.3 -33.2 0.0
-1510.1 437.8 538.1 173.4 198.6 0.0
-151.5 -295.1 24.1 -328.5 137.6 0.0
-1106.0 -822.1 216.1 250.1 -89.7 0.0
-1197.2 -222.1 136.1 178.5 23.1 0.0
-1506.4 442.0 538.1 147.4 168.8 0.0
-159.7 -292.3 24.1 -326.0 112.9 0.0
-1099.0 -822.9 216.1 279.1 -33.0 0.0
-1194.8 -220.3 136.1 95.6 73.1 0.0
-1503.3 445.6 538.1 125.3 143.5 0.0
-168.4 -290.3 24.1 -347.1 78.3 0.0
-1091.4 -822.6 216.1 303.4 14.7 0.0
-1194.2 -217.4 136.1 23.8 116.9 0.0
-1500.6 448.7 538.1 106.5 122.0 0.0
-176.9 -288.9 24.1 -341.6 54.7 0.0
-1083.4 -821.2 216.1 321.3 53.6 0.0
-1195.1 -213.5 136.1 -36.9 154.4 0.0
-1498.3 451.2 538.1 90.5 103.7 0.0
-185.3 -288.1 24.1 -336.0 35.1 0.0
-1076.0 -819.7 216.1 296.4 60.5 0.0
-1197.4 -209.9 136.1 -90.4 144.3 0.0
-1496.2 453.4 538.1 87.1 88.0 0.0
-193.6 -287.6 24.1 -331.9 18.2 0.0
-1068.5 -817.0 216.1 300.1 108.8 0.0
-1200.7 -206.5 136.1 -133.5 135.0 0.0
-1494.0 455.3 538.1 88.6 74.7 0.0
-202.1 -287.8 24.1 -339.9 -8.3 0.0
-1061.4 -813.8 216.1 284.0 126.9 0.0
-1204.2 -203.1 135.9 -139.5 136.3 -20.0
-1491.7 456.9 538.1 88.4 63.4 0.0
-210.4 -288.5 24.1 -333.1 -25.3 0.0
-1055.1 -810.9 216.1 250.3 118.4 0.0
-1207.9 -199.7 135.1 -145.8 137.8 -40.0
-1489.0 456.7 538.1 111.1 -8.2 0.0
-218.6 -289.5 24.1 -327.6 -40.3 0.0
-1049.5 -808.0 216.1 224.1 114.1 0.0
-1211.6 -196.1 133.9 -151.1 142.1 -60.0
-1485.7 455.0 538.1 128.6 -65.8 0.0
-226.7 -290.8 24.1 -322.2 -52.6 0.0
-1044.2 -804.0 216.1 211.3 159.8 0.0
-1215.6 -192.4 132.1 -156.4 146.5 -80.0
-1482.2 452.3 538.1 141.3 -111.0 0.0
-234.8 -292.7 24.1 -325.4 -78.6 0.0
-1039.4 -799.5 216.1 195.0 182.2 0.0
-1219.6 -188.7 129.9 -161.5 150.8 -100.0
-1478.5 448.7 538.1 149.6 -144.9 0.0
-242.7 -295.1 24.1 -317.7 -93.5 0.0
-1034.9 -794.5 216.1 180.0 197.8 0.0
-1223.8 -184.8 127.1 -166.7 155.1 -120.0
-1474.7 444.3 538.1 152.8 -175.2 0.0
-250.5 -297.7 24.1 -310.3 -105.8 0.0
-1030.6 -789.0 216.1 170.1 219.3 0.0
-1227.8 -180.8 123.9 -161.7 160.2 -140.0
-1470.9 439.6 538.1 149.1 -187.6 0.0
-258.1 -300.6 24.1 -303.4 -115.7 0.0
-1025.8 -786.0 216.1 190.4 121.6 0.0
-1231.7 -176.7 120.1 -156.6 165.4 -160.0
-1467.2 434.5 538.1 148.0 -202.0 0.0
-265.3 -304.3 24.1 -289.7 -146.0 0.0
-1020.6 -785.0 224.1 207.8 38.7 0.0
-1235.5 -172.4 115.9 -151.5 170.6 -180.0
-1463.6 429.2 538.1 145.8 -211.7 0.0
-272.1 -308.3 24.1 -270.9 -160.7 0.0
-1015.1 -785.8 224.1 222.7 -31.8 0.0
-1239.2 -168.0 112.1 -146.3 175.8 0.2
-1460.2 424.0 538.1 136.8 -210.1 0.0
-278.5 -312.6 24.1 -254.3 -172.4 0.0
-1009.2 -788.1 224.1 235.2 -91.8 0.0
-1240.4 -163.7 112.1 -49.2 172.9 0.0
-1456.9 418.6 538.1 131.9 -214.9 0.0
-284.4 -317.1 24.1 -239.8 -181.4 0.0
-1004.0 -791.8 232.1 207.7 -146.9 0.0
-1239.6 -159.4 112.1 33.5 170.1 0.0
-1453.7 413.2 538.1 126.8 -217.1 0.0
-290.9 -321.8 24.1 -259.3 -186.0 0.0
-999.4 -796.7 232.1 185.3 -196.1 0.0
-1238.5 -155.1 111.9 40.9 172.4 -20.0
-1450.7 407.8 538.1 121.6 -216.5 0.0
-297.5 -326.3 24.1 -261.5 -181.9 0.0
-995.2 -802.7 232.1 166.4 -239.9 0.0
-1237.3 -150.7 111.1 48.4 174.7 -40.0
-1447.9 402.7 538.1 109.6 -201.6 0.0
-304.1 -330.8 24.1 -263.4 -178.5 0.0
-991.5 -809.6 232.1 150.2 -278.3 0.0
-1235.9 -146.3 109.9 55.8 176.7 -60.0
-1445.3 397.6 538.1 105.6 -205.7 0.0
-310.7 -335.2 24.1 -265.0 -175.7 0.0
-987.6 -816.4 240.1 155.1 -268.6 0.0
-1234.3 -141.9 108.1 63.2 178.8 -80.0
-1442.7 392.2 538.1 104.6 -216.9 0.0
-317.4 -339.5 24.1 -267.4 -172.6 0.0
-983.6 -822.9 240.1 159.9 -261.1 0.0
-1232.6 -137.3 105.9 70.6 180.8 -100.0
-1440.1 386.5 538.1 103.5 -225.2 0.0
-324.1 -343.7 24.1 -269.1 -169.6 0.0
-979.5 -829.3 240.1 163.7 -254.5 0.0
-1230.6 -132.8 103.1 77.9 182.8 -120.0
-1437.5 380.3 538.1 104.0 -251.3 0.0
-330.9 -347.9 24.1 -270.5 -167.0 0.0
-975.3 -835.5 240.1 168.5 -250.5 0.0
-1228.5 -128.1 99.9 85.3 184.8 -140.0
-1435.0 373.8 538.1 100.9 -259.9 0.0
-337.6 -352.0 24.1 -271.8 -164.7 0.0
-971.6 -839.0 248.1 145.3 -140.5 0.0
-1226.2 -123.5 96.1 92.6 186.8 -160.0
-1432.5 367.1 538.1 98.3 -268.5 0.0
-344.5 -356.1 24.1 -273.6 -162.1 0.0
-968.5 -840.3 248.1 125.6 -48.9 0.0
-1223.7 -118.8 91.9 100.0 188.8 -180.0
-1430.1 360.2 538.1 95.7 -274.4 0.0
-351.4 -360.1 24.1 -274.9 -159.6 0.0
-965.8 -839.6 248.1 108.9 27.0 0.0
-1221.0 -114.0 88.1 107.4 190.8 0.2
-1428.1 354.4 538.1 81.3 -233.3 0.0
-358.3 -364.0 24.1 -276.1 -157.4 0.0
-963.4 -837.4 248.1 94.8 88.4 0.0
-1217.5 -108.5 88.1 140.0 220.0 0.0
-1426.3 349.4 538.1 69.1 -198.3 0.0
-365.2 -367.9 24.1 -276.9 -155.7 0.0
-960.7 -833.9 248.1 107.3 138.4 0.0
-1213.3 -102.4 88.1 166.9 244.6 0.0
-1424.9 345.2 538.1 58.8 -168.5 0.0
-372.2 -371.7 24.1 -278.8 -153.0 0.0
-957.7 -829.3 256.1 119.3 183.8 0.0
-1209.0 -96.2 88.1 173.6 245.7 0.0
-1423.6 341.6 538.1 50.0 -143.3 0.0
-379.1 -375.5 24.1 -279.8 -150.7 0.0
-954.5 -823.7 256.1 130.4 224.7 0.0
-1204.6 -90.1 88.1 176.6 243.3 0.0
-1422.5 336.6 538.1 46.7 -201.0 0.0
-386.1 -379.2 24.1 -276.2 -146.6 0.0
-951.0 -817.2 256.1 140.5 261.1 0.0
-1202.3 -84.2 88.1 90.3 239.2 0.0
-1421.4 330.3 538.1 43.9 -250.1 0.0
-392.8 -382.7 24.1 -270.3 -141.5 0.0
-947.0 -813.2 256.1 160.6 160.1 0.0
-1201.9 -78.3 88.1 16.5 236.2 0.0
-1420.3 323.0 538.1 41.9 -291.9 0.0
-398.6 -385.7 24.1 -229.7 -120.3 0.0
-942.5 -811.3 264.1 177.1 75.3 0.0
-1203.1 -72.4 88.1 -46.4 233.4 0.0
-1419.3 315.1 538.1 39.5 -315.7 0.0
-404.0 -388.3 24.1 -218.8 -104.9 0.0
-937.8 -811.2 264.1 190.1 4.8 0.0
-1205.6 -66.6 88.1 -100.5 231.2 0.0
-1416.5 308.3 538.1 112.7 -274.6 0.0
-410.0 -390.7 24.1 -239.9 -95.6 0.0
-932.8 -812.5 264.1 199.7 -53.7 0.0
-1209.2 -61.2 88.1 -145.6 219.0 0.0
-1412.1 302.3 538.1 174.9 -239.7 0.0
-416.4 -392.9 24.1 -256.1 -87.4 0.0
-928.1 -815.1 264.1 186.9 -102.3 0.0
-1213.8 -56.0 88.1 -184.6 208.7 0.0
-1406.4 297.0 538.1 227.8 -209.6 0.0
-421.9 -394.8 24.1 -217.7 -74.3 0.0
-923.7 -818.7 272.1 176.3 -144.9 0.0
-1219.1 -51.0 88.1 -208.7 196.8 0.0
-1399.6 292.4 538.1 272.8 -184.2 0.0
-427.5 -396.8 24.1 -223.6 -79.7 0.0
-919.5 -823.2 272.1 167.4 -182.3 0.0
-1224.5 -46.5 88.1 -217.0 182.1 0.0
-1391.9 288.7 538.1 309.5 -147.7 0.0
-433.3 -398.9 24.1 -231.9 -85.8 0.0
-915.5 -828.5 272.1 158.9 -209.9 0.0
-1229.9 -42.4 88.1 -217.3 163.5 0.0
-1383.7 285.8 538.1 328.0 -118.0 0.0
-439.2 -401.2 24.1 -238.1 -90.6 0.0
-910.3 -833.6 282.1 209.5 -206.2 0.0
-1235.4 -38.7 88.1 -221.5 148.6 0.0
-1375.5 283.4 538.1 325.5 -94.9 0.0
-445.2 -403.5 24.1 -239.7 -93.4 0.0
-904.0 -838.7 282.1 252.5 -202.6 0.0
-1241.1 -35.3 88.1 -226.8 136.7 0.0
-1367.4 281.5 538.1 325.8 -75.0 0.0
-451.2 -405.9 24.1 -241.3 -96.2 0.0
-897.3 -843.5 282.1 268.1 -191.7 0.0
-1246.9 -32.1 88.1 -229.7 126.1 0.0
-1359.2 280.4 538.1 327.2 -47.7 0.0
-457.3 -408.4 24.1 -243.0 -98.4 0.0
-890.5 -848.0 282.1 272.9 -179.1 0.0
-1252.3 -29.3 88.1 -218.2 111.2 0.0
-1351.2 279.7 538.1 320.8 -26.9 0.0
-463.4 -410.8 24.1 -242.6 -99.3 0.0
-883.5 -850.4 282.1 280.7 -97.8 0.0
-1257.8 -26.8 88.1 -217.5 100.3 0.0
-1343.3 279.5 538.1 315.2 -9.2 0.0
-469.3 -413.3 24.1 -237.5 -98.6 0.0
-876.3 -851.2 282.1 286.7 -29.0 0.0
-1263.0 -24.6 88.1 -211.8 90.1 0.0
-1335.6 279.6 538.1 310.5 5.9 0.0
-475.2 -415.8 24.1 -234.7 -98.6 0.0
-869.0 -850.4 282.1 291.7 28.8 0.0
-1268.6 -22.5 88.1 -220.7 83.6 0.0
-1328.2 280.2 538.1 293.6 23.3 0.0
-481.0 -418.2 24.1 -232.0 -98.5 0.0
-861.6 -848.5 282.1 295.2 77.7 0.0
-1274.8 -20.5 88.1 -250.7 77.2 0.0
-1321.2 281.2 538.1 281.1 39.4 0.0
-486.7 -420.7 24.1 -229.4 -98.0 0.0
-854.5 -845.1 282.1 283.0 137.2 0.0
-1281.3 -18.8 88.1 -258.8 70.2 0.0
-1314.4 282.5 538.1 272.3 54.5 0.0
-492.3 -423.1 24.1 -224.5 -96.8 0.0
-847.7 -840.4 282.1 272.1 187.4 0.0
-1288.0 -17.2 88.1 -269.6 64.6 0.0
-1307.8 284.2 538.1 264.3 66.9 0.0
-497.9 -425.5 24.1 -221.8 -96.6 0.0
-841.3 -834.9 282.1 258.9 220.8 0.0
-1295.0 -15.7 88.1 -277.6 59.7 0.0
-1301.2 287.1 538.1 261.6 116.2 0.0
-503.4 -427.9 24.1 -221.6 -97.0 0.0
-835.3 -829.1 282.1 238.9 229.7 0.0
-1302.5 -14.4 88.1 -301.6 51.8 0.0
-1294.8 291.1 538.1 259.2 159.0 0.0
-508.9 -430.4 24.1 -219.1 -96.5 0.0
-830.1 -822.2 282.1 209.3 274.4 0.0
-1310.2 -13.3 88.1 -306.9 44.6 0.0
-1288.6 295.5 538.1 247.4 178.9 0.0
-514.4 -432.8 24.1 -218.8 -97.1 0.0
-825.5 -814.6 282.1 183.4 304.1 0.0
-1318.0 -12.3 88.1 -311.8 38.8 0.0
-1282.8 300.3 538.1 232.5 188.3 0.0
-519.8 -435.2 24.1 -218.6 -97.6 0.0
-821.5 -807.0 282.1 159.3 307.0 0.0
-1325.9 -11.5 88.1 -317.1 33.6 0.0
-1276.6 304.7 538.1 245.0 176.7 0.0
-525.3 -437.7 24.1 -220.8 -98.9 0.0
-818.0 -799.2 282.1 138.6 309.1 0.0
-1333.6 -9.4 88.1 -307.2 83.7 0.0
-1270.4 308.8 538.1 249.2 164.7 0.0
-530.9 -440.2 24.1 -222.9 -100.2 0.0
-816.1 -791.5 282.1 78.2 309.2 0.0
-1340.8 -6.6 88.1 -287.0 108.9 0.0
-1264.1 312.7 538.1 252.9 154.4 0.0
-536.5 -442.7 24.1 -222.7 -100.8 0.0
-815.4 -783.8 282.1 25.8 310.2 0.0
-1347.2 -3.9 88.1 -255.4 109.3 0.0
-1257.7 316.3 538.1 253.4 144.9 0.0
-542.2 -445.3 24.1 -227.1 -103.2 0.0
-815.9 -776.0 282.1 -19.2 312.1 0.0
-1353.1 -0.9 88.1 -235.6 120.2 0.0
-1251.1 319.7 538.1 266.7 138.2 0.0
-547.9 -447.9 24.1 -231.5 -105.6 0.0
-817.0 -768.5 282.1 -45.2 299.1 0.0
-1357.1 3.4 88.1 -161.9 170.3 0.0
-1244.4 323.0 538.1 266.9 129.1 0.0
-553.8 -450.6 24.1 -233.6 -107.1 0.0
-818.1 -760.6 282.1 -44.4 314.6 0.0
-1359.6 8.7 88.1 -98.9 213.3 0.0
-1237.7 326.0 538.1 266.3 121.4 0.0
-559.7 -453.4 24.1 -238.0 -109.7 0.0
-819.2 -752.9 282.1 -41.7 307.3 0.0
-1360.7 14.9 88.1 -45.4 250.6 0.0
-1231.1 328.9 538.1 265.8 114.7 0.0
-565.7 -456.1 24.1 -240.0 -111.4 0.0
-820.2 -745.6 282.1 -38.7 292.4 0.0
-1360.7 22.0 88.1 0.8 281.9 0.0
-1224.3 331.6 538.1 274.2 109.3 0.0
-571.8 -459.0 24.1 -244.3 -114.0 0.0
-821.0 -738.9 282.1 -35.1 269.9 0.0
-1360.5 29.0 87.9 8.0 278.9 -20.0
-1217.4 334.2 538.1 273.2 102.7 0.0
-578.1 -461.9 24.1 -248.8 -116.4 0.0
-821.8 -732.8 282.1 -31.1 242.6 0.0
-1360.1 35.9 87.1 15.2 275.9 -40.0
-1210.6 336.6 538.1 272.0 97.0 0.0
-584.3 -465.7 24.1 -249.8 -151.5 0.0
-822.5 -726.9 282.1 -29.4 237.7 0.0
-1359.6 42.7 85.9 22.2 273.0 -60.0
-1203.9 338.9 538.1 270.6 92.1 0.0
-590.1 -469.6 24.1 -233.1 -157.1 0.0
-823.3 -720.2 282.1 -31.3 267.8 0.0
-1358.8 49.4 84.1 29.2 270.1 -80.0
-1196.9 341.1 538.1 278.1 87.6 0.0
-595.6 -473.7 24.1 -218.7 -161.6 0.0
-824.1 -712.9 282.1 -32.7 290.5 0.0
-1358.0 56.0 81.9 32.0 263.5 -100.0
-1190.0 343.1 538.1 276.7 82.2 0.0
-600.8 -477.8 24.1 -205.9 -164.6 0.0
-825.0 -705.3 282.1 -33.2 305.7 0.0
-1357.2 62.5 79.1 34.9 256.9 -120.0
-1183.1 345.1 538.1 275.0 77.6 0.0
-604.2 -482.6 24.1 -137.0 -194.8 0.0
-825.8 -697.4 282.1 -33.6 315.7 0.0
-1356.2 68.7 75.9 37.7 250.2 -140.0
-1176.3 346.9 538.1 273.2 73.5 0.0
-606.1 -488.2 24.1 -77.9 -220.9 0.0
-826.6 -689.5 282.1 -32.7 315.8 0.0
-1355.2 74.8 72.1 40.6 243.6 -160.0
-1170.5 348.5 538.1 232.3 62.5 0.0
-606.8 -494.3 24.1 -27.1 -243.4 0.0
-827.4 -681.7 282.1 -31.3 310.9 0.0
-1354.2 80.7 67.9 41.7 237.6 -180.0
-1165.5 349.8 538.1 197.4 53.1 0.0
-606.4 -500.8 24.1 16.6 -263.7 0.0
-828.1 -674.3 282.1 -29.1 296.0 0.0
-1353.1 86.5 63.1 42.8 231.6 -200.0
-1161.3 350.9 538.1 167.8 45.1 0.0
-604.4 -507.1 24.1 79.6 -250.3 0.0
-828.8 -667.4 282.1 -26.5 276.0 0.0
-1352.0 92.2 57.9 43.9 225.8 -220.0
-1157.8 351.9 538.1 142.6 38.4 0.0
-601.1 -513.1 24.1 0.0 -50.0 1018.0
-829.4 -661.1 282.1 -23.9 250.9 0.0
-1350.9 97.7 52.1 45.0 220.2 -240.0
-1154.7 352.7 538.1 121.2 32.6 0.0
-600.9 -514.4 49.3 6.4 -52.6 998.0
-829.9 -655.4 282.1 -21.5 228.3 0.0
-1349.7 103.0 45.9 45.5 213.9 -260.0
-1152.2 353.4 538.1 103.1 27.7 0.0
-600.6 -515.8 74.0 12.8 -55.1 978.0
-830.5 -649.5 282.1 -21.2 235.9 0.0
-1348.6 108.2 40.1 46.0 207.6 0.3
-1150.0 354.0 538.1 87.6 23.6 0.0
-600.4 -517.3 98.2 8.8 -59.7 958.0
-831.0 -643.4 282.1 -21.2 246.1 0.0
-1347.5 111.0 40.1 44.3 111.1 0.0
-1148.1 354.5 538.1 73.4 19.7 0.0
-600.3 -518.9 121.9 4.9 -64.3 938.0
-831.5 -637.1 282.1 -20.9 251.1 0.0
-1346.4 111.7 40.1 42.8 27.9 0.0
-1146.2 354.8 538.1 78.1 12.1 0.0
-600.2 -520.6 145.1 0.9 -68.8 918.0
-832.0 -630.8 282.1 -20.4 251.2 0.0
-1345.3 112.6 39.9 43.9 35.3 -20.0
-1144.2 354.9 538.1 80.8 6.4 0.0
-600.3 -522.4 167.8 -3.1 -73.4 898.0
-832.5 -625.0 282.1 -17.3 234.3 0.0
-1344.2 113.6 39.1 45.1 42.7 -40.0
-1142.2 355.0 538.1 80.0 2.5 0.0
-600.5 -524.4 190.0 -7.1 -77.9 878.0
-832.8 -619.3 282.1 -14.7 226.8 0.0
-1343.0 114.9 37.9 46.2 49.9 -60.0
-1140.2 355.0 538.1 79.4 -0.7 0.0
-600.8 -526.4 211.7 -11.0 -82.4 858.0
-833.1 -613.4 282.1 -12.4 234.4 0.0
-1341.8 116.3 36.1 47.3 56.9 -80.0
-1138.1 354.7 538.1 81.5 -10.1 0.0
-601.1 -528.6 232.9 -15.0 -86.9 838.0
-833.4 -607.3 282.1 -10.3 244.5 0.0
-1340.7 117.9 33.9 46.1 63.0 -100.0
-1136.1 354.3 538.1 80.4 -15.8 0.0
-601.6 -530.9 253.6 -18.9 -91.4 818.0
-833.6 -601.0 282.1 -8.5 254.5 0.0
-1339.6 119.6 32.1 44.8 69.4 0.1
-1134.1 353.9 537.9 80.4 -15.8 -20.0
-602.2 -533.3 273.8 -22.8 -95.8 798.0
-833.8 -594.4 282.1 -7.1 262.1 0.0
-1339.0 122.7 32.1 23.1 124.1 0.0
-1132.1 353.5 537.1 80.4 -15.8 -40.0
-602.8 -535.8 293.5 -26.7 -100.2 778.0
-833.9 -587.7 282.1 -5.9 269.6 0.0
-1338.8 127.1 32.1 5.4 175.2 0.0
-1130.3 353.2 535.9 72.7 -14.5 -60.0
-603.6 -538.4 312.7 -30.6 -104.6 758.0
-834.1 -580.7 282.1 -4.8 277.2 0.0
-1338.6 131.6 31.9 9.5 181.3 -20.0
-1128.7 352.9 534.1 65.0 -13.1 -80.0
-604.5 -541.1 331.4 -34.4 -108.9 738.0
-834.1 -573.7 282.1 -3.5 282.3 0.0
-1338.3 136.3 31.1 13.5 187.3 -40.0
-1127.2 352.6 531.9 57.2 -11.8 -100.0
-605.4 -544.0 349.6 -38.3 -113.3 718.0
-834.2 -566.6 282.1 -2.3 284.8 0.0
-1337.8 141.1 29.9 17.5 193.1 -60.0
-1126.0 352.3 529.1 49.3 -10.4 -120.0
-606.5 -546.9 367.3 -42.2 -117.6 698.0
-834.2 -559.4 282.1 -1.2 284.8 0.0
-1337.3 146.1 28.1 21.4 198.8 -80.0
-1125.0 352.1 525.9 41.5 -9.0 -140.0
-607.6 -549.9 384.5 -46.1 -122.0 678.0
-834.2 -552.3 282.1 -0.6 284.8 0.0
-1336.6 151.2 25.9 26.3 204.2 -100.0
-1124.1 351.9 522.1 33.7 -7.7 -160.0
-608.9 -553.1 401.2 -50.1 -126.4 658.0
-834.2 -545.2 282.1 0.6 284.8 0.0
-1335.9 156.5 24.1 31.3 209.4 0.1
-1123.5 351.7 517.9 25.9 -6.4 -180.0
-610.2 -556.4 417.4 -54.1 -130.8 638.0
-834.2 -538.1 282.1 1.6 282.3 0.0
-1334.0 162.2 24.1 75.5 230.6 0.0
-1123.0 351.6 513.1 18.0 -5.1 -200.0
-611.7 -559.8 433.1 -58.2 -135.2 618.0
-834.1 -531.2 282.1 2.4 277.2 0.0
-1331.2 168.4 24.1 112.6 248.2 0.0
-1122.8 351.5 507.9 11.0 -3.9 -220.0
-613.3 -563.2 448.3 -62.3 -139.6 598.0
-834.1 -524.4 282.1 2.8 272.1 0.0
-1327.1 174.8 24.1 161.3 253.4 0.0
-1122.7 351.4 502.1 4.1 -2.7 -240.0
-614.9 -566.8 463.0 -66.3 -144.1 578.0
-834.0 -518.6 282.1 2.4 231.3 0.0
-1322.1 181.2 24.1 202.6 258.0 0.0
-1122.7 351.4 495.9 -2.9 -1.6 -260.0
-616.6 -570.4 477.2 -66.3 -144.1 558.0
-833.9 -513.7 282.1 2.1 196.6 0.0
-1316.7 187.3 24.1 213.1 245.7 0.0
-1123.0 351.4 489.1 -9.8 -0.4 -280.0
-618.2 -574.1 490.9 -66.3 -144.1 538.0
-833.9 -509.5 282.1 1.7 167.1 0.0
-1311.2 193.2 24.1 220.4 234.3 0.0
-1123.2 351.4 481.9 -11.0 -0.2 -300.0
-619.4 -577.5 504.1 36.7 -109.7 518.0
-833.9 -506.0 282.1 1.5 142.1 0.0
-1304.8 198.1 24.1 258.3 194.0 0.0
-1123.6 351.4 474.1 -12.2 -0.0 -320.0
-618.5 -580.2 516.8 36.9 -110.7 498.0
-833.8 -503.0 282.1 1.3 120.7 0.0
-1297.5 202.1 24.1 290.6 159.9 0.0
-1123.9 351.4 465.9 -13.4 0.2 -340.0
-617.7 -583.1 538.1 28.6 -109.9 478.0
-833.8 -500.4 282.1 1.1 102.6 0.0
-1290.2 205.4 24.1 292.3 132.7 0.0
-1124.3 351.4 457.1 -14.6 0.4 -360.0
-617.2 -585.9 549.8 21.1 -112.4 458.0
-833.8 -498.2 282.1 1.0 88.4 0.0
-1282.9 208.1 24.1 290.4 109.9 0.0
-1124.6 351.4 447.9 -14.6 0.4 -380.0
-616.8 -588.8 561.0 13.7 -115.0 438.0
-833.7 -496.0 282.1 1.6 85.7 0.0
-1275.7 210.5 24.1 290.9 95.4 0.0
-1125.0 351.4 438.1 -14.6 0.4 -400.0
-616.7 -591.7 571.7 6.2 -117.7 418.0
-834.1 -492.6 282.1 -14.5 138.9 0.0
-1268.4 212.6 24.1 291.4 83.0 0.0
-1125.3 351.4 427.9 -14.6 0.4 -420.0
-616.7 -594.7 581.9 -1.3 -120.3 398.0
-834.8 -487.9 282.1 -28.1 186.8 0.0
-1261.1 214.4 24.1 291.9 72.5 0.0
-1125.7 351.4 417.1 -14.6 0.4 -440.0
-616.9 -597.8 591.6 -8.7 -123.0 378.0
-835.8 -482.2 282.1 -39.5 227.6 0.0
-1253.8 216.0 24.1 289.7 63.5 0.0
-1126.1 351.4 405.9 -14.6 0.4 -460.0
-617.3 -600.9 600.8 -16.2 -125.6 358.0
-837.0 -475.6 282.1 -49.9 262.7 0.0
-1246.7 217.3 24.1 283.9 52.8 0.0
-1126.4 351.4 394.1 -14.6 0.4 -480.0
-617.9 -604.1 609.5 -23.7 -128.3 338.0
-838.1 -470.1 282.1 -42.4 223.3 0.0
-1239.6 218.4 24.1 283.7 43.6 0.0
-1126.8 351.4 381.9 -14.6 0.4 -500.0
-618.7 -607.4 617.7 -31.2 -130.8 318.0
-839.0 -465.3 282.1 -36.0 189.8 0.0
-1232.6 219.3 24.1 283.5 35.7 0.0
-1127.2 351.5 369.1 -14.6 0.4 -520.0
-619.7 -610.7 625.4 -38.7 -133.4 298.0
-839.8 -461.3 282.1 -30.6 161.3 0.0
-1225.5 220.0 24.1 283.5 28.8 0.0
-1127.5 351.5 355.9 -14.6 0.4 -540.0
-620.8 -614.1 632.6 -46.2 -136.0 278.0
-840.4 -457.9 282.1 -26.0 137.1 0.0
-1218.6 220.5 24.1 273.9 20.6 0.0
-1127.9 351.5 342.1 -14.6 0.4 -560.0
-622.2 -617.6 639.3 -53.7 -138.6 258.0
-841.0 -454.9 282.1 -22.1 116.6 0.0
-1211.7 220.8 24.1 275.6 12.3 0.0
-1128.3 351.5 327.9 -14.6 0.4 -580.0
-623.7 -621.1 645.5 -61.3 -140.9 238.0
-841.4 -452.5 282.1 -18.8 99.1 0.0
-1204.8 221.0 24.1 277.2 5.3 0.0
-1128.6 351.5 313.1 -14.6 0.4 -600.0
-625.4 -624.7 651.2 -68.9 -143.3 218.0
-841.8 -450.4 282.1 -16.0 84.2 0.0
-1197.9 221.0 24.1 276.6 -0.4 0.0
-1129.0 351.5 297.9 -14.6 0.4 -620.0
-623.8 -628.4 652.9 60.9 -145.7 60.6
-842.2 -448.6 282.1 -13.2 69.5 0.0
-1191.4 220.8 24.1 258.6 -6.4 0.0
-1129.3 351.5 282.1 -14.6 0.4 -640.0
-622.5 -632.1 654.1 53.3 -148.0 40.6
-842.5 -446.9 282.1 -14.5 69.2 0.0
-1185.0 220.4 24.1 258.7 -15.4 0.0
-1129.7 351.5 265.9 -14.6 0.4 -660.0
-621.3 -635.8 654.9 45.7 -150.3 20.6
-842.9 -445.2 282.1 -15.5 68.9 0.0
-1178.5 219.8 24.1 256.9 -22.6 0.0
-1130.1 351.5 249.1 -14.6 0.4 -680.0
-620.4 -639.6 655.2 38.1 -152.7 0.6
-843.3 -443.5 282.1 -16.3 68.7 0.0
-1172.1 219.1 24.1 257.8 -29.4 0.0
-1130.4 351.5 231.9 -14.6 0.4 -700.0
-619.6 -643.5 654.9 30.6 -155.0 -19.4
-843.8 -441.7 282.1 -16.9 68.5 0.0
-1165.4 217.8 24.1 265.6 -53.4 0.0
-1130.8 351.5 214.1 -14.6 0.4 -720.0
-619.0 -647.4 654.2 23.0 -157.4 -39.4
-844.2 -440.0 282.1 -18.8 70.7 0.0
-1159.0 216.2 24.1 255.8 -63.3 0.0
-1131.2 351.6 195.9 -14.6 0.4 -740.0
-618.6 -651.4 653.0 15.4 -159.7 -59.4
-844.7 -438.2 282.1 -19.5 70.5 0.0
-1158.3 215.9 24.1 -0.8 -1.7 0.0
-1131.5 351.6 177.1 -14.6 0.4 -760.0
-618.4 -655.5 651.2 7.8 -162.0 -79.4
-845.2 -436.4 282.1 -20.1 70.3 0.0
-1158.4 215.5 24.1 -4.6 -15.7 0.0
-1131.9 351.6 157.9 -14.6 0.4 -780.0
-618.4 -659.6 649.0 0.2 -164.3 -99.4
-845.7 -434.7 281.9 -20.1 70.3 -20.0
-1158.0 217.0 24.1 16.8 58.6 0.0
-1132.3 351.6 138.1 -14.6 0.4 -800.0
-618.6 -663.8 646.3 -7.4 -166.5 -119.4
-846.2 -433.1 281.1 -18.1 63.3 -40.0
-1157.2 219.6 24.1 29.8 104.2 0.0
-1132.6 351.6 117.9 -14.6 0.4 -820.0
-619.0 -668.0 643.0 -15.1 -168.7 -139.4
-846.6 -431.7 279.9 -16.1 56.3 -60.0
-1156.2 223.3 24.1 42.4 148.5 0.0
-1133.0 351.6 97.1 -14.6 0.4 -840.0
-619.6 -672.2 639.3 -22.7 -170.8 -159.4
-846.9 -430.5 278.1 -14.1 49.3 -80.0
-1154.9 228.0 24.1 53.2 186.2 0.0
-1133.4 351.6 75.9 -14.6 0.4 -860.0
-620.3 -676.6 635.1 -30.3 -173.0 -179.4
-847.2 -429.4 275.9 -12.1 42.2 -100.0
-1152.1 233.0 24.1 109.0 202.3 0.0
-1133.7 351.6 54.1 -14.6 0.4 -880.0
-621.3 -680.9 630.3 -38.0 -175.2 -199.4
-847.5 -428.5 273.1 -10.2 35.2 -120.0
-1148.2 238.4 24.1 156.4 216.0 0.0
-1134.1 351.6 31.9 -14.6 0.4 -900.0
-622.4 -685.4 625.1 -45.6 -177.1 -219.4
-847.7 -427.8 269.9 -8.2 28.2 -140.0
-1143.3 244.1 24.1 196.4 228.0 0.0
-1134.4 351.6 24.1 -14.6 0.4 0.9
-623.7 -689.9 619.4 -53.2 -179.1 -239.4
-847.8 -427.3 266.1 -6.2 21.1 -160.0
-1137.9 249.9 24.1 218.2 229.3 0.0
-1132.7 350.8 24.1 71.3 -34.9 0.0
-625.3 -694.4 613.1 -60.8 -181.1 -259.4
-847.9 -427.0 261.9 -4.3 14.1 -180.0
-1132.3 255.4 24.1 220.6 220.0 0.0
-1129.5 349.2 24.1 128.1 -63.9 0.0
-627.0 -699.0 606.4 -68.4 -183.0 -279.4
-848.0 -426.7 257.1 -3.4 10.9 -200.0
-1126.7 260.7 24.1 225.0 213.8 0.0
-1125.0 347.0 24.1 177.0 -88.5 0.0
-628.9 -703.6 599.1 -75.9 -184.8 -299.4
-848.1 -426.5 251.9 -2.5 7.8 -220.0
-1121.0 265.9 24.1 226.7 207.1 0.0
-1119.7 344.3 24.1 214.0 -107.2 0.0
-631.0 -708.2 591.4 -83.4 -186.5 -319.4
-848.1 -426.4 246.1 -1.6 4.6 -240.0
-1115.3 270.9 24.1 229.8 202.7 0.0
-1113.9 341.4 24.1 232.0 -116.3 0.0
-633.2 -712.9 583.2 -90.9 -188.3 -339.4
-848.2 -426.3 239.9 -0.7 1.5 -260.0
-1110.0 273.3 24.1 210.9 94.5 0.0
-1108.8 338.8 24.1 202.7 -101.6 0.0
-635.7 -717.7 574.4 -98.2 -190.0 -359.4
-848.2 -426.3 233.1 -0.2 -0.2 -280.0
-1105.2 273.4 24.1 195.0 2.5 0.0
-1103.1 336.0 24.1 229.9 -115.0 0.0
-638.3 -722.5 565.2 -105.4 -191.4 -379.4
-848.1 -426.4 225.9 0.3 -1.8 -300.0
-1100.6 271.5 24.1 181.6 -75.6 0.0
-1096.8 332.8 24.1 252.5 -126.1 0.0
-641.1 -727.3 555.5 -112.4 -192.9 -399.4
-848.1 -426.5 218.1 0.7 -3.4 -320.0
-1096.4 267.9 24.1 169.6 -142.2 0.0
-1089.5 329.6 24.1 291.6 -126.4 0.0
-644.1 -732.2 545.2 -119.2 -194.3 -419.4
-848.1 -426.6 209.9 1.2 -5.1 -340.0
-1082.0 326.6 24.1 400.1 272.3 142.5
-647.3 -737.0 538.1 -125.8 -195.6 0.4
-848.1 -426.7 201.1 1.5 -6.0 -360.0
-1072.0 333.4 27.4 400.1 272.3 122.5
-648.5 -741.2 538.1 -48.4 -166.4 0.0
-848.0 -426.9 191.9 1.7 -7.0 -380.0
-1062.0 340.3 30.3 400.1 272.3 102.5
-647.9 -744.7 538.1 21.3 -141.5 0.0
-848.0 -427.1 182.1 2.0 -8.0 -400.0
-1052.0 346.9 32.6 403.7 267.6 82.5
-645.8 -747.7 538.1 84.2 -120.1 0.0
-847.9 -427.3 171.9 2.2 -9.0 -420.0
-1041.8 353.5 34.4 407.3 262.6 62.5
-642.3 -750.3 538.1 140.9 -102.0 0.0
-847.9 -427.6 161.1 2.4 -9.6 -440.0
-1031.5 359.9 35.7 411.5 257.1 42.5
-637.9 -751.8 538.1 174.9 -62.0 0.0
-847.8 -427.8 149.9 2.6 -10.3 -460.0
-1021.1 366.2 36.5 415.9 251.2 22.5
-632.9 -752.6 538.1 200.4 -29.4 0.0
-847.7 -428.1 138.1 2.7 -11.0 -480.0
-1010.8 368.9 36.8 412.8 -0.2 2.5
-627.3 -752.6 538.1 224.9 -0.3 0.0
-847.6 -428.4 125.9 2.9 -11.6 -500.0
-1000.5 368.7 36.6 409.3 -6.4 -17.5
-621.1 -752.0 538.1 248.5 25.6 0.0
-847.6 -428.7 113.1 3.1 -12.1 -520.0
-990.4 368.4 35.9 405.7 -13.0 -37.5
-614.9 -749.7 538.1 247.4 88.2 0.0
-847.5 -429.0 99.9 3.2 -12.6 -540.0
-980.3 367.9 34.8 401.8 -19.9 -57.5
-608.8 -746.2 538.1 246.1 140.8 0.0
-847.4 -429.3 86.1 3.4 -13.1 -560.0
-970.4 367.3 33.1 395.9 -24.1 -77.5
-602.6 -741.6 538.1 244.7 185.0 0.0
-847.3 -429.7 71.9 3.5 -13.6 -580.0
-960.7 366.6 30.9 390.5 -27.9 -97.5
-596.7 -736.4 538.1 236.6 209.7 0.0
-847.2 -430.0 57.1 3.7 -14.0 -600.0
-951.0 365.8 28.2 385.8 -31.4 -117.5
-591.1 -730.1 538.1 225.4 252.4 0.0
-847.1 -430.4 41.9 3.8 -14.3 -620.0
-941.5 364.9 25.0 380.7 -35.0 -137.5
-586.0 -723.7 538.1 205.3 256.0 0.0
-847.0 -430.8 26.1 3.8 -14.6 -640.0
-932.0 364.1 24.1 380.7 -35.0 0.2
-581.3 -717.2 538.1 188.2 258.5 0.0
-846.9 -431.1 24.1 3.8 -14.6 0.7
-923.9 363.3 24.1 323.6 -29.7 0.0
-577.0 -710.8 538.1 172.0 256.3 0.0
-845.4 -430.6 24.1 62.0 19.1 0.0
-916.9 362.6 24.1 279.5 -28.6 0.0
-573.0 -703.8 538.1 158.5 279.2 0.0
-842.5 -429.8 24.1 115.7 35.6 0.0
-910.1 361.4 24.1 271.2 -49.3 0.0
-569.4 -696.8 538.1 143.2 279.8 0.0
-838.2 -428.4 24.1 170.7 52.3 0.0
-903.3 358.8 24.1 273.1 -102.8 0.0
-566.2 -689.8 538.1 130.1 279.6 0.0
-832.7 -426.8 24.1 219.8 67.0 0.0
-896.5 355.1 24.1 274.2 -147.1 0.0
-563.2 -682.8 538.1 119.4 282.0 0.0
-826.2 -424.8 24.1 262.7 80.2 0.0
-889.9 350.9 24.1 262.4 -166.8 0.0
-560.6 -676.8 538.1 101.5 239.7 0.0
-818.7 -422.5 24.1 299.1 92.0 0.0
-883.9 346.7 24.1 241.9 -168.4 0.0
-558.5 -671.7 538.1 86.3 203.7 0.0
-811.1 -420.1 24.1 303.4 93.6 0.0
-878.5 341.2 24.1 214.3 -222.0 0.0
-556.6 -667.4 538.1 73.3 173.2 0.0
-803.5 -417.8 24.1 303.3 93.8 0.0
-873.7 334.5 24.1 190.5 -267.0 0.0
-555.1 -663.7 538.1 62.3 147.2 0.0
-795.9 -415.0 24.1 303.4 111.9 0.0
-869.5 327.2 24.1 169.0 -293.7 0.0
-553.8 -660.5 538.1 53.0 125.1 0.0
-788.5 -411.9 24.1 296.4 122.4 0.0
-865.8 319.9 24.1 148.0 -291.1 0.0
-552.7 -657.6 538.1 43.8 118.6 0.0
-781.3 -408.7 24.1 288.0 129.5 0.0
-860.7 313.7 24.1 203.3 -247.5 0.0
-551.8 -654.7 538.1 35.7 113.3 0.0
-774.3 -405.3 24.1 280.6 135.4 0.0
-854.5 308.4 24.1 249.6 -210.8 0.0
-551.0 -652.1 538.1 29.1 107.2 0.0
-766.7 -402.6 24.1 302.8 108.3 0.0
-847.3 304.0 24.1 288.4 -179.1 0.0
-550.4 -649.8 538.1 24.8 91.1 0.0
-759.0 -400.4 24.1 308.1 86.7 0.0
-839.6 300.1 24.1 306.7 -152.5 0.0
-550.0 -647.7 538.1 18.2 85.1 0.0
-751.3 -398.7 24.1 311.2 68.5 0.0
-831.6 297.5 24.1 320.2 -105.3 0.0
-549.7 -645.5 538.1 9.2 88.0 0.0
-743.4 -397.4 24.1 314.6 53.0 0.0
-823.7 295.7 24.1 317.0 -71.4 0.0
-549.7 -643.3 538.1 2.8 88.2 0.0
-735.5 -396.6 24.1 316.3 33.4 0.0
-815.8 294.7 24.1 316.4 -41.4 0.0
-549.8 -641.0 538.1 -6.1 88.6 0.0
-727.5 -396.1 24.1 317.5 16.7 0.0
-807.8 294.3 24.1 318.7 -15.0 0.0
-550.1 -638.9 538.1 -12.0 85.8 0.0
-719.6 -396.1 24.1 319.4 2.2 0.0
-800.1 295.3 24.1 306.3 40.8 0.0
-550.5 -636.8 538.1 -16.7 83.1 0.0
-711.6 -396.3 24.1 318.9 -9.4 0.0
-792.8 297.4 24.1 292.5 83.7 0.0
-551.1 -634.8 538.1 -20.9 80.9 0.0
-703.7 -397.0 24.1 314.6 -26.5 0.0
-786.0 300.1 24.1 272.6 107.9 0.0
-551.6 -633.0 538.1 -21.2 71.2 0.0
-696.0 -398.0 24.1 310.8 -40.7 0.0
-779.4 303.6 24.1 263.5 139.8 0.0
-552.2 -631.3 538.1 -25.7 67.3 0.0
-688.2 -399.3 24.1 308.3 -53.1 0.0
-773.5 307.7 24.1 237.3 164.6 0.0
-553.0 -629.7 538.1 -29.6 64.1 0.0
-680.6 -400.9 24.1 304.4 -63.1 0.0
-768.0 312.7 24.1 218.1 196.6 0.0
-553.8 -628.2 538.1 -32.9 61.5 0.0
-673.3 -403.1 24.1 295.0 -86.2 0.0
-763.0 318.2 24.1 201.4 222.0 0.0
-554.4 -627.0 538.1 -26.1 48.9 0.0
-665.9 -405.9 24.1 295.1 -113.5 0.0
-758.4 324.2 24.1 186.0 240.1 0.0
-555.1 -625.8 538.1 -26.1 47.6 0.0
-658.6 -409.3 24.1 292.8 -134.4 0.0
-755.2 330.9 24.1 125.0 268.5 0.0
-555.7 -624.6 538.1 -25.6 46.6 0.0
-651.3 -413.0 24.1 288.8 -150.3 0.0
-753.4 338.2 24.1 74.1 291.1 0.0
-556.4 -623.5 538.1 -25.4 45.4 0.0
-645.2 -416.2 24.1 247.6 -127.5 0.0
-752.6 345.9 24.1 31.5 308.4 0.0
-555.1 -622.2 538.1 50.9 50.1 0.0
-638.4 -418.7 24.1 270.3 -101.6 0.0
-752.5 353.5 24.1 4.5 305.4 0.0
-552.4 -620.8 538.1 108.5 57.2 0.0
-631.1 -420.7 24.1 290.9 -79.1 0.0
-751.5 361.8 24.1 40.9 329.8 0.0
-548.4 -619.1 538.1 160.5 66.4 0.0
-623.5 -422.2 24.1 303.8 -60.7 0.0
-750.0 370.0 24.1 59.7 327.5 0.0
-543.3 -617.3 538.1 212.3 53.3 44.7
-615.4 -423.2 24.1 324.4 -39.9 0.0
-748.2 378.0 24.1 72.5 320.2 0.0
-537.8 -616.0 539.0 219.2 49.7 24.7
-607.4 -423.9 24.1 321.8 -25.8 0.0
-746.1 385.8 24.1 83.9 314.6 0.0
-532.1 -614.9 539.4 226.1 46.0 4.7
-599.4 -424.2 24.1 319.7 -13.8 0.0
-742.8 393.2 24.1 130.8 293.4 0.0
-526.3 -613.8 539.2 233.2 42.4 -15.3
-591.4 -424.3 24.1 317.9 -3.7 0.0
-738.6 400.0 24.1 166.2 273.5 0.0
-520.3 -612.9 538.6 240.2 38.8 -35.3
-583.4 -424.1 24.1 323.0 8.2 0.0
-734.1 406.3 24.1 181.7 250.3 0.0
-514.1 -612.0 538.1 247.4 35.4 0.1
-575.3 -423.7 24.1 321.1 17.0 0.0
-729.2 412.0 24.1 195.8 230.9 0.0
-507.1 -612.1 538.1 279.6 -3.1 0.0
-567.4 -423.1 24.1 319.5 24.5 0.0
-724.2 417.1 24.1 199.6 201.6 0.0
-499.5 -612.9 538.1 304.6 -35.0 0.0
-559.4 -422.3 24.1 318.1 30.8 0.0
-719.0 421.5 24.1 208.7 177.7 0.0
-492.2 -614.1 538.1 293.6 -46.4 0.0
-551.5 -421.4 24.1 317.4 37.3 0.0
-713.6 425.5 24.1 214.8 157.0 0.0
-485.6 -615.3 538.1 262.5 -47.7 0.0
-543.6 -420.3 24.1 316.1 42.4 0.0
-708.1 428.9 24.1 220.5 139.4 0.0
-479.7 -616.5 538.1 237.5 -49.8 0.0
-535.7 -419.1 24.1 315.0 46.8 0.0
-701.8 431.7 24.1 253.6 110.1 0.0
-473.4 -618.4 538.1 249.6 -73.0 0.0
-527.8 -417.9 24.1 314.2 50.5 0.0
-694.8 433.8 24.1 279.9 85.5 0.0
-467.0 -620.6 538.1 258.4 -91.7 0.0
-520.2 -416.5 24.1 306.4 53.3 0.0
-687.8 435.5 24.1 280.4 67.2 0.0
-460.0 -623.8 538.1 277.5 -125.6 0.0
-512.6 -415.1 24.1 302.9 56.2 0.0
-680.8 436.8 24.1 278.5 52.0 0.0
-453.0 -627.4 538.1 282.2 -145.1 0.0
-505.0 -413.7 24.1 302.2 59.1 0.0
-673.3 436.8 24.1 300.4 0.0 0.0
-446.0 -631.3 538.1 279.6 -156.2 0.0
-497.5 -412.1 24.1 301.5 61.7 0.0
-665.4 435.8 24.1 315.9 -41.9 0.0
-439.1 -635.4 538.1 276.0 -164.4 0.0
-490.4 -410.6 24.1 284.1 60.4 0.0
-658.0 434.4 24.1 294.5 -53.7 0.0
-432.4 -639.8 538.1 267.5 -176.5 0.0
-483.4 -409.1 24.1 280.8 62.4 0.0
-651.6 433.1 24.1 258.3 -51.2 0.0
-426.1 -644.3 538.1 251.7 -177.4 0.0
-476.4 -407.4 24.1 280.2 64.6 0.0
-644.8 433.1 24.1 269.5 -1.1 0.0
-420.2 -648.6 538.1 235.5 -174.9 0.0
-469.4 -405.8 24.1 279.7 66.6 0.0
-638.0 434.0 24.1 273.2 36.6 0.0
-414.8 -652.9 538.1 218.8 -169.7 0.0
-462.9 -404.2 24.1 257.5 62.6 0.0
-631.1 435.7 24.1 274.1 66.7 0.0
-409.8 -658.3 538.1 197.1 -218.3 0.0
-456.5 -402.6 24.1 256.8 64.8 0.0
-624.1 438.2 24.1 282.7 98.7 0.0
-405.4 -664.9 538.1 178.8 -262.2 0.0
-450.1 -400.9 24.1 256.3 66.7 0.0
-616.8 441.8 24.1 290.0 145.0 0.0
-401.3 -672.3 538.1 162.5 -294.4 0.0
-443.7 -399.2 24.1 255.8 68.3 0.0
-609.6 446.2 24.1 288.4 175.0 0.0
-399.1 -679.7 538.1 -0.1 -299.3 0.0
-437.9 -397.6 24.1 231.5 62.8 0.0
-602.8 450.7 24.1 273.3 183.1 0.0
-399.1 -687.5 538.1 -0.0 -309.9 0.0
-432.2 -396.0 24.1 230.7 65.0 0.0
-596.4 455.3 24.1 254.3 182.3 0.0
-399.1 -695.1 538.1 -0.0 -302.4 0.0
-426.4 -394.3 24.1 230.1 66.9 0.0
-590.9 459.4 24.1 220.6 164.0 0.0
-399.1 -702.3 538.1 -0.0 -289.8 0.0
-420.7 -392.6 24.1 229.6 68.4 0.0
-585.9 463.6 24.1 201.4 167.7 0.0
-399.1 -709.2 538.1 -0.0 -274.6 0.0
-415.0 -390.9 24.1 226.8 70.7 0.0
-580.9 468.5 24.1 198.0 198.2 0.0
-399.1 -715.6 538.1 -0.0 -257.0 0.0
-409.4 -389.0 24.1 225.8 73.1 0.0
-576.3 473.6 24.1 185.6 204.2 0.0
-399.1 -722.0 538.1 -0.0 -257.0 0.0
-403.7 -387.2 24.1 224.9 75.2 0.0
-572.3 480.0 24.1 158.2 252.9 0.0
-399.1 -728.5 538.1 -0.1 -259.5 0.0
-398.1 -385.2 24.1 224.2 77.0 0.0
-569.0 487.3 24.1 134.9 294.4 0.0
-399.1 -735.1 538.1 -0.0 -262.1 0.0
-391.9 -382.8 24.1 250.5 96.4 0.0
-566.1 495.3 24.1 115.1 316.8 0.0
-399.1 -741.7 538.1 -0.0 -267.1 0.0
-385.6 -380.3 24.1 251.0 101.6 0.0
-563.6 503.2 24.1 98.1 316.9 0.0
-399.1 -748.5 538.1 -0.0 -269.6 0.0
-379.4 -377.7 24.1 249.3 104.9 0.0
-561.6 511.2 24.1 80.5 322.2 0.0
-399.1 -755.2 538.1 -0.0 -269.6 0.0
-373.2 -375.0 24.1 247.8 107.7 0.0
464.0 -976.0 547.0 0.0 0.0 0.0
-560.0 519.3 24.1 65.9 321.4 0.0
-399.1 -761.9 538.1 -0.0 -267.1 0.0
-366.8 -372.1 24.1 255.4 115.4 0.0
464.0 -976.0 540.8 0.0 0.0 -100.0
-558.6 527.3 24.1 53.5 320.8 0.0
-399.1 -768.8 538.1 -0.0 -274.6 0.0
-360.4 -369.1 24.1 254.1 117.8 0.0
464.0 -976.0 538.1 0.0 0.0 0.1
-557.6 535.3 24.1 42.9 320.2 0.0
-399.1 -775.6 538.1 -0.0 -274.6 0.0
-354.1 -366.1 24.1 253.0 119.9 0.0
464.0 -976.0 538.1 0.0 0.0 0.0
-556.7 543.2 24.1 32.4 314.5 0.0
-399.1 -782.5 538.1 -0.0 -274.6 0.0
-347.8 -363.1 24.1 252.1 121.7 0.0
464.0 -976.0 538.1 0.0 0.0 0.0
-556.1 550.7 24.1 24.3 301.0 0.0
-399.1 -789.4 538.1 -0.0 -274.6 0.0
-341.3 -359.9 24.1 259.8 129.2 0.0
464.0 -976.0 538.1 0.0 0.0 0.0
-555.7 557.6 24.1 18.6 277.7 0.0
-399.1 -796.3 538.1 -0.0 -279.7 0.0
-334.8 -356.6 24.1 258.7 131.2 0.0
464.0 -976.0 538.1 0.0 0.0 0.0
-555.3 563.8 24.1 14.7 247.1 0.0
-399.1 -803.3 538.1 -0.0 -279.7 0.0
-328.4 -353.3 24.1 257.7 132.9 0.0
464.0 -976.0 538.1 0.0 0.0 0.0
-555.2 570.6 24.1 4.2 272.5 0.0
-399.1 -810.3 538.1 0.2 -279.7 0.0
-322.0 -349.9 24.1 256.9 134.3 0.0
464.0 -976.8 538.1 -0.0 -30.9 0.0
-555.3 578.0 24.1 -4.6 294.2 0.0
-399.1 -817.3 538.1 0.4 -279.7 0.0
-315.4 -346.4 24.1 262.5 140.3 0.0
464.0 -977.9 538.1 0.3 -46.1 0.0
-555.6 585.7 24.1 -11.5 308.5 0.0
-399.1 -824.4 538.1 1.1 -284.7 0.0
-308.9 -342.9 24.1 261.4 142.0 0.0
464.0 -979.4 538.1 0.3 -60.7 0.0
-556.0 593.6 24.1 -16.8 315.5 0.0
-399.0 -831.6 538.1 1.8 -287.3 0.0
-302.4 -339.3 24.1 260.6 143.5 0.0
464.0 -981.3 538.1 0.7 -74.7 0.0
-556.6 601.4 24.1 -21.4 313.0 0.0
-399.0 -838.8 538.1 2.4 -287.3 0.0
-295.9 -335.6 24.1 259.8 144.8 0.0
462.5 -982.2 538.1 -61.4 -36.3 0.0
-557.2 609.2 24.1 -25.6 312.3 0.0
-398.9 -845.9 538.1 2.5 -284.7 0.0
-289.3 -331.9 24.1 263.1 149.6 0.0
459.6 -982.3 538.1 -114.6 -4.2 0.0
-557.9 617.0 24.1 -29.1 311.7 0.0
-397.0 -851.8 538.1 76.1 -235.3 0.0
-282.7 -328.1 24.1 262.0 151.3 0.0
455.4 -981.7 538.1 -167.5 23.0 0.0
-558.7 624.8 24.1 -32.2 311.3 0.0
-393.5 -856.6 538.1 139.3 -192.9 0.0
-276.2 -324.3 24.1 261.1 152.8 0.0
450.1 -980.6 538.1 -215.6 46.8 0.0
-559.6 632.5 24.1 -35.8 311.1 0.0
-388.7 -860.6 538.1 193.1 -157.4 0.0
-269.7 -320.4 24.1 260.3 154.0 0.0
443.8 -978.6 538.1 -251.4 80.4 0.0
-560.6 640.3 24.1 -38.8 310.5 0.0
-382.7 -863.7 538.1 238.8 -127.1 0.0
-262.5 -317.5 24.1 288.6 117.5 0.0
436.8 -975.9 538.1 -280.2 108.1 0.0
-561.6 648.1 24.1 -41.3 310.0 0.0
-375.8 -864.9 538.1 278.5 0.1 0.0
-255.0 -315.3 24.1 297.9 89.4 0.0
429.8 -973.0 538.1 -277.5 115.6 0.0
-562.7 655.8 24.1 -43.5 309.6 0.0
-368.0 -864.4 538.1 312.3 17.0 0.0
-247.7 -313.6 24.1 293.6 67.9 0.0
423.2 -970.1 538.1 -265.4 115.8 0.0
-563.9 663.5 24.1 -46.0 307.0 0.0
-360.2 -863.8 538.1 312.2 25.2 0.0
-240.4 -312.3 24.1 290.0 49.6 0.0
415.7 -967.3 538.1 -300.1 111.7 0.0
-565.1 671.1 24.1 -48.5 306.4 0.0
-352.4 -863.0 538.1 310.7 31.9 0.0
-232.8 -311.7 24.1 305.4 24.0 0.0
408.3 -964.7 538.1 -296.7 102.2 0.0
-566.3 678.8 24.1 -50.7 306.0 0.0
-344.6 -862.0 538.1 310.6 40.1 0.0
-225.3 -311.5 24.1 300.4 7.7 0.0
400.9 -962.4 538.1 -295.4 94.6 0.0
-567.7 686.4 24.1 -52.5 305.6 0.0
-336.9 -860.8 538.1 308.9 46.9 0.0
-217.9 -311.7 24.1 296.2 -6.0 0.0
393.5 -960.2 538.1 -294.2 87.9 0.0
-569.0 694.0 24.1 -55.4 303.0 0.0
-329.2 -859.5 538.1 307.2 52.5 0.0
-210.6 -312.1 24.1 292.5 -17.8 0.0
386.1 -958.1 538.1 -298.1 82.4 0.0
-570.5 701.6 24.1 -58.3 302.3 0.0
-321.6 -858.1 538.1 305.8 57.2 0.0
-203.1 -313.0 24.1 298.3 -35.1 0.0
378.6 -956.2 538.1 -298.8 77.5 0.0
-572.0 709.1 24.1 -60.7 301.7 0.0
-313.9 -856.5 538.1 305.3 63.3 0.0
-195.8 -314.2 24.1 293.9 -46.1 0.0
371.1 -954.3 538.1 -302.0 73.7 0.0
-573.6 716.6 24.1 -62.7 301.2 0.0
-306.4 -854.8 538.1 301.4 67.6 0.0
-188.5 -315.6 24.1 290.1 -55.5 0.0
363.4 -952.6 538.1 -305.1 70.4 0.0
-575.2 724.0 24.1 -66.6 296.4 0.0
-298.9 -853.0 538.1 299.9 71.7 0.0
-181.4 -317.1 24.1 286.9 -63.4 0.0
355.7 -950.9 538.1 -308.2 67.6 0.0
-577.0 731.4 24.1 -70.8 295.0 0.0
-291.4 -851.2 538.1 298.8 75.2 0.0
-174.1 -319.1 24.1 288.5 -76.1 0.0
348.0 -949.3 538.1 -308.6 64.9 0.0
-578.9 738.8 24.1 -74.4 293.8 0.0
-284.0 -849.1 538.1 298.2 80.9 0.0
-167.0 -321.2 24.1 284.5 -84.1 0.0
340.2 -947.7 538.1 -311.4 63.0 0.0
-580.8 746.1 24.1 -77.5 292.8 0.0
-276.6 -847.0 538.1 296.5 85.3 0.0
-160.0 -323.4 24.1 281.1 -91.0 0.0
332.4 -946.2 538.1 -311.8 61.0 0.0
-582.0 754.2 32.1 -49.1 324.6 0.0
-269.2 -844.8 538.1 295.1 88.8 0.0
-153.0 -325.8 24.1 278.2 -96.8 0.0
324.6 -944.7 538.1 -312.1 59.2 0.0
-582.8 762.3 32.1 -31.1 324.3 0.0
-261.8 -842.5 538.1 293.9 92.1 0.0
-146.0 -328.6 24.1 281.7 -110.7 0.0
316.8 -943.2 538.1 -312.2 58.0 0.0
-583.2 770.3 40.1 -16.4 321.0 0.0
-254.4 -839.9 538.1 298.1 102.5 0.0
-139.1 -331.6 24.1 277.1 -117.9 0.0
309.0 -941.8 538.1 -312.5 56.7 0.0
-583.3 778.3 40.1 -3.9 318.3 0.0
-247.1 -837.2 538.1 293.1 107.1 0.0
-132.2 -334.7 24.1 273.3 -124.0 0.0
301.2 -940.4 538.1 -312.6 55.7 0.0
-584.9 785.9 48.1 -64.9 303.6 0.0
-239.7 -834.4 538.1 292.9 113.1 0.0
-125.5 -337.9 24.1 270.0 -129.2 0.0
293.4 -939.0 538.1 -312.8 54.8 0.0
-587.9 793.2 48.1 -116.7 291.2 0.0
-232.5 -831.5 538.1 290.8 117.1 0.0
-118.4 -342.0 24.1 282.7 -165.3 0.0
285.6 -937.7 538.1 -312.9 53.9 0.0
-591.9 800.2 48.1 -160.8 280.6 0.0
-226.0 -828.9 538.1 258.0 101.6 0.0
-111.6 -346.4 24.1 273.0 -174.6 0.0
277.7 -936.4 538.1 -313.0 53.3 0.0
-596.3 806.7 56.1 -177.5 260.5 0.0
-219.5 -826.6 538.1 259.1 94.0 0.0
-105.0 -351.0 24.1 264.7 -182.5 0.0
269.9 -935.1 538.1 -313.1 52.5 0.0
-598.7 813.1 56.1 -93.5 257.9 0.0
-213.0 -824.4 538.1 260.4 87.5 0.0
-98.5 -355.7 24.1 257.7 -189.2 0.0
262.1 -933.8 538.1 -313.2 51.9 0.0
-599.2 819.5 64.1 -22.0 255.7 0.0
-206.5 -822.4 538.1 261.5 81.9 0.0
-92.4 -360.4 24.1 246.5 -187.7 0.0
254.2 -932.5 538.1 -313.3 51.5 0.0
-598.2 825.9 64.1 38.7 253.9 0.0
-200.2 -820.5 538.1 251.1 74.1 0.0
-86.3 -365.2 24.1 242.4 -191.8 0.0
246.4 -931.2 538.1 -313.3 51.2 0.0
-596.0 832.2 64.1 90.3 252.3 0.0
-194.0 -818.8 538.1 249.4 68.6 0.0
-80.3 -370.1 24.1 239.0 -195.3 0.0
238.6 -929.9 538.1 -313.4 50.9 0.0
-592.1 837.6 72.1 156.0 217.6 0.0
-187.7 -817.2 538.1 250.1 64.2 0.0
-74.4 -375.0 24.1 236.1 -198.3 0.0
230.7 -928.6 538.1 -313.4 50.7 0.0
-586.8 842.3 72.1 211.9 188.1 0.0
-181.4 -815.7 538.1 253.1 60.9 0.0
-68.8 -379.8 24.1 227.1 -192.0 0.0
222.9 -927.4 538.1 -313.5 50.4 0.0
-580.3 846.4 72.1 259.5 163.0 0.0
-175.4 -814.3 538.1 241.7 55.3 0.0
-63.1 -384.6 24.1 226.5 -192.7 0.0
215.1 -926.1 538.1 -313.5 50.2 0.0
-572.8 849.9 80.1 299.9 141.7 0.0
-169.3 -813.0 538.1 242.1 52.1 0.0
-57.5 -389.5 24.1 225.9 -193.3 0.0
207.2 -924.9 538.1 -313.5 50.1 0.0
-566.8 854.9 80.1 239.1 196.9 0.0
-163.2 -811.7 538.1 242.5 49.3 0.0
-51.8 -394.3 24.1 225.5 -193.9 0.0
199.4 -923.6 538.1 -311.1 49.3 0.0
-562.1 861.0 80.1 187.5 243.9 0.0
-157.2 -810.6 538.1 242.9 46.8 0.0
-46.2 -400.2 24.1 226.5 -236.1 0.0
191.7 -922.4 538.1 -308.6 48.6 0.0
-558.5 868.1 88.1 143.6 283.8 0.0
-151.7 -809.5 538.1 218.4 41.2 0.0
-40.8 -406.4 24.1 215.6 -248.0 0.0
184.0 -921.2 538.1 -308.7 48.4 0.0
-555.9 876.0 88.1 106.4 317.8 0.0
-146.3 -808.6 538.1 216.3 38.5 0.0
-35.7 -412.8 24.1 204.2 -253.6 0.0
176.3 -920.0 538.1 -308.7 48.2 0.0
-555.5 883.1 96.1 17.0 285.5 0.0
-140.9 -807.7 538.1 216.5 36.3 0.0
-30.8 -419.2 24.1 194.4 -258.4 0.0
168.5 -918.8 538.1 -311.2 48.5 0.0
-556.9 889.6 96.1 -58.9 258.1 0.0
-135.5 -806.8 538.1 216.7 34.5 0.0
-24.9 -424.9 24.1 234.7 -228.2 0.0
160.7 -917.6 538.1 -311.2 48.3 0.0
-560.0 895.5 96.1 -123.4 234.8 0.0
-130.9 -806.1 538.1 184.2 29.3 0.0
-18.5 -429.9 24.1 256.9 -201.1 0.0
153.0 -916.4 538.1 -311.2 48.2 0.0
-564.5 900.8 104.1 -178.3 214.9 0.0
-126.9 -805.5 538.1 159.6 25.2 0.0
-12.0 -434.4 24.1 260.0 -176.1 0.0
145.2 -915.2 538.1 -311.3 48.2 0.0
-568.3 905.4 104.1 -151.5 182.7 0.0
-122.9 -804.9 538.1 159.7 23.8 0.0
-5.4 -438.2 24.1 262.6 -154.9 0.0
137.5 -914.0 538.1 -306.3 47.0 0.0
-572.2 909.8 104.1 -155.8 176.7 0.0
-118.9 -804.3 538.1 159.8 22.5 0.0
1.9 -440.6 24.1 292.7 -94.6 0.0
129.9 -912.8 538.1 -306.4 46.7 0.0
-576.2 914.1 112.1 -159.7 171.8 0.0
-115.5 -803.8 538.1 135.9 19.1 0.0
9.8 -441.7 24.1 318.3 -43.3 0.0
122.2 -911.7 538.1 -306.4 46.4 0.0
-580.2 918.3 112.1 -163.0 167.6 0.0
-112.3 -803.4 538.1 127.6 17.2 0.0
18.3 -441.7 24.1 340.0 0.2 0.0
114.5 -910.5 538.1 -306.5 46.1 0.0
-583.1 923.5 112.1 -113.7 206.4 0.0
-109.1 -803.0 538.1 127.6 16.1 0.0
26.9 -441.0 24.1 341.8 28.4 0.0
107.0 -909.4 538.1 -301.5 45.2 0.0
-584.9 929.4 120.1 -71.8 239.5 0.0
-105.9 -802.6 538.1 127.7 15.1 0.0
35.2 -439.3 24.1 332.7 67.9 0.0
99.5 -908.3 538.1 -301.5 45.1 0.0
-585.8 936.1 120.1 -36.2 267.6 0.0
-103.2 -802.3 538.1 108.6 12.9 0.0
43.0 -437.1 24.1 311.9 87.9 0.0
91.9 -907.2 538.1 -301.6 44.9 0.0
-585.9 943.4 120.1 -5.9 291.4 0.0
-100.7 -802.0 538.1 100.3 11.3 0.0
50.3 -434.4 24.1 294.2 104.9 0.0
84.4 -906.0 538.1 -301.6 44.8 0.0
-584.1 949.9 128.1 73.3 260.6 0.0
-98.2 -801.7 538.1 100.3 10.6 0.0
57.3 -431.5 24.1 279.2 119.4 0.0
76.8 -904.9 538.1 -301.6 44.8 0.0
-580.6 955.8 128.1 140.6 234.4 0.0
-95.7 -801.5 538.1 100.4 10.0 0.0
63.7 -427.3 24.1 256.0 164.9 0.0
69.3 -903.8 538.1 -301.6 44.8 0.0
-575.6 961.1 136.1 197.9 212.1 0.0
-93.6 -801.3 538.1 85.3 8.5 0.0
69.6 -422.2 24.1 236.3 203.6 0.0
61.8 -902.7 538.1 -301.6 44.8 0.0
-569.5 965.9 136.1 246.5 193.2 0.0
-91.6 -801.1 538.1 77.9 7.3 0.0
74.9 -416.9 24.1 212.6 213.2 0.0
54.2 -901.6 538.1 -301.6 44.7 0.0
-565.2 971.6 136.1 172.3 227.8 0.0
-89.7 -800.9 538.1 77.9 6.4 0.0
79.7 -411.4 24.1 192.0 219.3 0.0
47.0 -900.5 538.1 -289.2 42.7 0.0
-562.4 978.1 144.1 109.2 257.2 0.0
-87.7 -800.8 538.1 78.0 5.7 0.0
82.6 -405.5 24.1 112.7 236.6 0.0
40.1 -899.5 538.1 -274.2 40.3 0.0
-561.0 985.1 144.1 55.6 282.2 0.0
-85.6 -802.2 538.1 85.5 -57.6 0.0
83.7 -399.2 24.1 45.3 251.3 0.0
33.3 -898.5 538.1 -271.8 39.6 0.0
-560.8 992.7 144.1 10.0 303.5 0.0
-83.2 -805.0 538.1 94.9 -111.2 0.0
83.4 -392.6 24.1 -12.0 263.8 0.0
26.5 -897.5 538.1 -271.8 39.4 0.0
-562.5 999.2 152.1 -70.2 260.1 0.0
-80.6 -808.9 538.1 102.8 -156.9 0.0
81.9 -385.8 24.1 -60.6 274.4 0.0
20.2 -896.6 538.1 -254.4 36.5 0.0
-566.0 1004.8 152.1 -138.4 223.2 0.0
-77.9 -813.8 538.1 109.6 -195.6 0.0
81.8 -378.6 24.1 -2.8 285.2 0.0
13.8 -895.7 538.1 -254.5 36.0 0.0
-570.9 1009.6 152.1 -196.3 191.9 0.0
-75.1 -819.5 538.1 113.5 -227.9 0.0
83.0 -371.3 24.1 46.3 294.3 0.0
7.5 -894.8 538.1 -254.5 35.6 0.0
-577.0 1013.7 152.1 -245.6 165.2 0.0
-72.3 -825.5 538.1 111.7 -239.0 0.0
85.2 -363.7 24.1 88.1 302.1 0.0
1.1 -893.9 538.1 -254.6 35.2 0.0
-583.2 1017.5 152.1 -244.8 153.4 0.0
-69.6 -831.5 538.1 107.4 -240.4 0.0
87.8 -356.5 24.1 106.5 290.5 0.0
-5.6 -893.0 538.1 -269.7 36.2 0.0
-589.4 1021.2 152.1 -248.0 144.6 0.0
-67.0 -837.5 538.1 103.8 -241.6 0.0
91.7 -349.2 24.1 155.9 289.6 0.0
-12.7 -892.1 538.1 -282.3 37.2 0.0
-595.6 1024.6 152.1 -250.6 137.2 0.0
-64.4 -843.9 538.1 103.1 -252.9 0.0
96.4 -342.2 24.1 188.6 282.7 0.0
-19.8 -891.2 538.1 -282.4 36.8 0.0
-602.0 1027.9 152.1 -252.9 130.9 0.0
-61.9 -850.3 538.1 100.6 -256.3 0.0
101.4 -335.5 24.1 199.5 265.9 0.0
-26.8 -890.3 538.1 -282.4 36.4 0.0
-608.8 1031.0 152.1 -273.9 124.7 0.0
-59.4 -856.7 538.1 79.0 -241.6 -5.3
106.7 -329.2 24.1 208.8 251.7 0.0
-34.0 -889.2 538.1 -288.4 44.2 0.0
-615.7 1033.9 152.1 -275.9 115.9 0.0
-57.3 -859.0 538.1 84.8 0.3 0.0
113.0 -323.4 24.1 253.7 233.7 0.0
-40.8 -889.1 538.1 -272.4 -0.0 0.0
-622.6 1036.6 152.1 -277.6 108.4 0.0
-57.0 -859.0 538.1 11.2 1.0 0.0
119.7 -318.1 24.1 270.1 212.8 0.0
-47.5 -889.1 538.1 -266.5 -0.0 0.0
-629.6 1039.1 152.1 -279.1 102.0 0.0
-58.6 -859.0 538.1 -63.6 0.7 0.0
126.6 -313.2 24.1 275.4 192.8 0.0
-54.2 -889.1 538.1 -266.1 -0.0 0.0
-637.5 1040.9 152.1 -315.3 72.3 0.0
-61.6 -859.0 538.1 -130.4 21.3 -6.5
133.6 -308.9 24.1 279.8 175.7 0.0
-59.4 -889.1 538.1 -208.2 -0.1 0.0
-645.8 1042.2 152.1 -332.0 49.6 0.0
-66.1 -858.5 538.1 -183.3 18.6 0.0
140.8 -306.6 24.1 287.5 90.7 0.0
-63.4 -888.6 538.1 -160.1 -0.1 0.0
-654.0 1043.0 152.1 -329.0 33.5 0.0
-70.9 -858.0 544.8 -188.5 20.9 255.0
148.2 -306.1 24.1 294.0 18.5 0.0
-66.3 -888.1 538.1 -117.7 -0.1 0.0
-662.2 1043.5 152.1 -326.5 19.8 0.0
-75.7 -857.4 550.9 -193.6 23.1 235.0
155.7 -307.2 24.1 299.6 -43.0 0.0
-68.3 -887.5 538.1 -80.3 -0.1 0.0
-670.2 1043.8 152.1 -321.4 11.3 0.0
-80.7 -856.8 556.5 -203.1 49.7 211.0
163.3 -309.6 24.1 304.3 -95.2 0.0
-69.4 -886.9 538.1 -43.7 -0.1 0.0
-678.2 1043.9 152.1 -320.4 3.7 0.0
-85.9 -855.5 561.5 -208.2 52.0 191.0
170.9 -313.1 24.1 306.2 -142.1 0.0
-69.6 -885.6 538.1 -7.1 -0.1 0.0
-686.2 1043.8 152.1 -319.6 -2.8 0.0
-91.0 -854.3 566.1 -205.2 45.6 171.0
178.3 -317.2 24.1 293.9 -164.1 0.0
-69.0 -884.4 538.1 21.6 -0.1 0.0
-694.2 1043.6 152.1 -318.9 -8.3 0.0
-96.1 -853.3 570.1 -202.4 39.7 151.0
185.2 -321.6 24.1 278.4 -176.2 0.0
-68.3 -883.4 538.1 28.2 -0.1 0.0
-701.8 1042.2 152.1 -305.4 -55.3 0.0
-101.1 -852.5 573.6 -199.8 34.3 131.0
191.9 -326.3 24.1 265.1 -186.5 0.0
-67.5 -881.8 538.1 32.3 64.6 0.0
-709.0 1040.1 152.1 -287.5 -86.3 0.0
-106.0 -851.7 576.6 -197.4 29.0 111.0
197.1 -331.8 24.1 209.2 -220.7 0.0
-66.4 -879.1 538.1 43.5 110.9 0.0
-715.6 1037.5 152.1 -264.9 -102.3 0.0
-110.9 -851.1 579.2 -194.4 24.0 91.0
201.1 -338.1 24.1 161.6 -249.7 0.0
-65.1 -875.3 538.1 53.3 148.6 0.0
-721.8 1034.6 152.1 -245.8 -115.9 0.0
-115.6 -850.7 581.2 -191.1 18.5 71.0
204.2 -344.9 24.1 121.2 -274.5 0.0
-63.5 -870.7 538.1 63.2 185.4 0.0
-728.9 1031.7 152.1 -285.9 -117.9 0.0
-120.3 -850.4 582.7 -187.6 12.6 51.0
206.4 -352.1 24.1 88.6 -288.6 0.0
-63.7 -866.4 538.1 -7.8 171.2 0.0
-736.4 1028.8 152.1 -298.7 -114.1 0.0
-124.9 -850.2 583.7 -183.9 6.4 31.0
208.4 -359.7 24.1 79.3 -302.6 0.0
-65.5 -862.4 538.1 -72.5 160.0 0.0
-743.9 1026.1 152.1 -300.1 -108.6 0.0
-129.4 -850.2 584.3 -179.7 0.4 11.0
210.1 -367.3 24.1 70.6 -303.2 0.0
-68.8 -858.7 538.1 -131.8 151.3 0.0
-751.4 1023.5 152.1 -301.3 -103.9 0.0
-133.8 -850.3 584.3 -175.3 -5.8 -9.0
211.7 -374.9 24.1 63.3 -303.7 0.0
-73.5 -855.0 538.1 -185.1 145.0 0.0
-759.1 1021.2 160.1 -306.3 -90.5 0.0
-138.1 -850.6 583.8 -170.8 -12.2 -29.0
213.1 -382.5 24.1 57.0 -304.2 0.0
-79.3 -851.7 538.1 -232.2 133.8 0.0
-766.8 1019.3 160.1 -306.8 -78.9 0.0
-142.2 -851.1 582.8 -166.2 -18.6 -49.0
214.4 -390.1 24.1 50.6 -305.4 0.0
-86.1 -848.6 538.1 -274.7 124.9 0.0
-774.4 1017.5 160.1 -307.2 -69.1 0.0
-146.2 -851.7 581.4 -161.1 -24.8 -69.0
215.5 -397.8 24.1 45.1 -305.7 0.0
-93.7 -845.7 538.1 -304.0 116.3 0.0
-782.1 1016.0 160.1 -307.6 -60.8 0.0
-150.2 -852.5 579.4 -156.1 -30.9 -89.0
216.5 -405.4 24.1 40.5 -305.9 0.0
-101.4 -843.0 538.1 -305.7 105.6 0.0
-787.4 1013.9 160.1 -211.1 -84.0 0.0
-153.9 -853.4 576.9 -173.4 -36.1 -97.8
217.4 -413.0 24.1 36.5 -306.1 0.0
-109.2 -840.7 538.1 -311.3 93.6 0.0
-790.6 1011.3 160.1 -129.1 -103.8 0.0
-158.1 -854.5 574.2 -168.4 -42.1 -117.8
218.3 -420.8 24.1 32.6 -309.1 0.0
-116.9 -838.6 538.1 -309.6 83.0 0.0
-792.1 1008.3 160.1 -59.4 -120.6 0.0
-162.2 -855.7 571.0 -163.2 -47.6 -137.8
219.0 -428.5 24.1 29.1 -309.2 0.0
-124.5 -836.8 538.1 -302.7 73.5 0.0
-792.1 1004.9 168.1 -0.2 -134.9 0.0
-166.2 -857.0 567.3 -158.1 -52.9 -157.8
219.6 -436.2 24.1 26.2 -309.2 0.0
-132.1 -835.1 538.1 -303.4 65.9 0.0
-790.9 1001.3 168.1 49.9 -143.9 0.0
-170.0 -858.4 563.1 -175.8 -64.4 -169.1
220.2 -444.0 24.1 23.8 -309.3 0.0
-139.6 -833.7 538.1 -303.6 57.1 0.0
-788.6 997.5 168.1 92.4 -151.5 0.0
-174.3 -860.2 558.7 -171.3 -69.2 -189.1
220.8 -451.8 24.1 21.4 -312.0 0.0
-144.2 -832.5 538.1 0.3 49.3 0.0
-785.4 993.6 168.1 128.6 -158.1 0.0
-178.4 -862.0 553.7 -166.5 -73.5 -209.1
221.3 -459.6 24.1 19.3 -312.1 0.0
-145.9 -831.6 538.1 -69.1 36.0 0.0
-781.4 989.5 176.1 159.4 -163.6 0.0
-182.5 -863.9 548.2 -162.1 -77.5 -229.1
221.7 -467.4 24.1 17.6 -312.1 0.0
-148.9 -830.8 538.1 -120.6 30.9 0.0
-776.8 984.7 176.1 183.6 -192.3 0.0
-186.4 -866.0 542.2 -176.9 -97.5 -249.3
222.1 -475.2 24.1 16.1 -312.1 0.0
-153.0 -830.1 538.1 -164.3 25.4 0.0
-771.8 979.5 176.1 197.2 -208.9 0.0
-190.7 -868.5 538.1 -172.1 -101.8 0.3
222.5 -483.0 24.1 14.5 -314.8 0.0
-157.9 -829.6 538.1 -196.3 20.9 0.0
-766.9 974.2 184.1 196.5 -209.5 0.0
-193.1 -871.7 538.1 -94.5 -126.7 0.0
222.8 -490.9 24.1 13.1 -314.8 0.0
-163.6 -829.2 538.1 -229.2 17.1 0.0
-762.0 969.0 184.1 196.0 -210.1 0.0
-193.7 -875.4 538.1 -25.0 -150.4 0.0
223.1 -498.8 24.1 11.9 -314.8 0.0
-170.1 -828.9 538.1 -257.2 13.6 0.0
-758.6 963.3 184.1 136.9 -228.4 0.0
-192.8 -879.8 538.1 37.0 -173.0 0.0
223.4 -506.7 24.1 10.9 -314.8 0.0
-176.3 -828.6 538.1 -250.1 10.3 0.0
-756.4 957.2 192.1 86.8 -243.9 0.0
-190.5 -884.6 538.1 91.6 -193.9 0.0
223.6 -514.5 24.1 9.6 -314.9 0.0
-182.6 -828.4 538.1 -250.0 7.2 0.0
-755.3 950.7 192.1 44.1 -257.1 0.0
-187.0 -889.8 538.1 141.5 -209.1 0.0
223.8 -522.4 24.1 8.5 -314.9 0.0
-188.8 -828.3 538.1 -249.8 4.6 0.0
-755.1 944.0 192.1 7.9 -268.4 0.0
-182.4 -895.4 538.1 184.9 -222.6 0.0
224.0 -530.3 24.1 7.6 -314.9 0.0
-195.1 -828.2 538.1 -249.8 2.4 0.0
-756.9 938.2 200.1 -71.1 -235.4 0.0
-176.8 -901.3 538.1 222.4 -234.4 0.0
224.2 -538.1 24.1 6.8 -314.9 0.0
-201.6 -828.3 538.1 -262.8 -2.2 0.0
-760.4 933.0 200.1 -138.2 -207.4 0.0
-171.1 -906.9 538.1 229.7 -226.9 0.0
224.3 -546.1 24.1 5.7 -317.5 0.0
-208.6 -828.5 538.1 -280.1 -6.4 0.0
-765.3 928.4 200.1 -195.2 -183.6 0.0
-165.2 -912.4 538.1 235.5 -217.8 0.0
224.4 -554.0 24.1 4.7 -317.5 0.0
-216.0 -828.7 538.1 -294.9 -9.8 0.0
-771.3 924.3 208.1 -243.7 -163.4 0.0
-159.3 -917.6 538.1 236.1 -207.4 0.0
224.5 -562.0 24.1 3.9 -317.5 0.0
-223.6 -829.0 538.1 -304.9 -12.8 0.0
-776.0 918.9 208.1 -187.9 -215.9 0.0
-153.5 -922.5 538.1 231.4 -195.5 0.0
224.6 -569.9 24.1 3.3 -317.5 0.0
-231.3 -829.5 538.1 -308.6 -19.3 0.0
-779.6 912.4 208.1 -140.5 -260.5 0.0
-147.9 -927.0 538.1 224.3 -183.3 0.0
224.7 -577.8 24.1 2.6 -317.5 0.0
-239.2 -830.1 538.1 -315.2 -25.4 0.0
-782.1 904.9 216.1 -100.2 -298.4 0.0
-142.4 -931.3 538.1 217.6 -171.7 0.0
224.7 -585.8 24.1 2.0 -317.5 0.0
-247.1 -830.9 538.1 -316.9 -29.6 0.0
-783.7 896.7 216.1 -65.9 -330.7 0.0
-137.3 -935.3 538.1 205.3 -157.9 0.0
224.8 -593.7 24.1 1.5 -317.5 0.0
-255.1 -831.7 538.1 -316.4 -33.3 0.0
-783.3 889.4 224.1 16.6 -288.9 0.0
-132.6 -938.8 538.1 188.2 -142.2 0.0
224.8 -601.6 24.1 1.1 -317.5 0.0
-259.9 -832.5 538.1 -194.0 -29.5 0.0
-781.1 883.1 224.1 86.8 -253.3 0.0
-127.8 -942.3 538.1 192.5 -140.0 0.0
224.8 -609.6 24.1 -0.5 -317.6 0.0
-262.2 -833.1 538.1 -93.1 -26.6 0.0
-777.5 877.5 232.1 146.4 -223.1 0.0
-122.5 -946.0 538.1 210.5 -145.1 0.0
224.7 -617.5 24.1 -1.9 -317.6 0.0
-262.5 -833.7 538.1 -10.7 -23.6 0.0
-772.5 872.6 232.1 197.1 -197.5 0.0
-116.8 -949.7 538.1 227.7 -150.4 0.0
224.6 -625.5 24.1 -3.0 -317.5 0.0
-261.0 -834.0 538.1 59.1 -10.9 0.0
-767.5 866.6 232.1 200.5 -239.4 0.0
-110.7 -953.6 538.1 244.4 -156.5 0.0
224.5 -633.4 24.1 -4.0 -317.5 0.0
-258.3 -834.0 538.1 110.2 -1.7 0.0
-762.6 860.2 240.1 195.1 -256.9 0.0
-104.3 -957.7 538.1 256.7 -160.4 0.0
224.7 -641.5 24.1 7.5 -322.6 0.0
-254.3 -833.9 538.1 159.5 5.1 0.0
-758.0 853.7 240.1 185.6 -261.3 0.0
-97.7 -961.7 538.1 265.2 -161.3 0.0
225.1 -649.5 24.1 16.4 -321.2 0.0
-249.2 -833.6 538.1 201.4 10.8 0.0
-753.6 847.0 240.1 177.5 -265.0 0.0
-90.9 -965.7 538.1 271.0 -161.3 0.0
225.7 -657.4 24.1 22.7 -314.6 0.0
-243.3 -833.2 538.1 237.0 15.7 0.0
-751.7 841.4 248.1 74.7 -225.8 0.0
-84.0 -969.7 538.1 291.9 -178.2 -0.5
226.4 -664.8 24.1 25.9 -298.4 0.0
-236.8 -832.7 538.1 259.3 23.2 0.0
-752.0 836.6 248.1 -12.7 -192.5 0.0
-77.2 -973.8 538.1 272.3 -164.2 0.0
227.1 -671.9 24.1 29.4 -283.5 0.0
-230.6 -832.0 538.1 248.9 24.6 0.0
-754.2 832.5 248.1 -87.1 -164.2 0.0
-70.4 -977.8 538.1 272.4 -159.8 0.0
227.8 -678.3 24.1 29.1 -257.6 0.0
-224.4 -831.4 538.1 248.4 27.2 0.0
-757.9 829.0 256.1 -150.2 -140.1 0.0
-63.7 -981.7 538.1 267.0 -153.4 0.0
228.5 -684.0 24.1 26.8 -227.0 0.0
-218.2 -830.6 538.1 248.0 29.4 0.0
-762.1 824.7 256.1 -164.7 -170.8 0.0
-57.3 -985.3 538.1 259.2 -146.5 0.0
229.5 -690.4 24.1 38.5 -255.9 0.0
-211.4 -831.3 538.1 271.4 -26.3 0.0
-766.4 819.9 256.1 -172.0 -189.8 0.0
-51.0 -988.8 538.1 249.0 -138.8 0.0
230.7 -697.3 24.1 49.4 -276.7 0.0
-204.1 -833.1 538.1 291.2 -73.7 0.0
-770.6 815.1 256.1 -168.4 -192.4 0.0
-45.0 -992.1 538.1 242.0 -131.6 0.0
232.2 -704.7 24.1 58.8 -295.0 0.0
-196.4 -836.0 538.1 308.0 -114.0 0.0
-774.7 810.3 264.1 -165.4 -194.6 0.0
-39.3 -995.1 538.1 227.2 -121.5 0.0
233.8 -712.4 24.1 65.7 -306.1 0.0
-188.8 -839.3 538.1 303.9 -132.5 0.0
-777.2 804.5 264.1 -101.3 -232.8 0.0
-34.1 -997.9 538.1 227.1 -128.8 -2.0
235.6 -720.1 24.1 69.9 -310.1 0.0
-181.4 -843.0 538.1 296.7 -149.8 0.0
-778.4 797.8 272.1 -46.7 -265.4 0.0
-28.9 -1000.8 538.1 207.5 -116.0 0.0
237.4 -727.9 24.1 74.6 -309.7 0.0
-174.3 -847.0 538.1 286.4 -160.3 0.0
-778.4 790.5 272.1 -0.4 -293.1 0.0
-23.6 -1003.5 538.1 209.4 -108.6 0.0
239.3 -735.5 24.1 76.6 -303.7 0.0
-167.3 -851.3 538.1 277.7 -169.3 0.0
-777.4 782.6 282.1 39.0 -316.6 0.0
-17.9 -1006.2 538.1 230.8 -107.9 0.0
241.3 -743.0 24.1 79.1 -300.3 0.0
-160.6 -855.7 538.1 270.4 -177.0 0.0
-776.6 775.0 282.1 33.5 -302.1 0.0
-11.6 -1008.9 538.1 268.3 -126.9 0.0
243.3 -750.4 24.1 81.1 -297.0 0.0
-154.0 -860.3 538.1 264.2 -185.7 0.0
-775.9 767.5 282.1 28.8 -302.1 0.0
-5.2 -1011.8 538.1 256.9 -116.6 0.0
245.5 -757.9 24.1 86.9 -298.7 0.0
-147.5 -865.1 538.1 257.9 -191.9 0.0
-775.3 759.9 282.1 24.9 -302.2 0.0
0.9 -1014.3 538.1 241.6 -100.5 0.0
247.8 -765.3 24.1 91.6 -299.6 0.0
-141.2 -870.1 538.1 252.5 -197.2 0.0
-774.7 752.4 282.1 21.6 -302.2 0.0
7.0 -1016.5 538.1 244.7 -87.7 0.0
250.2 -772.9 24.1 95.7 -300.7 0.0
-135.0 -875.1 538.1 247.9 -201.7 0.0
-774.3 745.0 282.1 16.0 -293.9 0.0
13.1 -1018.5 538.1 260.2 -94.5 -2.1
252.7 -780.4 24.1 99.6 -302.0 0.0
-128.9 -880.3 538.1 243.7 -206.8 0.0
-774.1 737.7 282.1 10.8 -293.6 0.0
19.1 -1020.5 538.1 242.8 -81.5 0.0
255.3 -787.9 24.1 103.9 -301.0 0.0
-122.9 -885.6 538.1 239.6 -210.6 0.0
-773.9 730.3 282.1 6.4 -293.3 0.0
25.1 -1022.3 538.1 236.8 -70.5 0.0
258.0 -795.4 24.1 107.3 -299.6 0.0
-117.0 -890.9 538.1 236.2 -213.8 0.0
-773.8 723.0 282.1 2.7 -293.0 0.0
31.0 -1023.8 538.1 236.9 -61.5 0.0
260.7 -802.8 24.1 108.0 -293.7 0.0
-111.2 -896.3 538.1 233.2 -216.6 0.0
-773.9 716.5 282.1 -2.0 -261.3 0.0
36.9 -1025.1 538.1 256.1 -70.0 -2.7
263.3 -809.9 24.1 107.5 -285.7 0.0
-105.5 -901.8 538.1 228.6 -218.2 0.0
-774.2 710.1 282.1 -14.1 -257.0 0.0
42.8 -1026.6 538.1 237.0 -60.3 0.0
265.0 -817.7 24.1 67.5 -313.2 0.0
-99.8 -907.3 538.1 225.7 -220.8 0.0
-774.8 703.7 282.1 -24.3 -253.3 0.0
49.0 -1028.0 538.1 245.6 -52.4 0.0
265.9 -826.1 24.1 33.9 -334.2 0.0
-94.2 -912.9 538.1 223.2 -223.0 0.0
-775.7 697.5 282.1 -33.1 -250.3 0.0
55.2 -1029.1 538.1 248.2 -45.8 0.0
266.2 -834.4 24.1 12.7 -331.6 0.0
-88.7 -918.5 538.1 221.1 -224.9 0.0
-776.3 690.3 282.1 -25.2 -288.3 0.0
61.4 -1030.1 538.1 268.8 -54.3 -1.7
266.1 -842.6 24.1 -5.1 -328.4 0.0
-83.4 -924.0 538.1 214.0 -221.4 0.0
-776.8 682.7 282.1 -19.1 -303.3 0.0
67.6 -1031.3 538.1 248.2 -46.7 0.0
265.8 -850.6 24.1 -11.6 -320.3 0.0
-78.1 -929.6 538.1 212.0 -223.1 0.0
-777.1 675.1 282.1 -14.5 -303.2 0.0
74.1 -1032.3 538.1 258.7 -40.7 0.0
265.3 -858.6 24.1 -18.7 -319.5 0.0
-72.8 -935.2 538.1 210.3 -224.6 0.0
-777.4 667.5 282.1 -10.6 -303.0 0.0
80.6 -1033.2 538.1 261.4 -35.4 0.0
264.7 -866.6 24.1 -24.9 -318.5 0.0
-67.6 -940.9 538.1 208.8 -225.9 0.0
-777.6 660.0 282.1 -6.4 -303.2 0.0
87.1 -1033.9 538.1 283.0 -42.7 -4.3
263.9 -874.5 24.1 -29.9 -317.4 0.0
-62.6 -946.3 538.1 199.0 -218.0 0.0
-777.6 652.4 282.1 -2.8 -303.0 0.0
93.7 -1034.9 538.1 261.4 -36.7 0.0
262.9 -882.5 24.1 -43.5 -321.3 0.0
-57.7 -951.7 538.1 195.7 -217.5 0.0
-777.6 644.8 282.1 0.2 -302.8 0.0
100.5 -1035.7 538.1 274.3 -31.8 0.0
261.5 -890.5 24.1 -53.1 -318.1 0.0
-52.9 -957.2 538.1 194.3 -218.6 0.0
-777.6 637.2 282.1 2.8 -302.7 0.0
107.5 -1036.4 538.1 276.8 -27.6 0.0
260.1 -898.2 32.1 -58.6 -308.2 0.0
-48.0 -962.7 538.1 193.0 -219.6 0.0
-777.4 629.6 282.1 5.7 -305.2 0.0
114.4 -1036.9 538.1 300.2 -32.8 -2.0
258.5 -905.5 32.1 -61.1 -293.8 0.0
-43.6 -967.8 538.1 178.9 -205.6 0.0
-777.2 622.0 282.1 8.0 -305.1 0.0
121.3 -1037.7 538.1 276.8 -28.2 0.0
257.2 -911.8 32.1 -52.4 -251.6 0.0
-39.1 -973.0 538.1 177.2 -206.9 0.0
-777.0 614.4 282.1 10.0 -304.9 0.0
128.5 -1038.3 538.1 289.5 -24.5 0.0
256.0 -917.9 40.1 -50.1 -241.8 0.0
-34.7 -978.2 538.1 175.7 -208.0 0.0
-776.7 606.7 282.1 11.7 -304.8 0.0
135.8 -1038.8 538.1 292.1 -21.1 0.0
254.7 -923.9 40.1 -50.0 -241.8 0.0
-30.4 -983.4 538.1 174.5 -209.0 0.0
-776.3 599.1 282.1 13.5 -304.8 0.0
143.1 -1039.2 538.1 315.2 -27.5 -2.7
253.5 -929.9 48.1 -49.8 -241.9 0.0
-26.7 -987.9 538.1 148.3 -177.6 0.0
-776.0 591.5 282.1 15.1 -304.6 0.0
151.0 -1039.9 537.8 292.0 -49.2 72.1
252.7 -936.7 48.1 -31.6 -270.8 0.0
-23.5 -991.7 538.1 126.1 -151.0 0.0
-775.5 583.9 282.1 16.5 -304.5 0.0
158.3 -1041.2 539.4 292.0 -49.2 52.1
252.2 -943.5 48.1 -20.0 -271.5 0.0
-20.8 -994.9 538.1 107.2 -128.3 0.0
-775.1 576.3 282.1 17.6 -304.4 0.0
165.6 -1042.4 540.4 292.0 -49.2 32.1
251.9 -950.3 56.1 -10.5 -269.9 0.0
-18.6 -997.6 538.1 91.1 -109.1 0.0
-774.6 568.7 282.1 19.1 -304.4 0.0
172.9 -1043.6 541.0 315.9 -56.2 10.0
251.9 -957.0 56.1 -2.5 -268.6 0.0
-16.6 -999.9 538.1 78.8 -93.9 0.0
-774.1 561.1 282.1 20.3 -304.3 0.0
180.8 -1045.0 541.0 315.9 -56.2 -10.0
252.6 -964.3 64.1 28.8 -295.2 0.0
-14.7 -1002.1 538.1 74.8 -86.7 0.0
-773.6 553.5 282.1 21.3 -304.2 0.0
188.7 -1046.4 540.5 315.9 -56.2 -30.0
253.8 -971.9 64.1 48.3 -302.4 0.0
-12.8 -1004.2 538.1 76.5 -84.9 0.0
-773.0 545.9 282.1 22.1 -304.1 0.0
196.6 -1047.8 539.5 315.9 -56.2 -50.0
255.3 -979.3 72.1 59.6 -297.2 0.0
-10.9 -1006.3 538.1 77.9 -83.3 0.0
-772.4 538.2 282.1 23.7 -304.1 0.0
204.5 -1049.2 538.0 340.6 -60.3 -70.9
257.0 -986.7 72.1 69.2 -292.8 0.0
-7.2 -1008.2 538.1 145.4 -76.6 0.0
-771.8 530.7 282.1 25.0 -303.9 0.0
213.0 -1050.8 535.9 340.6 -60.3 -90.9
258.5 -993.1 80.1 58.2 -255.8 0.0
-2.2 -1010.0 538.1 202.7 -70.9 0.0
-771.2 523.1 282.1 26.1 -303.8 0.0
221.5 -1052.3 533.4 340.6 -60.3 -110.9
259.6 -999.4 80.1 46.1 -254.7 0.0
4.1 -1011.6 538.1 251.5 -66.0 0.0
-770.5 515.5 282.1 27.0 -303.7 0.0
230.1 -1053.8 530.4 340.6 -60.3 -130.9
260.5 -1005.8 80.1 35.8 -253.7 0.0
11.4 -1013.2 538.1 292.9 -61.9 0.0
-769.8 507.8 282.1 29.4 -306.2 0.0
238.6 -1055.3 526.9 340.6 -60.3 -150.9
261.2 -1012.1 88.1 27.0 -252.9 0.0
19.2 -1014.6 538.1 309.5 -56.4 0.0
-769.0 500.2 282.1 31.1 -306.0 0.0
247.1 -1056.8 522.9 340.6 -60.3 -170.9
261.0 -1019.2 88.1 -5.4 -285.7 0.0
26.9 -1015.9 538.1 309.9 -50.8 0.0
-768.2 492.5 282.1 32.6 -305.8 0.0
255.6 -1058.3 518.3 340.6 -60.3 -190.9
260.2 -1027.1 96.1 -33.0 -313.6 0.0
26.1 -1015.3 538.1 -34.5 22.4 0.0
-767.3 484.9 282.1 33.8 -305.6 0.0
264.1 -1059.8 513.3 340.6 -60.3 -210.9
259.1 -1034.8 96.1 -45.6 -310.2 0.0
27.5 -1015.1 538.1 56.0 9.4 0.0
-766.6 477.7 282.1 27.6 -286.2 0.0
272.6 -1061.3 507.8 364.9 -65.3 -233.9
257.7 -1042.5 104.1 -55.8 -306.1 0.0
30.5 -1015.0 538.1 119.8 2.3 0.0
-766.1 470.6 282.1 21.5 -286.0 0.0
281.8 -1062.9 501.7 364.9 -65.3 -253.9
256.4 -1049.6 104.1 -50.4 -285.8 0.0
35.0 -1015.1 538.1 180.5 -2.7 0.0
-765.7 463.4 282.1 16.4 -285.7 0.0
290.9 -1064.6 495.1 364.9 -65.3 -273.9
255.2 -1057.2 112.1 -49.6 -301.2 0.0
40.8 -1015.3 538.1 232.0 -6.9 0.0
-765.4 456.3 282.1 12.0 -285.5 0.0
300.0 -1066.2 488.0 364.9 -65.3 -293.9
254.0 -1064.9 112.1 -48.2 -309.0 0.0
47.7 -1015.5 538.1 275.8 -10.5 0.0
-765.2 449.6 282.1 6.2 -266.7 0.0
309.1 -1067.8 480.4 388.4 -71.7 -319.5
252.8 -1072.7 112.1 -47.1 -314.1 0.0
55.5 -1015.9 538.1 312.2 -13.7 0.0
-765.3 443.0 282.1 -1.2 -265.5 0.0
318.8 -1069.6 472.2 388.4 -71.7 -339.5
252.5 -1080.6 120.1 -11.6 -313.8 0.0
63.3 -1016.2 538.1 312.1 -14.4 0.0
-765.4 436.4 282.1 -7.5 -264.4 0.0
328.5 -1071.4 463.4 388.4 -71.7 -359.5
253.0 -1088.5 120.1 21.1 -317.6 0.0
71.1 -1016.6 538.1 312.1 -15.1 0.0
-765.8 429.8 282.1 -12.8 -263.5 0.0
338.2 -1073.2 454.2 388.4 -71.7 -379.5
254.2 -1096.5 128.1 48.1 -320.5 0.0
78.9 -1017.0 538.1 312.1 -15.7 0.0
-764.1 424.7 282.1 64.5 -203.7 0.0
348.0 -1075.0 444.4 388.4 -71.7 -399.5
256.0 -1104.5 128.1 69.8 -320.1 0.0
86.6 -1017.4 538.1 309.5 -15.9 0.0
-760.9 420.9 282.1 130.3 -152.9 0.0
357.7 -1076.8 434.2 388.4 -71.7 -419.5
257.5 -1111.8 136.1 59.4 -289.5 0.0
94.4 -1017.8 538.1 309.5 -16.3 0.0
-756.2 418.1 282.1 186.1 -109.6 0.0
367.4 -1078.6 423.5 388.4 -71.7 -439.5
258.7 -1118.5 136.1 50.5 -269.7 0.0
102.1 -1018.2 538.1 309.5 -16.6 0.0
-750.4 416.3 282.1 233.7 -72.9 0.0
377.1 -1080.4 412.2 388.4 -71.7 -459.5
259.8 -1124.7 144.1 42.9 -246.9 0.0
109.8 -1018.6 538.1 309.5 -16.8 0.0
-743.6 415.4 282.1 273.2 -34.7 0.0
386.8 -1082.2 400.5 388.4 -71.7 -479.5
260.7 -1130.4 144.1 36.5 -229.3 0.0
117.7 -1019.1 538.1 314.5 -17.3 0.0
-735.9 415.4 282.1 306.7 -2.3 0.0
396.5 -1084.0 388.3 388.4 -71.7 -499.5
260.8 -1137.1 152.1 1.8 -266.0 0.0
125.6 -1019.5 538.1 314.5 -17.5 0.0
-727.7 416.0 282.1 329.5 23.1 0.0
406.2 -1085.8 375.5 388.4 -71.7 -519.5
260.1 -1144.5 152.1 -28.3 -298.9 0.0
133.4 -1020.0 538.1 314.5 -17.7 0.0
-719.5 416.9 282.1 324.8 36.0 0.0
415.9 -1087.6 362.3 388.4 -71.7 -539.5
258.8 -1152.6 152.1 -52.3 -322.1 0.0
141.3 -1020.4 538.1 314.5 -17.8 0.0
-711.4 418.1 282.1 324.0 51.6 0.0
425.6 -1089.4 348.5 388.4 -71.7 -559.5
257.2 -1160.5 160.1 -62.0 -317.3 0.0
149.1 -1020.9 538.1 314.4 -18.1 0.0
-703.5 419.7 282.1 319.0 62.9 0.0
435.3 -1091.2 334.3 388.4 -71.7 -579.5
255.8 -1168.4 160.1 -56.9 -313.5 0.0
157.0 -1021.3 538.1 314.4 -18.3 0.0
-695.6 421.5 282.1 314.8 72.6 0.0
445.2 -1092.8 319.6 392.8 -65.9 -599.5
254.5 -1176.2 168.1 -52.3 -314.2 0.0
164.9 -1021.8 538.1 314.4 -18.5 0.0
-687.8 423.6 282.1 311.2 80.8 0.0
455.1 -1094.3 304.3 397.2 -60.1 -619.5
253.3 -1184.0 168.1 -48.4 -311.9 0.0
172.7 -1022.2 538.1 314.4 -18.7 0.0
-680.1 425.8 282.1 309.4 91.0 0.0
465.1 -1095.7 288.6 420.0 -59.9 -655.6
252.2 -1191.6 176.1 -44.4 -302.1 0.0
180.5 -1022.7 538.1 309.4 -18.2 0.0
-672.4 428.3 282.1 305.6 98.6 0.0
475.7 -1097.0 282.1 424.4 -54.0 0.7
251.9 -1199.8 176.1 -8.4 -330.6 0.0
188.1 -1023.1 538.1 304.4 -17.9 0.0
-664.9 430.9 282.1 302.4 105.1 0.0
485.1 -1096.2 282.1 372.9 32.5 0.0
252.3 -1208.2 184.1 15.2 -336.3 0.0
195.7 -1023.6 538.1 304.4 -17.8 0.0
-657.4 433.7 282.1 299.6 110.5 0.0
492.5 -1093.2 282.1 329.3 106.0 0.0
253.1 -1216.5 184.1 30.7 -330.0 0.0
203.3 -1024.0 538.1 304.4 -17.7 0.0
-650.5 436.3 282.1 275.9 106.1 0.0
494.9 -1087.1 282.1 309.4 164.2 -17.6
254.2 -1224.6 192.1 44.0 -324.7 0.0
211.1 -1024.5 538.1 311.9 -18.1 0.0
-643.7 439.1 282.1 272.7 111.8 0.0
255.2 -1232.0 192.1 39.9 -294.6 0.0
218.9 -1024.9 538.1 314.4 -18.3 0.0
-636.9 442.0 282.1 269.9 116.8 0.0
256.2 -1239.3 200.1 39.8 -294.6 0.0
226.8 -1025.4 538.1 314.4 -18.3 0.0
-630.2 445.1 282.1 267.5 120.9 0.0
257.2 -1246.7 200.1 39.8 -294.7 0.0
234.7 -1025.9 538.1 314.4 -18.4 0.0
-624.6 447.6 282.1 227.4 102.8 0.0
258.2 -1254.1 208.1 39.7 -294.7 0.0
242.3 -1026.3 538.1 306.9 -17.9 0.0
-619.7 449.8 282.1 193.3 87.4 0.0
259.3 -1261.3 214.8 44.3 -291.4 255.0
249.8 -1026.7 538.1 296.8 -17.2 0.0
-615.2 451.9 282.1 179.6 84.1 0.0
260.5 -1268.6 220.9 48.9 -288.1 235.0
256.9 -1027.1 538.1 284.2 -16.5 0.0
-610.8 454.1 282.1 177.4 87.4 0.0
261.8 -1275.7 226.5 53.5 -284.8 215.0
263.5 -1027.5 538.1 266.6 -15.5 0.0
-607.0 456.0 282.1 150.8 74.3 0.0
263.3 -1282.7 231.6 58.1 -281.5 195.0
269.7 -1027.9 538.1 246.5 -14.2 0.0
-603.8 457.6 282.1 128.2 63.2 0.0
264.7 -1289.6 236.2 57.1 -275.0 175.0
275.3 -1028.2 538.1 223.9 -12.9 0.0
-600.9 459.0 282.1 116.1 58.8 0.0
266.1 -1296.3 240.4 56.1 -268.0 155.0
281.5 -1028.6 538.1 246.5 -14.1 0.0
-598.1 460.6 282.1 114.3 61.3 0.0
267.5 -1302.8 244.0 55.0 -260.7 135.0
288.1 -1028.9 538.1 266.7 -15.1 0.0
-594.1 461.3 282.1 157.1 30.8 0.0
268.8 -1309.1 247.1 53.9 -253.0 115.0
295.2 -1029.3 538.1 284.3 -15.7 0.0
-589.4 461.5 282.1 190.5 6.1 0.0
270.2 -1315.3 249.8 52.6 -245.4 95.0
302.7 -1029.7 538.1 296.9 -16.2 0.0
-584.0 461.1 282.1 215.4 -13.8 0.0
271.4 -1321.2 251.9 51.3 -237.7 75.0
310.3 -1030.2 538.1 307.0 -16.4 0.0
-578.0 460.3 282.1 240.1 -32.0 0.0
272.7 -1327.0 253.5 50.0 -230.1 55.0
318.2 -1030.6 538.1 314.5 -16.5 0.0
-571.3 459.0 282.1 266.2 -51.6 0.0
273.9 -1332.5 254.6 48.7 -222.5 35.0
326.1 -1031.0 538.1 317.1 -16.4 0.0
-564.4 457.4 282.1 278.1 -64.6 0.0
275.1 -1337.9 255.2 47.4 -215.1 15.0
334.0 -1031.4 538.1 317.0 -16.7 0.0
-557.3 455.6 282.1 285.0 -74.3 0.0
276.3 -1343.1 255.4 46.1 -207.7 -5.0
341.9 -1031.8 538.1 314.5 -16.9 0.0
-550.0 453.5 282.1 290.0 -82.1 0.0
277.4 -1348.1 255.0 44.8 -200.3 -25.0
349.6 -1032.2 538.1 306.9 -16.7 0.0
-542.6 451.2 282.1 295.5 -90.8 0.0
278.5 -1352.9 254.1 43.5 -192.9 -45.0
357.4 -1032.7 538.1 314.5 -17.5 0.0
-535.2 448.8 282.1 295.9 -96.1 0.0
279.5 -1357.6 252.8 42.2 -185.7 -65.0
365.4 -1033.1 538.1 317.0 -17.7 0.0
-527.9 446.3 282.1 294.3 -100.0 0.0
280.5 -1362.0 250.9 40.9 -178.6 -85.0
373.3 -1033.6 538.1 317.0 -17.8 0.0
-520.5 443.8 282.1 292.9 -103.1 0.0
281.5 -1366.3 248.5 39.5 -171.4 -105.0
381.2 -1034.0 538.1 317.0 -17.9 0.0
-513.3 441.1 282.1 291.7 -106.7 0.0
282.5 -1370.4 245.6 38.2 -164.2 -125.0
389.0 -1034.4 538.1 311.9 -17.7 0.0
-506.1 438.4 282.1 285.8 -107.5 0.0
283.4 -1374.3 242.2 36.9 -157.3 -145.0
396.6 -1034.9 538.1 304.4 -17.3 0.0
-499.1 435.7 282.1 280.2 -107.8 0.0
284.3 -1378.1 238.4 35.5 -150.3 -165.0
404.0 -1035.3 538.1 296.8 -16.8 0.0
-492.2 433.0 282.1 274.7 -107.9 0.0
285.1 -1381.7 234.0 34.2 -143.4 -185.0
411.5 -1035.7 538.1 296.9 -16.7 0.0
-485.6 430.3 282.1 266.9 -107.3 0.0
286.0 -1384.9 229.1 32.9 0.1 -205.0
419.1 -1036.2 538.1 306.9 -17.4 0.0
-479.2 427.7 282.1 254.5 -104.0 0.0
286.8 -1384.7 223.8 31.5 6.9 -225.0
426.9 -1036.6 538.1 309.4 -17.6 0.0
-473.1 425.2 282.1 242.3 -100.5 0.0
287.5 -1384.4 217.9 30.2 13.6 -245.0
434.6 -1037.0 538.1 309.4 -17.6 0.0
-467.4 422.8 282.1 227.9 -95.5 0.0
288.2 -1383.9 217.1 28.9 20.3 0.3
442.3 -1037.5 538.1 309.4 -17.7 0.0
-462.0 420.5 282.1 215.8 -91.9 0.0
288.3 -1381.9 217.1 3.3 79.1 0.0
449.8 -1037.9 538.1 299.4 -17.0 0.0
-456.7 418.2 282.1 212.9 -92.1 0.0
287.9 -1378.9 217.1 -17.0 117.3 0.0
457.3 -1038.3 538.1 299.4 -16.8 0.0
-451.1 415.8 282.1 223.7 -98.6 0.0
287.0 -1375.1 217.1 -34.0 152.9 0.0
464.8 -1038.7 538.1 299.4 -16.7 0.0
-445.3 413.2 282.1 232.4 -104.0 0.0
285.8 -1370.5 217.1 -48.6 183.1 0.0
472.3 -1039.2 538.1 299.4 -16.6 0.0
-439.4 410.5 282.1 236.3 -107.7 0.0
284.3 -1365.3 217.1 -60.9 208.8 0.0
479.8 -1039.6 537.9 299.4 -16.6 -20.0
-433.4 407.7 282.1 242.4 -112.3 0.0
282.4 -1359.4 217.1 -75.3 235.9 0.0
487.2 -1040.0 537.1 299.4 -16.6 -40.0
-427.2 404.8 282.1 246.4 -115.7 0.0
280.4 -1353.4 217.1 -79.7 239.5 0.0
494.7 -1040.4 535.9 299.4 -16.6 -60.0
-421.0 401.8 282.1 248.2 -117.6 0.0
278.4 -1347.5 217.1 -81.9 238.7 0.0
496.9 -1040.8 534.1 -0.3 -16.6 -80.0
-414.8 398.9 282.1 247.6 -119.3 0.0
276.3 -1341.5 217.1 -83.7 237.9 0.0
496.8 -1041.3 532.1 -1.7 -17.9 0.1
-408.6 395.8 282.1 249.0 -122.0 0.0
273.9 -1335.1 217.1 -95.5 258.0 0.0
496.9 -1039.4 534.2 -0.1 75.0 73.8
-402.4 392.7 282.1 248.3 -123.4 0.0
271.5 -1328.6 217.1 -97.6 257.1 0.0
496.8 -1037.5 538.1 -1.4 71.4 53.8
-396.1 389.6 282.1 250.0 -125.6 0.0
269.0 -1322.2 217.1 -99.4 256.3 0.0
496.8 -1035.8 539.2 -2.8 70.1 33.8
-390.9 384.9 282.1 210.6 -186.1 0.0
266.4 -1315.9 217.1 -101.0 255.6 0.0
496.7 -1034.1 539.8 -4.3 69.8 13.8
-386.4 379.0 282.1 177.3 -237.5 0.0
263.6 -1309.1 217.1 -112.6 270.5 0.0
496.5 -1032.3 539.9 -5.8 69.6 -6.2
-382.7 372.0 282.1 149.0 -281.2 0.0
260.7 -1302.4 217.1 -115.4 269.1 0.0
496.3 -1030.6 539.5 -7.3 69.4 -26.2
-379.6 364.0 282.1 124.6 -318.4 0.0
257.8 -1295.7 217.1 -117.8 267.9 0.0
496.1 -1028.8 538.6 -8.8 69.2 -46.2
-377.3 355.5 282.1 90.6 -340.0 0.0
254.8 -1289.0 217.1 -119.8 266.9 0.0
495.8 -1027.1 538.1 -10.5 68.4 0.1
-375.6 347.1 282.1 66.8 -334.9 0.0
252.3 -1282.8 217.1 -100.8 247.3 0.0
495.2 -1026.0 538.1 -25.5 44.6 0.0
-374.5 338.9 282.1 46.5 -330.6 0.0
250.2 -1276.6 217.1 -83.8 246.5 0.0
494.3 -1025.4 538.1 -35.6 23.0 0.0
-373.8 330.6 282.1 29.2 -328.6 0.0
248.5 -1270.5 217.1 -69.4 245.7 0.0
493.3 -1025.3 538.1 -40.6 6.3 0.0
-373.7 322.5 282.1 2.5 -326.8 0.0
247.0 -1264.4 217.1 -69.9 233.5 -18.2
492.3 -1025.5 538.1 -41.8 -8.2 0.0
-374.1 314.5 282.1 -17.5 -319.9 0.0
245.4 -1258.4 216.4 -66.0 240.2 -38.2
491.2 -1025.9 538.1 -43.2 -17.4 0.0
-375.0 306.7 282.1 -33.7 -312.3 0.0
243.8 -1252.2 215.2 -62.1 246.8 -58.2
490.0 -1026.5 538.1 -45.4 -24.0 0.0
-376.2 299.0 282.1 -47.9 -306.2 0.0
242.4 -1245.9 213.5 -58.3 253.4 -78.2
488.8 -1027.3 538.1 -48.2 -29.1 0.0
-377.7 292.0 282.1 -60.4 -279.1 0.0
241.0 -1239.4 211.3 -54.4 260.1 -98.2
487.6 -1028.1 538.1 -48.4 -32.3 0.0
-379.6 285.5 282.1 -77.0 -261.9 0.0
239.8 -1233.0 208.6 -48.1 256.0 -118.2
486.4 -1028.9 538.1 -49.0 -34.9 0.0
-381.8 279.4 282.1 -89.3 -245.5 0.0
238.8 -1226.7 205.4 -41.7 251.9 -138.2
485.2 -1029.9 538.1 -49.8 -37.1 0.0
-384.3 273.6 282.1 -99.3 -231.2 0.0
237.9 -1220.5 201.7 -35.3 247.8 -158.2
483.9 -1030.8 538.1 -50.8 -39.0 0.0
-388.3 271.1 282.1 -160.5 0.2 0.0
237.2 -1214.4 197.5 -42.1 232.7 -196.3
482.8 -1031.7 538.1 -43.7 -34.4 0.0
-393.6 271.6 282.1 -211.9 17.6 0.0
236.2 -1208.7 192.3 -38.3 225.8 -216.3
481.7 -1032.6 538.1 -42.1 -34.5 0.0
-400.0 272.4 282.1 -255.1 32.1 0.0
235.3 -1203.3 186.7 -34.5 218.9 -236.3
480.7 -1033.4 538.1 -40.7 -34.4 0.0
-407.3 273.5 282.1 -291.7 44.6 0.0
234.6 -1198.0 180.5 -30.7 212.0 -256.3
479.7 -1034.3 538.1 -39.4 -34.1 0.0
-413.4 272.4 282.1 -244.8 -41.4 0.0
233.9 -1192.8 176.1 -27.0 205.1 0.3
478.9 -1035.2 538.1 -33.9 -36.2 0.0
-418.5 269.6 282.1 -204.9 -114.5 0.0
235.2 -1187.8 176.1 50.6 200.8 0.0
478.2 -1036.1 538.1 -29.5 -37.1 0.0
-422.8 265.2 282.1 -171.0 -176.0 0.0
238.1 -1182.9 176.1 116.4 197.2 0.0
477.5 -1037.0 538.1 -25.9 -37.2 0.0
-426.4 259.5 282.1 -142.0 -228.3 0.0
241.2 -1177.9 175.9 123.8 199.8 -20.0
476.9 -1038.0 538.1 -23.2 -36.8 0.0
-429.1 252.7 282.1 -110.1 -272.7 0.0
244.4 -1172.8 175.1 131.1 202.5 -40.0
476.5 -1038.8 538.1 -18.5 -35.0 0.0
-431.2 244.9 282.1 -83.4 -309.9 0.0
247.9 -1167.7 173.9 138.5 205.0 -60.0
476.1 -1039.6 538.1 -14.6 -32.0 0.0
-432.8 236.8 282.1 -62.9 -323.5 0.0
251.6 -1162.5 172.1 145.9 207.5 -80.0
475.7 -1040.5 537.9 -14.9 -33.0 -20.0
-434.0 228.9 282.1 -47.7 -318.8 0.0
255.4 -1157.3 169.9 153.3 210.0 -100.0
475.4 -1041.3 537.1 -15.2 -34.0 -40.0
-434.7 220.8 282.1 -30.6 -321.8 0.0
259.4 -1151.9 167.1 160.7 212.5 -120.0
475.0 -1042.2 535.9 -15.0 -35.7 -60.0
-435.2 212.9 282.1 -17.6 -316.6 0.0
263.4 -1146.8 163.9 159.5 206.4 -140.0
474.6 -1043.1 534.1 -14.8 -37.4 -80.0
-435.3 205.1 282.1 -6.3 -312.2 0.0
267.3 -1141.8 160.1 158.2 200.3 -160.0
474.2 -1044.1 531.9 -14.6 -39.1 -100.0
-435.3 197.5 282.1 2.5 -305.1 0.0
271.3 -1136.9 155.9 157.0 194.2 -180.0
473.9 -1045.1 529.1 -14.4 -40.8 -120.0
-434.9 189.8 282.1 14.1 -308.0 0.0
275.2 -1132.2 151.1 155.8 188.1 -200.0
473.5 -1046.2 528.1 -14.5 -42.4 0.1
-434.4 182.2 282.1 22.4 -303.4 0.0
278.9 -1127.4 145.9 150.1 191.4 -220.0
473.3 -1047.3 528.1 -10.7 -45.2 0.0
-433.6 174.7 282.1 29.2 -299.0 0.0
282.5 -1122.6 144.1 144.5 194.8 0.2
473.0 -1048.5 527.9 -10.8 -47.0 -20.0
-432.8 167.3 282.1 34.8 -295.0 0.0
284.2 -1117.6 144.1 66.6 199.1 0.0
472.7 -1049.7 527.1 -10.8 -48.8 -40.0
-431.7 159.8 282.1 43.7 -299.5 0.0
285.7 -1112.5 143.9 60.9 202.5 -20.0
472.5 -1050.8 525.9 -9.1 -41.8 -60.0
-430.4 152.5 282.1 48.7 -295.3 0.0
287.1 -1107.4 143.1 54.4 204.2 -40.0
-429.1 145.1 282.1 53.7 -293.9 0.0
288.3 -1102.3 141.9 47.9 205.9 -60.0
-427.7 137.8 282.1 57.9 -292.7 0.0
289.3 -1097.1 140.1 41.4 207.6 -80.0
-426.0 130.4 282.1 64.7 -296.9 0.0
290.2 -1091.9 137.9 34.8 209.3 -100.0
-424.3 123.0 282.1 69.3 -295.5 0.0
290.9 -1086.6 135.1 27.7 209.9 -120.0
-422.5 115.6 282.1 73.7 -296.7 0.0
-352.0 -848.0 291.0 0.0 0.0 0.0
291.4 -1081.4 131.9 21.1 210.4 -140.0
-420.5 108.2 282.1 76.9 -295.6 0.0
-352.0 -848.0 284.8 0.0 0.0 -100.0
291.8 -1076.1 128.1 15.3 210.9 -160.0
-418.4 100.7 282.1 83.5 -299.7 0.0
-352.0 -848.0 282.1 0.0 0.0 0.1
292.0 -1070.8 123.9 9.1 211.4 -180.0
-416.3 93.2 282.1 86.9 -298.2 0.0
-352.0 -848.0 282.1 0.0 0.0 0.0
292.1 -1065.6 119.1 2.9 208.3 -200.0
-414.0 85.8 282.1 90.2 -297.2 0.0
-352.0 -848.0 282.1 0.0 0.0 0.0
292.0 -1060.4 113.9 -2.7 205.5 -220.0
-411.7 78.4 282.1 92.6 -296.1 0.0
-352.0 -848.0 282.1 0.0 0.0 0.0
291.8 -1055.4 108.1 -7.9 202.9 -240.0
-409.2 70.9 282.1 99.9 -300.1 0.0
-352.0 -848.0 282.1 0.0 0.0 0.0
291.5 -1050.4 104.1 -13.8 199.9 0.3
-406.6 63.5 282.1 102.9 -296.1 0.0
-352.0 -848.0 282.1 0.0 0.0 0.0
289.3 -1045.6 104.1 -85.5 189.2 0.0
-404.0 56.1 282.1 106.1 -294.6 0.0
-350.2 -847.7 282.1 73.0 10.4 0.0
285.8 -1041.2 104.1 -142.1 179.2 0.0
-401.3 48.8 282.1 109.2 -293.3 0.0
-347.0 -847.3 282.1 127.9 18.4 0.0
281.2 -1036.9 104.1 -184.1 169.2 0.0
-397.3 42.6 282.1 157.7 -247.4 0.0
-342.6 -846.7 282.1 174.2 25.1 0.0
276.4 -1032.7 103.9 -189.9 170.7 -20.0
-392.4 37.4 282.1 198.3 -208.2 0.0
-337.4 -845.9 282.1 208.6 30.0 0.0
271.5 -1028.3 103.1 -195.7 172.9 -40.0
-386.6 33.0 282.1 232.1 -174.9 0.0
-331.7 -845.1 282.1 227.0 32.5 0.0
266.5 -1024.0 101.9 -201.7 175.3 -60.0
-380.2 29.4 282.1 254.0 -146.9 0.0
-325.6 -844.2 282.1 246.9 35.4 0.0
261.3 -1019.5 100.1 -207.9 177.6 -80.0
-373.8 25.8 282.1 255.2 -143.7 0.0
-318.9 -843.2 282.1 266.9 38.2 0.0
256.1 -1015.1 97.9 -209.7 178.3 -100.0
-367.4 22.2 282.1 258.8 -142.2 0.0
-311.8 -842.2 282.1 281.8 40.5 0.0
250.8 -1010.4 95.1 -209.7 185.1 -120.0
-360.8 18.7 282.1 262.0 -141.1 0.0
-304.4 -841.2 282.1 296.8 42.3 0.0
245.6 -1005.6 91.9 -209.8 192.1 -140.0
-354.2 15.2 282.1 262.9 -139.3 0.0
-296.8 -840.1 282.1 306.8 43.8 0.0
240.3 -1000.7 88.1 -209.8 199.4 -160.0
-348.2 12.0 282.1 241.5 -126.5 0.0
-289.0 -839.0 282.1 311.8 44.5 0.0
235.1 -995.5 83.9 -209.9 207.0 -180.0
-342.8 9.2 282.1 217.2 -112.9 0.0
-281.1 -837.9 282.1 314.3 44.8 0.0
230.0 -990.3 79.1 -202.0 208.0 -200.0
-337.4 6.5 282.1 213.4 -109.0 0.0
-273.3 -836.7 282.1 311.8 44.6 0.0
225.2 -985.1 73.9 -194.1 209.0 -220.0
-331.4 3.5 282.1 241.7 -119.9 0.0
-265.5 -835.6 282.1 311.8 44.7 0.0
220.5 -979.8 72.1 -186.2 209.9 0.2
-324.8 0.4 282.1 261.8 -125.1 0.0
-257.7 -834.5 282.1 311.8 44.8 0.0
218.5 -975.1 72.1 -80.1 188.0 0.0
-318.3 -2.7 282.1 262.7 -122.9 0.0
-249.9 -833.4 282.1 311.8 44.7 0.0
216.7 -970.3 71.9 -73.6 190.5 -20.0
-311.7 -5.7 282.1 263.5 -121.0 0.0
-242.1 -832.3 282.1 314.8 42.8 0.0
215.0 -965.5 71.1 -67.3 192.9 -40.0
-305.1 -8.7 282.1 264.2 -119.5 0.0
-234.2 -831.3 282.1 314.9 41.4 0.0
213.5 -960.6 69.9 -61.2 195.1 -60.0
-298.2 -11.7 282.1 275.9 -119.5 0.0
-226.3 -830.3 282.1 315.1 40.0 0.0
212.1 -955.7 68.1 -55.4 197.3 -80.0
-291.3 -14.6 282.1 276.9 -116.4 0.0
-218.4 -829.3 282.1 315.1 38.9 0.0
210.9 -950.8 65.9 -47.7 196.4 -100.0
-284.3 -17.5 282.1 277.8 -113.8 0.0
-211.4 -828.5 282.1 280.6 32.7 0.0
209.9 -945.9 63.1 -40.0 195.5 -120.0
-277.3 -20.3 282.1 278.6 -111.6 0.0
-204.5 -827.8 282.1 278.1 26.6 0.0
209.1 -941.0 59.9 -32.3 194.6 -140.0
-271.7 -24.6 282.1 226.8 -173.6 0.0
-197.4 -827.3 282.1 280.3 21.5 0.0
208.5 -936.2 56.1 -24.6 193.6 -160.0
-267.1 -30.3 282.1 182.8 -226.3 0.0
-190.4 -826.9 282.1 280.1 17.4 0.0
208.0 -931.3 51.9 -17.8 194.7 -180.0
-263.5 -37.0 282.1 145.3 -271.1 0.0
-184.5 -826.5 282.1 238.1 14.7 0.0
207.8 -926.4 47.1 -10.8 195.7 -200.0
-260.6 -44.8 282.1 113.5 -309.2 0.0
-179.4 -826.2 282.1 202.4 12.5 0.0
207.7 -921.5 41.9 -3.9 196.8 -220.0
-258.2 -52.7 282.1 97.0 -316.5 0.0
-174.6 -825.9 282.1 195.3 8.9 0.0
207.7 -916.6 40.1 3.2 197.8 0.2
-256.1 -60.6 282.1 83.0 -316.7 0.0
-169.7 -825.8 282.1 194.9 5.4 0.0
209.7 -912.2 40.1 76.8 173.5 0.0
-254.4 -68.5 282.1 71.0 -316.8 0.0
-165.5 -825.7 282.1 165.7 4.6 0.0
211.8 -907.9 39.9 84.3 174.1 -20.0
-252.8 -76.4 282.1 60.8 -316.9 0.0
-162.0 -825.6 282.1 140.8 3.9 0.0
214.1 -903.5 39.1 91.8 174.7 -40.0
-251.6 -84.4 282.1 51.2 -318.0 0.0
-158.9 -825.5 282.1 125.2 2.5 0.0
216.5 -899.1 37.9 99.4 175.3 -60.0
-250.5 -92.3 282.1 43.1 -317.9 0.0
-155.8 -825.5 282.1 124.5 -0.3 0.0
219.2 -894.7 36.1 107.1 175.7 -80.0
-249.6 -100.3 282.1 36.1 -317.9 0.0
-155.1 -825.7 282.1 28.0 -6.2 0.0
222.1 -890.3 33.9 114.8 176.1 -100.0
-248.8 -108.2 282.1 30.2 -317.8 0.0
-156.7 -825.9 282.1 -64.5 -9.2 0.0
225.2 -885.9 31.1 122.6 176.5 -120.0
-248.2 -116.2 282.1 24.5 -318.2 0.0
-159.9 -826.3 282.1 -127.5 -13.2 0.0
228.4 -881.5 27.9 130.4 177.0 -140.0
-247.7 -124.1 282.1 19.6 -318.1 0.0
-164.5 -826.7 282.1 -186.3 -17.4 0.0
231.8 -876.9 24.1 134.0 183.5 -160.0
-247.3 -132.1 282.1 15.4 -318.0 0.0
-170.5 -827.2 282.1 -236.9 -20.8 0.0
235.5 -871.4 24.1 149.3 221.4 0.1
-247.0 -140.0 282.1 11.9 -317.9 0.0
-177.4 -827.8 282.1 -279.9 -23.5 0.0
239.5 -865.2 24.1 159.9 248.6 0.0
-246.8 -148.0 282.1 8.2 -318.0 0.0
-185.3 -828.4 282.1 -313.9 -25.7 0.0
243.4 -858.9 24.1 157.0 250.2 0.0
-246.7 -155.9 282.1 5.1 -317.9 0.0
-193.1 -829.1 282.1 -314.0 -25.2 0.0
247.3 -852.4 24.1 155.4 261.7 0.0
-246.6 -163.9 282.1 2.5 -317.8 0.0
-201.0 -829.7 282.1 -314.0 -24.5 0.0
251.0 -845.8 24.1 149.5 261.8 0.0
-246.6 -171.8 282.1 0.2 -317.7 0.0
-208.8 -830.3 282.1 -314.1 -23.9 0.0
254.7 -839.3 24.1 144.3 261.3 0.0
-246.7 -179.8 282.1 -1.9 -317.7 0.0
-216.7 -830.9 282.1 -314.1 -23.4 0.0
258.2 -832.7 24.1 140.7 262.9 0.0
-246.8 -187.7 282.1 -3.6 -317.6 0.0
-224.6 -831.4 282.1 -314.1 -23.0 0.0
260.6 -825.4 24.1 96.7 294.8 0.0
-246.9 -195.6 282.1 -5.1 -317.6 0.0
-232.5 -832.0 282.1 -316.9 -21.5 0.0
262.1 -817.3 24.1 59.1 322.6 0.0
-247.1 -203.6 282.1 -6.4 -317.5 0.0
-240.4 -832.5 282.1 -317.0 -20.0 0.0
262.9 -809.0 24.1 32.2 330.4 0.0
-247.3 -211.5 282.1 -7.7 -317.5 0.0
-248.3 -833.0 282.1 -317.0 -18.8 0.0
263.2 -800.9 24.1 13.4 324.5 0.0
-247.5 -219.4 282.1 -8.7 -317.4 0.0
-256.3 -833.4 282.1 -317.0 -17.8 0.0
263.1 -792.9 24.1 -6.0 319.9 0.0
-247.7 -227.4 282.1 -9.6 -317.4 0.0
-263.6 -833.3 282.1 -295.0 5.1 0.0
262.5 -785.0 24.1 -22.8 316.3 0.0
-248.0 -235.3 282.1 -10.4 -317.3 0.0
-270.6 -832.6 282.1 -280.3 27.7 0.0
261.6 -777.2 24.1 -35.9 310.8 0.0
-248.3 -243.3 282.1 -11.1 -317.3 0.0
-277.3 -831.4 282.1 -266.0 45.6 0.0
260.4 -769.6 24.1 -47.2 306.5 0.0
-248.5 -251.2 282.1 -11.8 -317.3 0.0
-283.6 -829.9 282.1 -253.9 60.7 0.0
259.4 -761.6 24.1 -38.5 318.6 0.0
-248.9 -259.1 282.1 -12.3 -317.3 0.0
-288.0 -827.7 282.1 -176.9 39.8 -1.5
258.7 -753.6 24.1 -31.2 318.6 0.0
-249.2 -267.0 282.1 -12.8 -317.2 0.0
-290.7 -825.9 282.1 -108.0 71.4 0.0
258.0 -745.7 24.1 -25.1 318.4 0.0
-249.5 -275.0 282.1 -13.7 -317.2 0.0
-291.9 -823.4 282.1 -53.4 48.5 -1.6
257.5 -737.7 24.1 -20.1 318.1 0.0
-249.9 -282.9 282.1 -14.5 -317.2 0.0
-291.9 -821.5 282.1 -0.4 75.6 0.0
257.2 -729.8 24.1 -14.2 316.5 0.0
-250.3 -290.8 282.1 -15.1 -317.1 0.0
-292.8 -819.0 282.1 -41.4 53.7 -1.6
257.0 -721.9 24.1 -9.1 318.6 0.0
-250.7 -298.8 282.1 -15.6 -317.1 0.0
-294.6 -816.8 282.1 -69.2 84.8 0.0
256.8 -713.9 24.1 -4.9 318.3 0.0
-251.1 -306.7 282.1 -16.1 -317.1 0.0
-296.9 -814.0 282.1 -99.4 65.4 -1.7
256.8 -705.9 24.1 -1.3 318.1 0.0
-251.5 -314.6 282.1 -16.6 -317.1 0.0
-300.0 -811.5 282.1 -121.3 98.7 0.0
256.9 -698.0 24.1 3.8 318.7 0.0
-251.9 -322.5 282.1 -16.9 -317.0 0.0
-303.1 -808.9 288.8 -128.6 53.3 253.3
257.1 -690.0 24.1 7.8 318.2 0.0
-252.3 -330.5 282.1 -17.2 -317.0 0.0
-306.4 -807.5 294.8 -132.2 57.6 233.3
257.4 -682.1 24.1 11.1 317.9 0.0
-252.8 -338.4 282.1 -17.3 -317.0 0.0
-309.8 -805.9 300.4 -135.8 62.0 213.3
257.7 -674.1 24.1 13.9 317.6 0.0
-253.2 -346.3 282.1 -17.3 -317.0 0.0
-313.3 -804.3 305.5 -139.4 66.3 193.3
258.2 -666.2 24.1 18.7 318.0 0.0
-253.6 -354.2 282.1 -17.3 -317.0 0.0
-316.8 -802.6 310.1 -139.4 66.3 173.3
258.8 -658.2 24.1 23.1 317.6 0.0
-254.1 -362.2 282.1 -17.3 -317.0 0.0
-320.3 -800.9 314.2 -139.4 66.3 153.3
259.4 -650.3 24.1 26.8 317.1 0.0
-254.5 -370.1 282.1 -17.3 -317.0 0.0
-323.7 -799.3 317.7 -139.4 66.3 133.3
260.2 -642.4 24.1 29.8 316.6 0.0
-254.9 -378.0 282.1 -17.2 -317.0 0.0
-327.2 -797.6 320.8 -139.4 66.3 113.3
261.1 -634.4 24.1 38.5 318.4 0.0
-255.3 -385.9 282.1 -17.2 -317.0 0.0
-330.7 -796.0 323.4 -139.4 66.3 93.3
262.3 -626.5 24.1 45.4 316.8 0.0
-255.8 -393.9 282.1 -17.2 -317.0 0.0
-334.2 -794.3 325.5 -139.4 66.3 73.3
263.6 -618.6 24.1 51.4 315.2 0.0
-256.2 -401.7 282.1 -15.6 -314.7 0.0
-337.7 -792.7 327.1 -139.4 66.3 53.3
265.0 -610.8 24.1 56.7 313.9 0.0
-256.5 -409.6 282.1 -14.3 -314.7 0.0
-341.2 -791.0 328.2 -139.4 66.3 33.3
266.0 -603.6 24.1 41.9 289.3 0.0
-256.9 -417.5 282.1 -13.2 -314.7 0.0
-344.6 -789.3 328.7 -139.4 66.3 13.3
266.6 -596.5 24.1 25.1 282.5 0.0
-856.0 472.0 33.0 0.0 0.0 0.0
-257.2 -425.3 282.1 -12.3 -314.8 0.0
-348.1 -787.7 328.8 -139.4 66.3 -6.7
266.9 -589.6 24.1 10.6 278.0 0.0
-856.0 472.0 26.8 0.0 0.0 -100.0
-257.2 -432.4 282.1 -0.1 -282.4 0.0
-351.6 -786.0 328.4 -139.4 66.3 -26.7
266.9 -582.7 24.1 -1.9 274.5 0.0
-856.0 472.0 24.1 0.0 0.0 0.1
-256.7 -439.1 282.1 19.8 -268.6 0.0
-353.3 -784.8 327.5 7.6 29.6 -46.7
266.2 -575.9 24.1 -27.2 273.2 0.0
-856.0 472.0 24.1 0.0 0.0 0.0
-255.8 -445.5 282.1 36.6 -256.8 0.0
-353.1 -784.1 326.1 7.6 29.6 -66.7
265.1 -569.3 24.1 -42.7 262.8 0.0
-856.0 472.0 24.1 0.0 0.0 0.0
-254.5 -451.7 282.1 51.0 -246.9 0.0
-352.9 -783.3 324.1 7.6 29.6 -86.7
263.7 -562.9 24.1 -56.3 254.4 0.0
-856.0 472.0 24.1 0.0 0.0 0.0
-252.1 -458.2 282.1 94.0 -258.0 0.0
-352.8 -783.1 321.7 -5.8 -48.0 -102.6
262.0 -556.8 24.1 -67.9 247.2 0.0
-855.0 470.3 24.1 40.1 -67.8 0.0
-248.9 -464.8 282.1 130.6 -267.5 0.0
-352.9 -784.3 318.9 -5.8 -48.0 -122.6
258.6 -551.2 24.1 -135.6 221.3 0.0
-853.2 467.2 24.1 72.7 -123.3 0.0
-245.3 -471.3 282.1 141.8 -256.7 0.0
-353.0 -785.5 315.6 -5.8 -48.0 -142.6
253.8 -546.2 24.1 -193.2 199.7 0.0
-850.6 462.9 24.1 101.9 -173.3 0.0
-241.5 -477.4 282.1 150.9 -247.1 0.0
-353.2 -786.7 311.8 -5.8 -48.0 -162.6
247.7 -541.7 24.1 -242.1 181.2 0.0
-847.5 457.5 24.1 127.2 -215.5 0.0
-236.6 -483.7 282.1 196.8 -248.9 0.0
-353.3 -787.9 307.5 -22.9 -94.9 -178.9
240.7 -537.6 24.1 -283.1 165.4 0.0
-843.7 451.2 24.1 149.0 -251.2 0.0
-231.0 -489.8 282.1 223.9 -243.7 0.0
-353.9 -790.3 302.7 -22.9 -94.9 -198.9
234.9 -532.1 24.1 -230.8 217.5 0.0
-839.7 444.5 24.1 159.7 -268.5 0.0
-225.2 -495.5 282.1 231.4 -230.4 0.0
-354.5 -792.7 297.5 -22.9 -94.9 -218.9
230.2 -525.6 24.1 -186.7 261.1 0.0
-835.8 437.9 24.1 157.1 -264.2 0.0
-219.3 -501.0 282.1 237.8 -219.2 0.0
-355.1 -795.0 291.8 -22.9 -94.9 -238.9
226.5 -518.2 24.1 -149.1 297.6 0.0
-831.9 431.4 24.1 154.6 -259.8 0.0
-215.5 -507.2 282.1 153.6 -246.6 0.0
-355.6 -797.4 285.6 -44.1 -140.1 -257.1
223.5 -510.2 24.1 -118.3 319.7 0.0
-828.2 425.1 24.1 150.8 -253.3 0.0
-213.4 -513.9 282.1 82.0 -270.0 0.0
-356.7 -800.9 282.1 -44.1 -140.1 0.3
221.0 -503.4 24.1 -100.5 271.7 0.0
-824.5 418.9 24.1 147.0 -246.8 0.0
-212.9 -521.2 282.1 21.1 -289.9 0.0
-357.2 -805.3 282.1 -17.4 -176.8 0.0
218.8 -497.3 24.1 -88.2 244.1 0.0
-820.9 412.9 24.1 143.1 -240.3 0.0
-213.6 -528.8 282.1 -30.6 -306.8 0.0
-357.0 -810.6 282.1 5.9 -209.1 0.0
216.7 -491.0 24.1 -84.5 252.6 0.0
-817.4 407.0 24.1 140.5 -236.0 0.0
-216.2 -534.8 282.1 -100.7 -237.9 0.0
-356.4 -816.5 282.1 2.2 -280.8 1.3
214.6 -484.3 24.1 -82.5 265.9 0.0
-814.0 401.2 24.1 137.9 -231.7 0.0
-220.2 -539.3 282.1 -160.3 -179.3 0.0
-356.2 -822.9 282.1 8.8 -258.5 0.0
212.6 -477.3 24.1 -80.0 280.0 0.0
-810.6 395.5 24.1 135.2 -227.4 0.0
-225.4 -542.5 282.1 -210.9 -129.6 0.0
-354.7 -827.0 282.1 58.5 -163.1 0.0
210.7 -470.0 24.1 -77.7 290.5 0.0
-807.2 389.8 24.1 135.3 -227.4 0.0
-231.8 -544.7 282.1 -254.0 -87.2 0.0
-352.2 -829.1 282.1 100.1 -82.3 0.0
208.8 -462.6 24.1 -75.7 298.6 0.0
-803.8 384.2 24.1 134.0 -225.2 0.0
-238.6 -547.8 282.1 -270.2 -123.9 0.0
-348.8 -829.4 282.1 135.7 -13.8 0.0
207.0 -455.0 24.1 -73.5 304.2 0.0
-800.5 378.5 24.1 135.2 -227.4 0.0
-245.3 -551.3 282.1 -269.7 -142.0 0.0
-344.7 -828.3 282.1 165.9 44.5 0.0
205.2 -447.2 24.1 -70.9 310.1 0.0
-797.1 372.8 24.1 136.6 -229.5 0.0
-251.8 -555.1 282.1 -261.9 -150.5 0.0
-339.3 -827.4 282.1 215.9 34.8 0.0
203.5 -439.5 24.1 -67.8 310.7 0.0
-793.6 367.0 24.1 138.1 -231.6 0.0
-258.2 -559.0 282.1 -255.2 -157.8 0.0
-332.8 -826.8 282.1 259.1 27.0 0.0
201.9 -431.7 24.1 -65.5 310.9 0.0
-790.1 361.2 24.1 139.3 -233.8 0.0
-264.4 -563.2 282.1 -248.5 -168.1 0.0
-325.4 -826.3 282.1 295.8 20.1 0.0
200.3 -423.9 24.1 -63.6 311.2 0.0
-787.1 354.5 24.1 120.0 -266.7 0.0
-270.5 -567.6 282.1 -241.1 -175.0 0.0
-317.8 -825.9 282.1 303.2 15.0 0.0
198.7 -416.1 24.1 -61.2 311.8 0.0
-784.5 347.8 24.1 102.8 -267.6 0.0
-276.3 -572.1 282.1 -234.8 -180.8 0.0
-309.9 -825.7 282.1 316.7 7.9 0.0
197.3 -408.3 24.1 -59.3 312.1 0.0
-782.3 341.2 24.1 88.1 -262.8 0.0
-282.1 -576.8 282.1 -229.4 -185.8 0.0
-301.9 -825.6 282.1 318.7 2.7 0.0
195.8 -400.5 24.1 -57.5 312.4 0.0
-780.5 334.8 24.1 75.7 -257.9 0.0
-287.6 -581.5 282.1 -219.8 -189.8 0.0
-294.0 -825.7 282.1 318.4 -1.5 0.0
194.4 -392.7 24.1 -55.9 312.7 0.0
-777.0 328.5 24.1 136.3 -249.5 0.0
-292.9 -586.4 282.1 -213.0 -195.1 0.0
-286.0 -825.8 282.1 318.1 -5.1 0.0
193.1 -384.9 24.1 -53.7 313.2 0.0
-772.3 322.5 24.1 188.5 -242.6 0.0
-298.1 -591.4 282.1 -207.2 -199.6 0.0
-278.0 -826.1 282.1 318.9 -10.8 0.0
191.8 -377.0 24.1 -51.8 313.4 0.0
-766.5 316.6 24.1 233.5 -236.7 0.0
-303.1 -596.5 282.1 -202.4 -203.4 0.0
-270.1 -826.4 282.1 315.7 -15.2 0.0
190.5 -369.2 24.1 -50.2 313.6 0.0
-760.2 311.0 24.1 250.7 -223.1 0.0
-308.0 -601.8 282.1 -195.3 -212.8 0.0
-262.5 -826.9 282.1 307.7 -18.2 0.0
189.3 -361.3 24.1 -48.6 313.9 0.0
-753.6 307.0 24.1 266.7 -157.9 0.0
-312.6 -607.1 282.1 -183.5 -210.6 0.0
-254.8 -827.4 282.1 307.2 -21.4 0.0
188.2 -353.4 24.1 -44.5 315.2 0.0
-746.7 304.4 24.1 276.0 -105.0 0.0
-317.0 -612.4 282.1 -176.9 -214.5 0.0
-247.5 -828.1 282.1 292.7 -28.4 0.0
187.2 -345.6 24.1 -40.9 315.5 0.0
-739.5 302.9 24.1 286.8 -58.6 0.0
-321.3 -617.9 282.1 -171.3 -217.8 0.0
-240.2 -829.1 282.1 289.9 -37.7 0.0
186.2 -337.7 24.1 -37.9 315.7 0.0
-732.0 302.5 24.1 299.7 -17.0 0.0
-324.7 -624.5 282.1 -137.2 -264.1 0.0
-233.0 -830.2 282.1 287.4 -45.5 0.0
185.4 -329.8 24.1 -35.3 315.9 0.0
-724.0 302.3 24.1 319.0 -9.9 0.0
-327.4 -632.0 282.1 -107.7 -302.7 0.0
-225.9 -831.5 282.1 285.2 -52.1 0.0
184.7 -321.8 24.1 -25.5 320.8 0.0
-716.1 302.1 24.1 318.7 -4.9 0.0
-329.5 -640.2 282.1 -83.7 -326.5 0.0
-219.1 -832.9 282.1 273.4 -53.7 0.0
184.3 -313.8 24.1 -17.9 319.9 0.0
-708.1 302.1 24.1 318.4 -0.7 0.0
-331.2 -648.3 282.1 -65.8 -324.5 0.0
-212.4 -834.3 282.1 267.3 -56.3 0.0
184.0 -305.8 24.1 -11.2 319.6 0.0
-700.1 302.2 24.1 318.2 3.1 0.0
-332.5 -656.2 282.1 -52.6 -315.4 0.0
-205.7 -835.8 282.1 266.3 -59.7 0.0
183.8 -297.8 24.1 -5.8 318.9 0.0
-692.2 302.4 24.1 315.6 6.8 0.0
-333.5 -664.1 282.1 -40.9 -314.4 0.0
-199.0 -837.3 282.1 267.8 -63.4 0.0
183.8 -289.8 24.1 -3.7 317.7 0.0
-684.4 302.6 24.1 315.4 10.1 0.0
-334.3 -671.9 282.1 -30.9 -313.6 0.0
-192.8 -838.9 282.1 250.3 -61.1 0.0
183.7 -281.9 24.1 -2.1 317.6 0.0
-676.5 303.0 24.1 315.1 13.0 0.0
-334.8 -679.7 282.1 -22.4 -312.9 0.0
-186.6 -840.4 282.1 247.0 -62.7 0.0
183.7 -274.0 24.1 -0.4 317.6 0.0
-668.6 303.3 24.1 314.8 15.2 0.0
-335.1 -687.5 282.1 -12.3 -312.4 0.0
-180.4 -842.1 282.1 246.4 -64.9 0.0
183.7 -266.0 24.1 0.9 317.6 0.0
-660.7 303.8 24.1 314.8 17.7 0.0
-335.2 -695.3 282.1 -3.9 -311.2 0.0
-174.3 -843.7 282.1 245.8 -66.9 0.0
183.8 -258.1 24.1 2.2 317.6 0.0
-652.9 304.3 24.1 314.6 19.7 0.0
-335.2 -703.1 282.1 3.3 -310.1 0.0
-168.4 -845.4 282.1 233.3 -64.8 0.0
183.9 -250.2 24.1 3.4 317.5 0.0
-645.0 304.8 24.1 316.9 21.6 0.0
-334.9 -710.8 282.1 9.4 -309.2 0.0
-162.7 -847.0 282.1 228.0 -64.8 0.0
184.0 -242.2 24.1 4.6 317.5 0.0
-637.0 305.4 24.1 316.8 23.3 0.0
-334.5 -718.5 282.1 17.4 -307.8 0.0
-157.1 -848.6 282.1 227.6 -66.2 0.0
184.1 -234.3 24.1 5.5 315.0 0.0
-629.1 306.0 24.1 316.6 24.8 0.0
-333.9 -726.1 282.1 24.1 -306.4 0.0
-151.3 -850.3 282.1 229.6 -68.1 0.0
184.3 -226.5 24.1 6.8 315.0 0.0
-621.2 306.7 24.1 316.5 26.1 0.0
-333.1 -733.8 282.1 29.9 -305.2 0.0
-145.9 -852.0 282.1 217.3 -65.2 0.0
184.5 -218.6 24.1 7.9 314.9 0.0
-613.3 307.3 24.1 316.4 27.0 0.0
-332.3 -741.4 282.1 34.8 -304.2 0.0
-140.5 -853.6 282.1 217.0 -66.2 0.0
184.7 -210.7 24.1 8.9 314.9 0.0
-605.4 308.0 24.1 316.3 27.6 0.0
-331.3 -748.8 282.1 40.4 -295.4 0.0
-135.0 -855.3 282.1 216.7 -67.1 0.0
184.9 -202.8 24.1 9.7 314.8 0.0
-597.5 308.7 24.1 316.2 28.5 0.0
-330.2 -755.6 282.1 41.1 -274.2 0.0
-129.6 -857.0 282.1 216.4 -67.8 0.0
185.2 -195.0 24.1 10.8 312.3 0.0
-589.6 309.5 24.1 316.2 29.4 0.0
-329.3 -761.7 282.1 38.0 -243.6 0.0
-123.7 -858.9 282.1 237.6 -76.0 0.0
185.5 -187.2 24.1 11.7 312.3 0.0
-581.7 310.2 24.1 316.1 30.1 0.0
-328.3 -767.6 282.1 40.5 -234.9 0.0
-117.3 -861.0 282.1 301.7 -104.2 -4.3
185.8 -179.4 24.1 12.8 312.2 0.0
-573.8 311.0 24.1 316.0 30.6 0.0
-326.7 -773.9 282.1 62.0 -252.1 0.0
-110.6 -863.3 282.1 269.2 -92.9 0.0
186.2 -171.6 24.1 13.6 312.2 0.0
-565.9 311.8 24.1 313.5 31.2 0.0
-325.0 -780.1 282.1 70.4 -247.7 0.0
-103.5 -865.7 282.1 283.5 -97.6 0.0
186.5 -163.9 24.1 15.2 309.7 0.0
-558.1 312.6 24.1 313.4 31.7 0.0
-323.0 -786.2 282.1 77.4 -244.0 0.0
-96.1 -868.3 282.1 293.0 -100.9 0.0
187.0 -156.1 24.1 16.8 309.6 0.0
-550.3 313.4 24.1 313.3 32.5 0.0
-320.9 -792.2 282.1 83.4 -240.8 0.0
-88.7 -870.8 282.1 345.2 -118.5 -0.5
187.4 -148.4 24.1 18.1 309.5 0.0
-542.4 314.2 24.1 313.3 32.9 0.0
-317.4 -798.2 282.1 141.4 -239.7 0.0
-81.2 -873.4 282.1 300.3 -103.1 0.0
187.9 -140.7 24.1 19.3 309.4 0.0
-534.6 315.0 24.1 313.2 33.8 0.0
-312.6 -804.2 282.1 190.7 -238.8 0.0
-73.7 -876.0 282.1 347.8 -118.7 -0.5
187.9 -132.5 24.1 0.5 327.2 0.0
-526.8 315.9 24.1 313.1 34.4 0.0
-306.8 -810.1 282.1 232.7 -238.0 0.0
-66.2 -878.5 282.1 300.5 -102.5 0.0
187.6 -124.4 24.1 -11.1 324.3 0.0
-519.0 316.8 24.1 313.0 35.2 0.0
-300.8 -815.7 282.1 240.6 -223.6 0.0
-58.7 -881.1 282.1 346.5 -114.3 -0.5
187.1 -116.3 24.1 -20.9 321.9 0.0
-511.1 317.7 24.1 312.9 35.9 0.0
-294.0 -820.9 282.1 272.8 -208.4 0.0
-51.2 -883.6 282.1 301.5 -99.5 0.0
186.4 -108.3 24.1 -29.2 319.9 0.0
-503.3 318.6 24.1 312.9 38.0 0.0
-287.0 -825.7 282.1 277.9 -189.5 0.0
-43.6 -886.1 282.1 349.8 -112.2 -0.5
185.4 -100.4 24.1 -39.6 318.0 0.0
-495.5 319.6 24.1 312.6 40.0 0.0
-280.0 -830.0 282.1 282.2 -173.4 0.0
-36.1 -888.5 282.1 299.9 -96.3 0.0
184.2 -92.5 24.1 -48.3 315.4 0.0
-487.7 320.7 24.1 312.3 41.4 0.0
-272.8 -834.0 282.1 285.8 -159.7 0.0
-28.7 -890.9 282.1 348.5 -107.8 -0.5
182.8 -84.7 24.1 -55.4 313.0 0.0
-479.8 321.7 24.1 314.6 43.2 0.0
-264.9 -837.3 282.1 315.2 -131.8 0.0
-21.1 -893.2 282.1 301.0 -93.3 0.0
181.3 -76.9 24.1 -61.4 311.0 0.0
-471.9 322.6 24.1 318.3 35.7 0.0
-257.1 -840.0 282.1 313.9 -109.5 0.0
-13.6 -895.6 282.1 349.3 -105.4 -0.5
179.5 -69.2 24.1 -69.4 306.5 0.0
-463.9 323.4 24.1 318.1 29.4 0.0
-249.3 -842.3 282.1 312.9 -90.5 0.0
-5.9 -897.9 282.1 306.7 -91.2 0.0
177.6 -61.6 24.1 -77.0 305.7 0.0
-456.0 324.0 24.1 318.0 24.1 0.0
-241.5 -844.1 282.1 312.0 -74.4 0.0
1.7 -900.0 282.1 356.6 -95.9 -0.5
175.5 -54.0 24.1 -83.1 303.4 0.0
-448.1 324.5 24.1 315.3 19.7 0.0
-234.8 -843.7 282.1 269.1 15.4 0.0
9.5 -902.1 282.1 308.1 -82.4 0.0
173.3 -46.5 24.1 -88.3 301.4 0.0
-440.3 324.8 24.1 312.2 13.0 0.0
-228.9 -841.5 282.1 232.7 91.7 0.0
17.2 -904.0 282.1 357.7 -88.6 -0.5
170.9 -39.1 24.1 -96.2 294.9 0.0
-432.5 325.0 24.1 311.7 7.0 0.0
-223.9 -837.5 282.1 201.7 156.6 0.0
24.9 -905.9 282.1 309.9 -76.1 0.0
168.3 -31.8 24.1 -104.9 293.0 0.0
-424.8 325.0 24.1 308.8 1.9 0.0
-219.5 -832.2 282.1 175.4 211.8 0.0
32.7 -907.7 282.1 358.4 -86.0 -0.4
165.5 -24.5 24.1 -111.5 289.5 0.0
-417.1 325.0 24.1 305.9 -2.2 0.0
-214.7 -829.0 282.1 194.2 129.1 0.0
40.4 -909.5 282.1 310.2 -73.9 0.0
162.6 -17.3 24.1 -117.8 288.7 0.0
-409.9 324.7 24.1 289.5 -9.7 0.0
-209.4 -827.5 282.1 210.2 58.8 0.0
48.2 -911.3 282.1 358.6 -84.1 -0.4
159.4 -10.5 24.1 -125.2 273.4 0.0
-402.8 324.2 24.1 284.6 -18.6 0.0
-203.8 -827.6 282.1 223.8 -0.9 0.0
55.8 -913.1 282.1 304.8 -71.5 0.0
156.0 -3.8 24.1 -136.6 266.3 0.0
-395.8 323.6 24.1 277.7 -25.6 0.0
-197.9 -828.9 282.1 235.3 -51.7 0.0
152.3 2.7 24.1 -148.5 262.6 0.0
-389.0 322.8 24.1 273.2 -31.7 0.0
-191.9 -831.3 282.1 239.3 -96.4 0.0
148.4 9.2 24.1 -157.0 258.1 0.0
-381.4 322.1 24.1 302.0 -27.9 0.0
-185.9 -834.6 282.1 242.6 -134.4 0.0
145.0 16.5 24.1 -136.1 294.3 0.0
-374.0 321.5 24.1 299.5 -24.5 0.0
-180.0 -838.4 282.1 234.4 -151.9 0.0
143.1 23.9 24.1 0.1 293.3 0.0
-366.5 321.0 24.1 297.0 -21.5 0.0
-174.4 -842.4 282.1 222.8 -160.6 0.0
143.1 31.3 24.1 0.0 297.5 0.0
-359.2 320.5 24.1 294.5 -19.0 0.0
-169.2 -846.7 282.1 210.7 -168.9 0.0
143.1 38.7 24.1 0.0 294.9 0.0
-351.7 320.1 24.1 297.4 -16.1 0.0
-164.0 -851.3 282.1 205.9 -184.0 0.0
143.1 45.9 24.1 0.0 287.2 0.0
-344.4 319.7 24.1 294.7 -13.9 0.0
-158.9 -856.3 282.1 204.1 -200.2 0.0
143.1 53.0 24.1 0.0 287.2 0.0
-337.0 319.4 24.1 294.7 -12.1 0.0
-153.8 -861.7 282.1 203.7 -215.4 0.0
143.1 60.2 24.1 0.0 284.7 0.0
-329.6 319.2 24.1 297.3 -10.4 0.0
-148.8 -867.3 282.1 199.7 -226.3 0.0
143.1 67.2 24.1 0.0 282.2 0.0
-322.1 319.0 24.1 299.9 -8.4 0.0
-143.9 -873.3 282.1 198.4 -238.8 0.0
143.1 74.2 24.1 0.0 279.7 0.0
-314.5 318.8 24.1 302.5 -6.6 0.0
-139.0 -879.5 282.1 195.4 -246.8 0.0
143.1 81.2 24.1 0.0 279.7 0.0
-306.9 318.7 24.1 302.5 -5.0 0.0
-134.2 -885.8 282.1 193.2 -253.8 0.0
143.1 88.1 24.1 -0.2 277.2 0.0
-299.3 318.6 24.1 304.9 -3.7 0.0
-129.5 -892.3 282.1 188.4 -258.1 0.0
143.1 95.0 24.1 -0.2 274.6 0.0
-291.6 318.5 24.1 307.5 -2.1 0.0
-124.9 -898.8 282.1 183.7 -260.7 0.0
143.1 101.8 24.1 -0.5 272.1 0.0
-283.9 318.5 24.1 310.1 -0.4 0.0
-120.4 -905.4 282.1 179.5 -263.3 0.0
143.1 108.5 24.1 -0.5 267.1 0.0
-276.1 318.5 24.1 310.0 0.9 0.0
-116.0 -912.0 282.1 176.0 -265.2 0.0
143.1 115.1 24.1 -0.5 264.6 0.0
-268.3 318.6 24.1 312.5 2.2 0.0
-111.7 -918.7 282.1 172.3 -267.9 0.0
143.1 121.6 24.1 -0.5 262.0 0.0
-260.4 318.7 24.1 315.2 4.5 0.0
-107.5 -925.4 282.1 168.8 -269.9 0.0
143.0 128.1 24.1 -0.7 259.5 0.0
-252.6 318.9 24.1 315.1 6.3 0.0
-103.3 -932.2 282.1 165.7 -271.6 0.0
143.0 134.5 24.1 -0.7 254.5 0.0
-244.7 319.1 24.1 315.0 7.8 0.0
-99.2 -939.0 282.1 163.2 -272.8 0.0
143.0 140.8 24.1 -0.8 252.0 0.0
-236.8 319.3 24.1 317.4 9.3 0.0
-95.2 -945.9 282.1 160.5 -274.6 0.0
143.0 147.0 24.1 -0.8 249.4 0.0
-230.0 319.5 24.1 269.8 7.9 0.0
-91.3 -952.8 282.1 158.0 -275.8 0.0
142.2 154.1 24.1 -30.3 282.3 0.0
-224.3 319.7 24.1 229.3 6.7 0.0
-87.4 -959.7 282.1 155.8 -277.0 0.0
140.9 161.7 24.1 -52.9 305.4 0.0
-219.4 319.8 24.1 194.9 5.7 0.0
-83.5 -966.7 282.1 154.0 -277.8 0.0
139.4 169.2 24.1 -61.5 299.2 0.0
-215.3 319.9 24.1 165.7 4.8 0.0
-79.8 -973.6 282.1 150.1 -277.6 0.0
137.7 176.5 24.1 -68.6 293.5 0.0
-210.8 321.3 24.1 177.3 54.7 0.0
-76.1 -980.5 282.1 146.4 -276.5 0.0
135.2 184.3 24.1 -98.6 309.9 0.0
-206.1 323.7 24.1 187.9 98.1 0.0
-72.5 -987.5 282.1 144.0 -277.7 0.0
132.4 191.8 24.1 -109.7 302.3 0.0
-201.2 327.2 24.1 197.7 136.0 0.0
-69.0 -994.4 282.1 140.9 -276.3 0.0
129.5 199.2 24.1 -117.6 293.8 0.0
-196.0 331.4 24.1 206.4 168.7 0.0
-65.7 -1001.2 282.1 132.3 -271.8 0.0
126.4 206.3 24.1 -124.4 286.5 0.0
-190.9 335.6 30.8 206.4 168.7 255.0
-62.5 -1008.0 282.1 127.0 -273.4 0.0
122.3 212.3 24.1 -165.2 237.2 0.0
-185.7 339.8 36.9 206.4 168.7 235.0
-59.4 -1014.9 282.1 122.6 -274.9 0.0
117.3 217.2 24.1 -200.0 195.2 0.0
-180.6 344.0 42.5 206.4 168.7 215.0
-56.5 -1021.8 282.1 118.6 -276.4 0.0
111.5 221.1 24.1 -229.5 159.5 0.0
-175.4 348.2 47.6 206.4 168.7 195.0
-54.0 -1027.9 282.1 99.2 -246.3 0.0
105.2 224.4 24.1 -254.5 129.2 0.0
-170.2 352.5 52.2 206.4 168.7 175.0
-52.0 -1034.0 282.1 79.6 -241.1 0.0
98.0 227.4 24.1 -285.6 121.9 0.0
-171.1 359.9 56.5 -35.6 299.3 158.6
-50.4 -1039.9 282.1 62.7 -238.4 0.0
90.7 230.2 24.1 -292.3 112.4 0.0
-172.0 367.4 60.2 -35.6 299.3 138.6
-49.2 -1046.0 282.1 47.6 -241.3 0.0
83.4 232.8 24.1 -293.8 103.6 0.0
-172.9 374.9 63.4 -35.6 299.3 118.6
-46.7 -1052.1 282.1 101.7 -245.1 0.0
76.0 235.2 24.1 -295.2 96.1 0.0
-173.8 382.4 66.1 -35.6 299.3 98.6
-43.0 -1058.3 282.1 147.4 -248.6 0.0
68.2 236.3 24.1 -310.2 42.4 0.0
-174.7 389.9 68.3 -35.6 299.3 78.6
-38.5 -1064.5 282.1 182.6 -249.2 0.0
60.2 236.2 24.1 -323.1 -3.2 0.0
-175.6 397.4 70.0 -35.6 299.3 58.6
-33.7 -1070.4 282.1 189.4 -234.4 0.0
52.2 235.4 24.1 -319.8 -32.7 0.0
-176.5 404.8 71.3 -35.6 299.3 38.6
-29.2 -1075.6 282.1 182.7 -207.1 0.0
48.3 237.9 24.1 -127.9 128.2 0.0
-177.2 412.4 72.0 -29.4 302.2 18.6
-24.5 -1080.2 282.1 186.5 -187.4 0.0
44.6 241.7 24.1 -146.5 153.7 0.0
-177.8 420.0 72.2 -23.1 305.0 -1.4
-19.7 -1084.5 282.1 190.1 -170.7 0.0
40.6 246.0 24.1 -159.5 172.0 0.0
-178.2 427.7 71.9 -16.8 307.9 -21.4
-15.0 -1088.4 282.1 190.5 -155.5 0.0
36.7 250.4 24.1 -158.3 173.0 0.0
-178.5 435.5 71.1 -10.5 310.8 -41.4
-9.1 -1091.7 282.1 233.7 -130.8 0.0
32.7 254.7 24.1 -157.2 173.9 0.0
-178.5 443.2 69.8 -3.5 307.7 -61.4
-2.4 -1094.4 282.1 271.1 -110.0 0.0
29.4 258.4 24.1 -133.6 147.8 0.0
-178.5 450.8 68.0 3.5 304.6 -81.4
4.9 -1096.7 282.1 291.4 -92.5 0.0
26.6 261.6 24.1 -113.6 125.7 0.0
-178.2 458.3 65.8 10.5 301.6 -101.4
12.3 -1098.7 282.1 293.6 -77.9 0.0
23.8 264.6 24.1 -109.0 122.6 0.0
-177.8 465.8 63.0 17.5 298.5 -121.4
18.9 -1098.8 282.1 265.3 -5.9 0.0
21.1 267.7 24.1 -107.9 123.4 0.0
-177.2 473.1 59.7 22.2 292.2 -141.4
24.9 -1097.4 282.1 241.4 56.0 0.0
17.4 271.7 24.1 -149.5 159.4 0.0
-176.5 480.3 55.9 27.0 286.0 -161.4
30.5 -1094.7 282.1 221.2 109.2 0.0
12.8 276.4 24.1 -184.8 190.0 0.0
-175.7 487.2 51.6 31.8 279.7 -181.4
35.6 -1090.8 282.1 204.4 154.2 0.0
7.4 281.8 24.1 -214.8 216.0 0.0
-174.8 494.1 46.8 36.5 273.5 -201.4
40.7 -1089.4 282.1 206.4 58.8 0.0
1.8 287.4 24.1 -225.3 223.9 0.0
-173.8 496.9 41.5 39.6 -0.3 -221.4
45.9 -1089.9 282.1 208.3 -22.3 0.0
-3.9 293.0 24.1 -225.4 220.5 0.0
-172.8 496.7 35.8 42.7 -7.2 -241.4
51.2 -1092.2 282.1 210.2 -91.1 0.0
-9.5 298.4 24.1 -226.9 218.8 0.0
-171.6 496.3 29.5 45.7 -14.2 -261.4
56.5 -1096.0 282.1 211.5 -149.7 0.0
-15.2 303.9 24.1 -228.2 217.4 0.0
-170.4 495.8 24.1 48.8 -21.2 0.3
61.5 -1101.1 282.1 199.3 -204.1 0.0
-21.0 309.3 24.1 -229.2 216.2 0.0
-169.3 493.7 24.1 45.2 -83.1 0.0
66.2 -1107.3 282.1 189.3 -250.4 0.0
-26.7 314.7 24.1 -230.4 218.5 0.0
-168.1 490.3 24.1 48.2 -137.9 0.0
70.7 -1114.4 282.1 178.6 -282.2 0.0
-32.5 320.2 24.1 -229.9 219.0 0.0
-166.8 485.7 24.1 51.2 -185.1 0.0
74.8 -1121.5 282.1 163.6 -285.6 0.0
-38.2 325.7 24.1 -229.5 219.4 0.0
-165.4 480.0 24.1 53.7 -225.2 0.0
78.3 -1128.9 282.1 142.6 -296.0 0.0
-43.9 331.2 24.1 -229.1 219.8 0.0
-164.1 473.6 24.1 54.4 -258.3 0.0
81.4 -1136.3 282.1 124.4 -296.9 0.0
-49.7 336.7 24.1 -228.8 220.2 0.0
-162.8 466.9 24.1 52.2 -265.1 0.0
84.2 -1143.8 282.1 108.9 -298.1 0.0
-55.4 342.2 24.1 -228.5 220.5 0.0
-161.5 460.3 24.1 49.6 -265.4 0.0
86.5 -1151.3 282.1 95.7 -299.0 0.0
-61.1 347.7 24.1 -228.2 220.7 0.0
-160.4 453.7 24.1 47.4 -265.7 0.0
88.4 -1158.4 282.1 74.5 -285.0 0.0
-66.8 353.2 24.1 -228.0 220.9 0.0
-159.3 447.3 24.1 43.6 -253.6 0.0
89.8 -1165.3 282.1 55.5 -277.8 0.0
-70.1 356.6 24.1 -134.5 135.0 0.0
-158.2 441.0 24.1 41.6 -253.9 0.0
90.8 -1172.1 282.1 39.7 -269.7 0.0
-71.5 358.2 24.1 -55.1 62.0 0.0
-157.2 434.6 24.1 40.0 -254.1 0.0
91.5 -1178.6 282.1 26.7 -261.3 0.0
-71.2 358.1 24.1 14.1 -2.1 0.0
-156.3 428.3 24.1 38.5 -254.2 0.0
90.3 -1185.1 282.1 -47.6 -259.0 0.0
-69.7 356.8 24.1 96.6 -85.1 -8.1
-155.4 422.5 24.1 34.5 -231.9 0.0
88.9 -1191.6 281.9 -54.6 -262.7 -20.0
-66.1 353.7 24.1 141.2 -125.3 0.0
-154.6 416.8 24.1 32.7 -227.1 0.0
87.4 -1198.3 281.1 -61.6 -266.4 -40.0
-61.7 349.7 24.1 217.1 -191.0 -8.1
-153.8 411.1 24.1 31.7 -227.2 0.0
85.6 -1205.1 279.9 -68.7 -270.1 -60.0
-55.7 344.4 24.1 237.9 -210.2 0.0
-153.0 405.4 24.1 30.8 -227.3 0.0
83.9 -1211.6 278.1 -71.1 -262.9 -80.0
-49.8 339.1 24.1 279.3 -238.1 -2.8
-152.2 399.3 24.1 31.4 -245.0 0.0
82.0 -1218.0 275.9 -73.5 -255.8 -100.0
-43.7 334.0 24.1 241.6 -206.0 0.0
-157.7 397.1 24.1 -217.9 -86.4 0.1
80.1 -1224.2 273.1 -75.8 -248.8 -120.0
-37.8 328.9 24.1 283.3 -228.4 -2.6
-162.1 393.7 24.1 -178.4 -139.2 0.0
78.2 -1230.3 269.9 -78.1 -242.0 -140.0
-31.6 323.9 24.1 245.3 -198.1 0.0
-165.8 389.1 24.1 -144.9 -184.1 0.0
76.2 -1236.2 266.1 -78.0 -236.3 -160.0
-25.5 318.9 24.1 288.5 -221.5 -6.0
-168.4 383.7 24.1 -107.1 -214.2 0.0
74.3 -1242.0 261.9 -77.9 -230.4 -180.0
-19.4 314.2 24.1 245.2 -188.2 0.0
-170.3 377.7 24.1 -74.9 -239.7 0.0
72.3 -1247.6 257.1 -77.8 -224.5 -200.0
-13.4 309.5 24.1 286.9 -211.8 -6.0
-171.5 371.2 24.1 -47.6 -261.4 0.0
70.4 -1253.0 251.9 -77.7 -218.3 -220.0
-7.2 304.9 24.1 248.0 -183.7 0.0
-172.3 364.8 24.1 -30.8 -257.1 0.0
68.6 -1258.7 246.1 -73.2 -224.6 -240.0
-1.0 300.2 24.1 292.0 -203.8 -5.1
-172.4 358.2 24.1 -3.9 -262.2 0.0
66.8 -1264.4 242.1 -68.8 -230.8 0.3
5.2 295.9 24.1 248.2 -173.2 0.0
-172.1 351.9 24.1 12.5 -253.8 0.0
66.5 -1270.8 242.1 -14.8 -257.1 0.0
11.1 291.5 24.1 285.2 -190.3 -5.1
-171.4 345.7 24.1 26.4 -246.7 0.0
66.2 -1277.4 241.9 -10.5 -263.1 -20.0
17.3 287.4 24.1 246.1 -165.2 0.0
-170.5 339.7 24.1 38.2 -240.7 0.0
66.1 -1284.1 241.1 -3.1 -265.2 -40.0
-856.0 472.0 33.0 0.0 0.0 0.0
23.3 283.1 24.1 289.0 -184.0 -4.6
-168.6 333.3 24.1 74.7 -254.7 0.0
66.2 -1290.7 239.9 4.5 -267.3 -60.0
-856.0 472.0 26.8 0.0 0.0 -100.0
29.5 279.2 24.1 245.6 -156.4 0.0
-166.1 326.8 24.1 99.3 -259.0 0.0
66.5 -1297.5 238.1 12.0 -269.4 -80.0
-856.0 472.0 24.1 0.0 0.0 0.1
35.2 275.3 24.1 278.9 -170.0 -4.6
-163.4 320.6 24.1 109.7 -250.2 0.0
67.0 -1304.3 235.9 19.7 -271.5 -100.0
-856.0 472.0 24.1 0.0 0.0 0.0
41.2 271.6 24.1 240.3 -147.9 0.0
-160.4 314.5 24.1 118.6 -242.7 0.0
67.6 -1310.9 233.1 23.4 -264.6 -120.0
-856.0 472.0 24.1 0.0 0.0 0.0
47.1 267.7 24.1 280.8 -165.9 -4.4
-156.1 308.6 24.1 172.7 -236.8 0.0
68.3 -1317.3 229.9 27.0 -257.8 -140.0
-856.0 472.0 24.1 0.0 0.0 0.0
53.0 264.2 24.1 238.7 -141.1 0.0
-150.6 302.8 24.1 218.8 -231.7 0.0
69.1 -1323.6 226.1 30.6 -251.0 -160.0
-855.0 470.3 24.1 40.4 -68.3 0.0
58.3 260.8 24.1 261.7 -144.9 -4.4
-144.5 297.2 24.1 245.2 -222.1 0.0
69.9 -1329.7 221.9 34.2 -244.2 -180.0
-853.2 467.2 24.1 73.3 -123.6 0.0
64.0 257.7 24.1 224.7 -126.4 0.0
-138.2 292.1 24.1 251.6 -207.1 0.0
71.0 -1335.8 217.1 42.2 -244.9 -200.0
-850.6 462.9 24.1 102.6 -172.7 0.0
69.2 254.3 24.1 259.9 -144.4 -4.4
-131.8 287.2 24.1 255.4 -193.2 0.0
73.8 -1341.2 217.1 114.9 -214.5 0.2
-847.4 457.5 24.1 126.9 -213.4 0.0
75.0 249.3 24.1 232.6 -197.4 0.0
-125.3 282.7 24.1 260.1 -182.0 0.0
78.3 -1345.9 217.1 176.8 -188.6 0.0
-843.8 451.4 24.1 146.6 -245.5 0.0
80.3 243.3 24.1 258.5 -250.9 -4.4
-118.7 278.4 24.1 264.0 -172.5 0.0
84.0 -1350.1 217.1 229.5 -166.2 0.0
-840.1 445.3 24.1 145.8 -244.5 0.0
86.0 236.5 24.1 228.7 -270.3 0.0
-112.0 274.3 24.1 267.4 -164.4 0.0
90.9 -1353.5 217.1 274.4 -138.5 0.0
-836.7 439.5 24.1 138.1 -231.5 0.0
91.0 229.7 24.1 250.3 -283.9 -4.4
-104.6 271.2 24.1 297.6 -122.3 0.0
98.7 -1356.4 217.1 312.5 -115.2 0.0
-833.5 434.2 24.1 127.8 -214.2 0.0
94.4 223.7 24.1 134.6 -239.9 0.0
-96.6 271.1 24.1 320.2 0.1 0.0
106.7 -1358.8 217.1 321.0 -96.0 0.0
-830.6 429.3 24.1 116.1 -194.8 0.0
95.3 218.6 24.1 36.4 -202.6 0.0
-89.1 271.3 24.1 297.0 6.2 0.0
114.7 -1360.8 217.1 321.0 -79.6 0.0
-827.5 424.2 24.1 121.3 -203.4 0.0
94.1 214.3 24.1 -47.2 -170.8 0.0
-81.8 271.7 24.1 294.6 15.8 0.0
122.9 -1362.3 217.1 326.4 -61.7 0.0
-824.5 419.1 24.1 121.3 -203.4 0.0
91.2 210.7 24.1 -70.6 -158.2 -4.8
-74.4 273.5 24.1 294.5 74.8 0.0
131.0 -1363.5 217.1 325.2 -46.8 0.0
-821.5 414.1 24.1 120.0 -201.3 0.0
91.0 206.1 24.1 -5.8 -183.6 0.0
-67.1 276.7 24.1 294.4 125.0 0.0
139.1 -1364.4 217.1 323.5 -34.4 0.0
-818.5 409.1 24.1 118.6 -199.2 0.0
92.3 201.0 24.1 49.2 -205.1 0.0
-59.8 280.8 24.1 291.1 163.3 0.0
147.2 -1364.9 217.1 322.8 -23.3 0.0
-815.6 404.2 24.1 117.1 -197.1 0.0
94.7 195.4 24.1 95.9 -223.4 0.0
-52.9 285.2 24.1 273.9 175.7 0.0
155.3 -1365.2 217.1 325.1 -10.1 0.0
-812.7 399.2 24.1 117.1 -197.1 0.0
98.0 189.4 24.1 135.7 -239.0 0.0
-45.3 288.1 24.1 306.5 119.9 0.0
163.4 -1365.2 217.1 323.2 0.4 0.0
-809.7 394.3 24.1 117.1 -197.2 0.0
102.5 183.6 24.1 206.5 -206.4 0.0
-36.9 290.0 24.1 333.6 72.6 0.0
171.4 -1365.0 217.1 321.5 9.3 0.0
-806.5 388.9 24.1 128.5 -216.7 0.0
108.0 178.2 24.1 217.5 -217.5 0.0
-28.1 290.8 24.1 352.7 34.1 0.0
179.4 -1364.5 217.1 320.2 17.2 0.0
-803.1 383.0 24.1 138.5 -234.2 0.0
113.4 172.8 24.1 217.5 -217.5 0.0
-19.5 291.1 24.1 343.7 11.4 0.0
186.2 -1364.2 217.1 272.2 14.6 0.0
-799.5 377.1 24.1 141.1 -238.6 0.0
118.8 167.3 24.1 216.0 -219.1 0.0
-12.0 289.9 24.1 299.1 -46.5 0.0
192.6 -1363.7 217.1 255.6 18.8 0.0
-796.0 371.1 24.1 141.0 -238.6 0.0
121.9 162.7 24.1 121.2 -184.7 0.0
-5.5 287.5 24.1 261.7 -98.9 0.0
199.0 -1363.0 217.1 253.9 25.8 0.0
-792.7 365.5 24.1 132.0 -223.5 0.0
122.9 158.8 24.1 79.7 -188.9 -5.0
0.3 283.9 24.1 229.9 -143.5 0.0
205.3 -1362.3 217.1 252.2 31.4 0.0
-789.5 360.0 24.1 129.4 -219.1 0.0
123.1 154.8 24.1 7.3 -159.3 0.0
5.3 279.3 24.1 202.9 -181.3 0.0
210.6 -1361.6 217.1 214.4 26.7 0.0
-786.2 354.5 24.1 130.5 -221.4 0.0
121.7 151.4 24.1 -20.1 -170.3 -5.2
7.9 274.8 24.1 103.7 -180.6 0.0
215.2 -1361.0 217.1 182.2 22.7 0.0
-783.0 349.0 24.1 130.6 -221.4 0.0
122.2 146.1 24.1 19.1 -212.6 0.0
219.5 -1360.4 217.1 172.6 25.5 0.0
-778.2 344.4 24.1 188.8 -182.0 0.0
123.5 139.9 24.1 52.4 -248.5 0.0
223.8 -1359.6 217.1 171.0 30.3 0.0
-772.3 340.7 24.1 237.1 -148.5 0.0
125.6 132.9 24.1 80.7 -279.1 0.0
227.4 -1359.0 217.1 145.4 25.7 0.0
-765.4 337.7 24.1 276.9 -120.2 0.0
128.0 125.5 24.1 99.6 -295.3 0.0
230.5 -1358.4 217.1 123.6 21.9 0.0
-757.8 335.3 24.1 303.3 -96.8 0.0
131.6 117.9 24.1 141.8 -306.0 0.0
233.4 -1357.9 217.1 114.4 23.0 0.0
-752.8 332.6 24.1 201.1 -108.2 0.0
135.4 110.6 24.1 151.8 -289.9 0.0
236.2 -1357.2 217.1 112.7 26.8 0.0
-750.1 329.6 24.1 108.0 -121.0 0.0
139.2 103.9 24.1 151.7 -268.0 0.0
239.0 -1355.3 217.1 112.9 76.8 0.0
-749.5 326.2 24.1 23.8 -134.4 0.0
142.8 97.9 24.1 144.4 -242.6 0.0
241.9 -1352.1 217.1 115.2 125.3 0.0
-750.7 322.5 24.1 -50.7 -147.0 0.0
145.9 94.7 24.1 124.9 -126.9 0.0
244.9 -1347.8 217.1 119.3 172.4 0.0
-753.6 319.3 24.1 -116.0 -129.8 0.0
148.6 94.0 24.1 107.7 -28.5 0.0
248.0 -1342.4 217.1 124.2 217.3 0.0
-758.0 316.4 24.1 -175.9 -115.2 0.0
150.9 95.3 24.1 93.4 52.6 0.0
250.9 -1335.9 217.1 118.5 258.5 0.0
-763.8 313.8 24.1 -228.7 -103.2 0.0
153.0 98.2 24.1 80.8 117.1 0.0
253.8 -1328.5 217.1 114.0 296.7 0.0
-770.6 311.5 24.1 -273.6 -92.4 0.0
154.7 99.0 24.1 70.6 31.6 0.0
256.4 -1320.9 217.1 106.0 303.7 0.0
-778.2 310.3 24.1 -304.2 -48.8 0.0
156.2 98.1 24.1 58.8 -35.6 0.0
258.9 -1313.3 217.1 97.9 305.6 0.0
-786.5 310.0 24.1 -332.0 -11.3 0.0
157.4 95.9 24.1 47.8 -87.7 0.0
260.7 -1305.0 217.1 72.2 332.2 0.0
-795.0 310.4 24.1 -338.4 13.9 0.0
158.4 92.4 24.1 42.6 -141.9 0.0
262.0 -1296.7 217.1 53.5 330.4 0.0
-803.1 311.0 24.1 -324.3 27.1 0.0
159.3 87.5 24.1 34.2 -195.5 0.0
263.0 -1288.5 217.1 38.2 327.4 0.0
-810.0 311.6 24.1 -275.7 23.0 0.0
160.0 81.4 24.1 27.1 -244.3 0.0
263.6 -1280.5 217.1 25.3 322.9 0.0
-815.8 312.1 24.1 -234.3 19.6 0.0
160.5 74.2 24.1 20.9 -287.0 0.0
263.3 -1271.8 217.1 -13.3 345.8 0.0
-822.5 312.7 24.1 -265.6 24.0 0.0
160.9 66.3 24.1 16.2 -317.9 0.0
262.5 -1263.4 217.1 -32.3 337.2 0.0
-829.7 313.4 24.1 -288.5 27.7 0.0
161.2 58.7 24.1 11.8 -303.6 0.0
261.7 -1255.0 216.9 -32.3 337.2 -20.0
-837.3 314.2 24.1 -305.9 31.3 0.0
161.4 51.5 24.1 8.5 -285.6 0.0
260.9 -1246.5 216.1 -32.3 337.2 -40.0
-845.2 315.0 24.1 -315.8 33.5 0.0
161.6 45.0 24.1 6.2 -260.4 0.0
260.0 -1238.3 214.9 -34.0 330.7 -60.0
-853.1 315.9 24.1 -315.6 34.7 0.0
161.7 39.1 24.1 4.3 -237.5 0.0
259.1 -1230.2 213.1 -35.7 324.0 -80.0
-860.9 316.8 24.1 -310.5 34.9 0.0
161.7 33.1 24.1 -0.1 -238.1 0.0
258.2 -1222.2 210.9 -37.5 317.1 -100.0
-868.4 317.7 24.1 -303.0 36.2 0.0
161.6 27.1 24.1 -3.9 -240.2 0.0
257.2 -1214.5 208.1 -39.4 310.1 -120.0
-875.8 318.6 24.1 -295.2 37.0 0.0
161.4 21.2 24.1 -6.8 -237.4 0.0
256.2 -1206.9 204.9 -39.5 302.2 -140.0
-883.1 319.5 24.1 -290.0 37.9 0.0
161.2 15.5 24.1 -8.5 -227.1 0.0
255.2 -1199.6 201.1 -39.7 294.3 -160.0
-890.3 320.5 24.1 -289.7 39.4 0.0
160.9 9.8 24.1 -13.2 -227.8 0.0
254.2 -1192.4 196.9 -39.9 286.4 -180.0
-897.2 321.4 24.1 -277.3 33.4 0.0
160.4 3.8 24.1 -19.6 -242.1 0.0
253.2 -1185.4 192.1 -40.0 278.4 -200.0
-904.4 322.1 24.1 -287.3 28.3 0.0
159.7 -2.8 24.1 -25.9 -261.3 0.0
252.2 -1178.7 186.9 -39.8 270.5 -220.0
-911.9 322.7 24.1 -300.0 23.8 0.0
159.0 -9.7 24.1 -31.0 -275.8 0.0
251.2 -1172.1 181.1 -39.6 262.6 -240.0
-919.7 323.2 24.1 -310.0 20.1 0.0
158.0 -16.6 24.1 -38.4 -277.2 0.0
250.2 -1165.7 174.9 -39.3 254.7 -260.0
-927.6 323.5 24.1 -315.5 15.7 0.0
156.8 -23.8 24.1 -47.5 -287.8 0.0
249.3 -1159.6 168.1 -39.0 246.8 -280.0
-935.5 323.9 24.1 -317.8 12.2 0.0
155.4 -31.2 24.1 -54.8 -296.0 0.0
248.4 -1153.2 160.9 -35.4 253.2 -300.0
-943.5 324.1 24.1 -317.8 9.1 0.0
153.9 -38.7 24.1 -60.2 -299.8 0.0
247.6 -1146.8 153.1 -31.7 259.5 -320.0
-951.3 324.2 24.1 -312.8 6.5 0.0
153.2 -46.9 24.1 -29.1 -328.5 0.0
246.9 -1140.1 152.1 -28.0 265.9 0.3
-958.9 324.3 24.1 -305.4 3.6 0.0
153.0 -55.1 24.1 -9.8 -329.1 0.0
247.2 -1132.9 152.1 12.8 289.2 0.0
-966.4 324.4 24.1 -297.7 1.2 0.0
153.1 -63.2 24.1 5.1 -324.6 0.0
247.7 -1125.6 151.9 20.6 290.0 -20.0
-973.6 324.3 24.1 -290.1 -0.9 0.0
153.5 -71.2 24.1 17.8 -320.8 0.0
248.4 -1118.4 151.1 28.3 290.8 -40.0
-980.7 324.3 24.1 -282.4 -2.4 0.0
154.4 -79.1 24.1 33.1 -314.7 0.0
249.4 -1111.7 149.9 38.3 266.8 -57.0
-987.7 324.2 24.1 -282.6 -5.2 0.0
155.5 -86.8 24.1 46.0 -309.2 0.0
250.5 -1105.0 148.3 46.2 267.5 -77.0
-994.7 324.0 24.1 -279.9 -7.4 0.0
156.9 -94.5 24.1 57.0 -304.5 0.0
251.7 -1098.5 146.1 47.5 259.9 -97.0
-1001.7 323.7 24.1 -277.2 -9.1 0.0
158.6 -102.0 24.1 66.3 -300.5 0.0
253.0 -1092.2 143.4 48.8 252.2 -117.0
-1008.7 323.5 24.1 -279.7 -11.1 0.0
160.5 -109.2 24.1 76.2 -288.9 0.0
254.2 -1086.1 140.2 50.1 244.5 -137.0
-1015.8 323.1 24.1 -287.4 -15.4 0.0
162.7 -116.3 24.1 86.8 -282.6 0.0
255.5 -1080.2 136.6 51.4 236.8 -157.0
-1023.1 322.6 24.1 -289.6 -18.5 0.0
165.1 -123.2 24.1 95.8 -277.2 0.0
256.8 -1074.5 132.4 51.4 228.8 -177.0
-1030.4 322.1 24.1 -291.8 -21.0 0.0
167.6 -130.0 24.1 103.5 -272.7 0.0
258.1 -1068.9 127.7 51.4 220.9 -197.0
-1037.7 321.5 24.1 -294.1 -23.2 0.0
170.2 -136.2 24.1 102.7 -247.2 0.0
259.3 -1063.6 122.5 51.5 213.0 -217.0
-1045.5 320.7 24.1 -310.5 -34.4 0.0
173.0 -142.1 24.1 113.2 -237.1 0.0
260.6 -1058.5 116.9 51.5 205.0 -237.0
-1053.2 319.6 24.1 -309.2 -40.3 0.0
176.1 -147.8 24.1 122.1 -228.5 0.0
261.8 -1053.2 110.7 47.5 210.7 -257.0
-1061.0 318.5 24.1 -310.4 -45.9 0.0
179.3 -153.4 24.1 129.7 -221.2 0.0
262.9 -1047.8 104.1 43.4 216.3 0.3
-1068.7 317.2 24.1 -309.4 -50.3 0.0
182.2 -160.0 24.1 115.5 -267.3 0.0
262.8 -1041.8 104.1 -3.5 240.2 0.0
-1076.8 315.2 24.1 -322.3 -80.7 0.0
184.8 -167.7 24.1 103.5 -306.4 0.0
261.7 -1035.3 104.1 -43.3 260.5 0.0
-1084.6 312.9 24.1 -313.8 -94.1 0.0
187.1 -175.5 24.1 91.4 -312.1 0.0
260.6 -1028.6 103.9 -46.8 266.9 -20.0
-1092.3 310.2 24.1 -306.4 -105.4 0.0
189.1 -183.3 24.1 80.9 -312.8 0.0
259.3 -1021.8 103.1 -50.4 273.3 -40.0
-1099.8 307.4 24.1 -300.3 -115.1 0.0
190.8 -191.3 24.1 68.4 -317.9 0.0
258.0 -1014.8 101.9 -53.9 279.7 -60.0
-1107.1 304.1 24.1 -293.8 -131.9 0.0
192.3 -199.2 24.1 57.9 -317.8 0.0
256.5 -1007.6 100.1 -57.4 286.1 -80.0
-1114.3 300.5 24.1 -286.0 -144.1 0.0
193.5 -207.2 24.1 48.9 -317.8 0.0
255.1 -1000.7 97.9 -57.6 278.1 -100.0
-1121.3 296.6 24.1 -279.9 -154.9 0.0
194.5 -215.1 24.1 41.3 -317.7 0.0
253.6 -993.9 95.1 -57.8 270.2 -120.0
-1128.1 292.5 24.1 -273.0 -162.4 0.0
195.3 -223.1 24.1 31.4 -318.3 0.0
252.2 -987.4 91.9 -58.1 262.3 -140.0
-1134.5 288.1 24.1 -256.3 -178.5 0.0
195.9 -231.0 24.1 23.1 -317.6 0.0
250.7 -981.0 88.1 -58.3 254.3 -160.0
-1140.6 283.3 24.1 -242.3 -192.1 0.0
196.3 -238.9 24.1 16.1 -317.1 0.0
249.3 -974.9 83.9 -57.4 246.4 -180.0
-1146.3 278.2 24.1 -229.8 -203.2 0.0
196.6 -246.8 24.1 10.1 -316.6 0.0
247.9 -968.9 79.1 -56.5 238.6 -200.0
-1151.8 272.9 24.1 -219.1 -212.7 0.0
196.6 -254.7 24.1 1.4 -314.0 0.0
246.5 -963.1 73.9 -55.6 230.7 -220.0
-1155.0 268.1 24.1 -126.7 -191.6 0.0
196.4 -262.5 24.1 -6.1 -312.8 0.0
245.1 -957.6 68.1 -54.7 222.8 -240.0
-1156.1 263.7 24.1 -47.0 -174.1 0.0
196.1 -270.3 24.1 -12.5 -311.8 0.0
243.8 -952.2 61.9 -53.5 214.9 -260.0
-1155.6 259.7 24.1 21.4 -159.2 0.0
195.7 -278.1 24.1 -19.6 -286.1 -2.1
242.5 -947.0 56.1 -52.2 207.1 0.3
-1153.6 256.1 24.1 80.2 -146.4 0.0
194.8 -285.5 24.1 -35.6 -295.4 0.0
241.7 -944.6 56.1 -32.2 97.6 0.0
-1153.6 252.6 24.1 1.1 -139.0 0.0
193.7 -292.8 24.1 -45.2 -291.9 0.0
240.9 -942.3 55.9 -30.9 89.8 -20.0
-1155.2 249.3 24.1 -65.6 -132.6 0.0
192.3 -300.0 24.1 -53.2 -289.0 0.0
240.3 -940.0 55.1 -26.2 93.9 -40.0
-1158.3 246.1 24.1 -121.6 -126.8 0.0
190.8 -307.2 24.1 -60.1 -286.5 0.0
239.7 -937.5 53.9 -21.5 98.1 -60.0
-1162.5 243.1 24.1 -169.3 -122.1 0.0
189.4 -314.9 24.1 -56.5 -311.5 0.0
239.3 -935.0 52.1 -16.8 102.3 -80.0
-1167.6 240.7 24.1 -205.8 -96.2 0.0
188.1 -322.7 24.1 -51.7 -311.9 0.0
239.0 -932.3 49.9 -12.0 106.4 -100.0
-1173.5 238.8 24.1 -236.8 -74.1 0.0
186.9 -330.5 24.1 -47.6 -312.2 0.0
238.9 -929.6 48.1 -4.2 108.0 0.1
-1180.0 237.4 24.1 -258.4 -55.8 0.0
185.8 -338.4 24.1 -44.2 -312.5 0.0
240.7 -926.9 48.1 74.3 106.9 0.0
-1186.4 236.3 24.1 -254.2 -43.2 0.0
185.3 -346.6 24.1 -19.7 -329.8 0.0
242.8 -924.2 47.9 82.1 108.4 -20.0
-1193.5 234.7 24.1 -284.3 -64.6 0.0
185.2 -354.7 24.1 -4.2 -325.5 0.0
245.0 -921.5 47.1 89.9 110.0 -40.0
-1200.7 232.9 24.1 -288.2 -73.9 0.0
185.5 -362.8 24.1 9.0 -321.8 0.0
247.4 -918.6 45.9 95.2 114.1 -60.0
-1207.8 230.9 24.1 -283.6 -78.6 0.0
186.0 -370.8 24.1 20.3 -318.7 0.0
249.9 -915.7 44.1 100.5 118.3 -80.0
-1214.8 228.8 24.1 -281.7 -83.6 0.0
186.6 -378.7 24.1 24.0 -317.4 0.0
253.0 -916.3 41.9 121.7 -26.7 -99.2
-1221.9 226.5 24.1 -282.7 -91.0 0.0
187.2 -386.6 24.1 27.3 -316.9 0.0
256.2 -916.9 40.1 127.0 -22.6 0.1
-1228.8 224.2 24.1 -278.2 -94.8 0.0
188.0 -394.5 24.1 30.2 -316.5 0.0
258.8 -915.4 40.1 106.0 60.1 0.0
-1235.6 221.7 24.1 -271.7 -97.0 0.0
188.8 -402.4 24.1 32.5 -316.1 0.0
261.0 -912.1 40.1 88.2 130.5 0.0
-1242.3 219.3 24.1 -265.4 -98.3 0.0
189.7 -410.3 24.1 35.1 -315.9 0.0
263.2 -908.7 39.9 88.0 138.4 -20.0
-1248.9 216.7 24.1 -266.4 -104.9 0.0
190.6 -418.2 24.1 37.2 -315.5 0.0
-768.0 1088.0 163.0 0.0 0.0 0.0
265.4 -905.0 39.1 87.8 146.3 -40.0
-1255.4 214.0 24.1 -257.6 -105.2 0.0
191.6 -426.1 24.1 39.0 -315.2 0.0
-768.0 1088.0 156.8 0.0 0.0 -100.0
267.5 -901.3 37.9 83.3 150.3 -60.0
-1261.6 211.4 24.1 -249.2 -105.1 0.0
192.6 -434.0 24.1 40.6 -315.0 0.0
-768.0 1088.0 154.0 0.0 0.0 -120.0
269.5 -897.4 36.1 78.7 154.3 -80.0
-1267.7 208.8 24.1 -243.2 -105.6 0.0
-768.0 1088.0 152.1 0.0 0.0 0.1
271.3 -893.4 33.9 74.1 158.2 -100.0
-1273.8 205.9 24.1 -246.3 -114.1 0.0
-768.0 1088.0 152.1 0.0 0.0 0.0
273.1 -889.4 31.1 69.6 162.2 -120.0
-1279.7 203.1 24.1 -235.2 -112.6 0.0
-768.0 1088.0 152.1 0.0 0.0 0.0
274.8 -885.3 27.9 68.3 165.4 -140.0
-1285.4 200.3 24.1 -226.8 -112.1 0.0
-766.2 1088.2 152.1 73.9 8.4 0.0
276.4 -881.0 24.1 67.0 168.6 -160.0
-1290.8 197.5 24.1 -218.6 -111.0 0.0
-762.9 1088.6 152.1 128.5 14.2 0.0
277.6 -876.8 24.1 46.2 169.2 0.1
-1296.1 194.8 24.1 -208.5 -108.0 0.0
-758.6 1089.0 152.1 171.8 18.6 0.0
278.4 -872.7 24.1 30.6 165.0 0.0
-1301.1 192.2 24.1 -200.9 -106.0 0.0
-753.6 1089.6 152.1 203.7 21.9 0.0
278.9 -869.0 24.1 21.1 145.9 0.0
-1306.2 189.4 24.1 -206.3 -111.6 0.0
-747.6 1090.2 152.1 238.3 25.7 0.0
279.0 -865.6 24.1 5.7 137.5 0.0
-1311.6 186.4 24.1 -214.2 -118.1 0.0
-740.7 1091.0 152.1 274.0 29.2 0.0
278.9 -862.4 24.1 -6.7 129.7 0.0
-1317.0 182.3 24.1 -217.0 -165.2 0.0
-733.2 1091.8 152.1 303.2 32.4 0.0
278.4 -859.3 24.1 -16.4 122.6 0.0
-1322.5 177.2 24.1 -218.7 -204.3 0.0
-725.3 1092.6 152.1 313.2 33.2 0.0
277.1 -856.5 24.1 -53.8 110.5 0.0
-1327.6 171.9 24.1 -206.6 -212.3 0.0
-717.4 1093.4 152.1 315.7 33.6 0.0
274.8 -854.0 24.1 -90.5 101.1 0.0
-1332.5 166.6 24.1 -192.2 -210.9 0.0
-709.6 1094.3 152.1 313.2 33.5 0.0
271.7 -851.6 24.1 -126.0 94.1 0.0
-1337.1 160.3 24.1 -184.2 -251.3 0.0
-702.0 1095.1 152.1 303.1 32.7 0.0
267.7 -849.4 24.1 -159.9 88.7 0.0
-1341.3 153.9 24.1 -169.3 -258.2 0.0
-694.8 1095.9 152.1 290.6 31.3 0.0
263.3 -847.5 24.1 -177.2 76.3 0.0
-1345.2 147.4 24.1 -154.8 -256.7 0.0
-687.3 1095.1 152.1 299.1 -30.7 0.0
258.6 -845.9 24.1 -184.7 65.8 0.0
-1348.7 141.1 24.1 -142.2 -255.5 0.0
-679.7 1093.0 152.1 305.3 -82.7 0.0
254.0 -844.5 24.1 -187.5 56.8 0.0
-1351.1 133.8 24.1 -95.9 -292.5 0.0
-672.1 1090.1 152.1 302.3 -117.9 0.0
249.3 -843.2 24.1 -188.2 48.8 0.0
-1352.5 125.7 32.1 -56.8 -324.0 0.0
-665.4 1087.3 152.1 268.8 -113.2 0.0
245.3 -842.2 24.1 -159.9 41.5 0.0
-1353.2 117.0 32.1 -24.9 -345.5 0.0
-658.9 1083.2 152.1 258.3 -161.6 0.0
241.8 -841.3 24.1 -136.5 35.2 0.0
-1353.3 108.6 40.1 -6.8 -336.9 0.0
-653.0 1078.8 152.1 238.5 -178.2 0.0
238.5 -840.6 24.1 -132.5 28.0 0.0
-1352.4 99.8 40.1 38.0 -351.0 0.0
-647.8 1074.8 152.1 205.5 -157.4 0.0
235.2 -840.1 24.1 -132.2 21.4 0.0
-1350.9 91.3 48.1 60.4 -339.8 0.0
-642.9 1070.2 152.1 198.6 -186.2 0.0
232.4 -839.6 24.1 -112.4 18.2 0.0
-1348.9 83.1 48.1 79.4 -330.0 0.0
-638.6 1064.6 152.1 168.6 -221.9 0.0
230.0 -839.3 24.1 -97.2 14.9 0.0
-1346.5 75.1 56.1 94.0 -319.7 0.0
-635.1 1058.9 152.1 143.2 -227.2 0.0
227.6 -839.0 24.1 -94.8 8.9 0.0
-1344.4 67.9 56.1 83.5 -288.8 0.0
-632.0 1052.5 152.1 121.5 -258.0 0.0
225.3 -839.0 24.1 -93.3 3.3 0.0
-1342.5 60.7 64.1 79.1 -284.7 0.0
-629.5 1045.4 152.1 103.1 -285.1 0.0
224.3 -840.6 24.1 -41.3 -67.4 0.0
-1340.6 53.7 64.1 75.7 -282.8 0.0
-626.4 1038.5 152.1 121.5 -275.6 0.0
224.3 -843.7 24.1 3.8 -124.0 0.0
-1338.7 46.6 72.1 73.4 -283.2 0.0
-623.6 1032.4 152.1 113.7 -244.4 0.0
225.3 -848.1 24.1 39.3 -172.6 0.0
-1337.6 39.4 72.1 46.2 -289.1 0.0
-620.9 1026.9 152.1 107.1 -218.1 0.0
227.0 -853.3 24.1 67.1 -210.1 0.0
-1336.9 32.3 72.1 27.1 -282.5 0.0
-617.5 1021.2 152.1 134.1 -227.2 0.0
229.4 -859.2 24.1 95.1 -236.4 0.0
-1336.6 25.4 80.1 10.6 -277.3 0.0
-613.2 1015.4 152.1 175.0 -234.5 0.0
231.9 -865.0 24.1 101.5 -232.0 0.0
-1336.7 18.6 80.1 -2.5 -270.0 0.0
-608.1 1009.4 152.1 204.6 -237.1 0.0
234.4 -870.4 24.1 98.6 -215.8 0.0
-1338.0 11.4 88.1 -51.8 -288.1 0.0
-602.7 1003.7 152.1 213.7 -228.4 0.0
237.4 -876.4 24.1 119.8 -237.9 0.0
-1340.3 3.8 88.1 -93.8 -303.5 0.0
-597.2 998.2 152.1 219.2 -219.7 0.0
240.7 -882.3 24.1 133.8 -238.3 0.0
-1343.2 -3.7 88.1 -116.1 -301.1 0.0
-590.6 993.1 152.1 263.2 -206.5 0.0
244.5 -888.5 24.1 152.2 -245.7 0.0
-1346.4 -11.0 88.1 -128.3 -290.9 0.0
-583.7 988.3 152.1 278.9 -189.8 0.0
248.7 -894.7 24.1 166.4 -250.2 0.0
-1348.7 -19.0 88.1 -88.9 -320.7 0.0
-576.7 983.6 151.9 279.9 -190.0 -20.0
253.1 -901.0 32.1 176.3 -251.5 0.0
-1350.1 -27.4 88.1 -58.6 -334.7 0.0
-569.7 978.8 151.1 279.9 -190.0 -40.0
257.2 -908.0 32.1 165.8 -278.3 0.0
-1351.1 -35.6 88.1 -37.7 -328.8 0.0
-562.8 974.0 149.9 275.4 -194.9 -60.0
261.0 -915.0 40.1 151.3 -280.0 0.0
-1351.6 -43.7 88.1 -19.8 -324.2 0.0
-556.0 969.0 148.1 271.0 -199.7 -80.0
264.5 -922.1 40.1 139.9 -285.2 0.0
-1350.5 -51.3 88.1 42.5 -306.1 0.0
-549.3 963.9 145.9 266.8 -204.4 -100.0
267.8 -929.3 48.1 130.4 -289.8 0.0
-1348.1 -58.6 88.1 96.1 -291.0 0.0
-542.8 958.6 143.1 262.6 -208.8 -120.0
269.5 -936.9 48.1 70.2 -300.9 0.0
-1344.6 -65.6 88.1 141.7 -278.0 0.0
-536.4 953.5 139.9 256.4 -205.4 -140.0
270.1 -944.5 48.1 20.8 -307.7 0.0
-1340.3 -72.1 88.1 170.9 -262.3 0.0
-530.1 948.5 136.1 250.1 -202.0 -160.0
269.8 -952.0 56.1 -9.4 -297.9 0.0
-1335.7 -78.0 88.1 182.3 -235.2 0.0
-524.0 943.5 131.9 243.8 -198.5 -180.0
269.3 -958.7 56.1 -19.6 -268.7 0.0
-1330.9 -83.3 88.1 192.2 -212.3 0.0
-518.1 938.6 127.1 237.5 -195.1 -200.0
267.0 -964.8 64.1 -94.8 -242.3 0.0
-1325.9 -88.1 88.1 201.7 -193.1 0.0
-512.3 933.7 121.9 230.0 -196.3 -220.0
263.0 -970.3 64.1 -158.1 -219.6 0.0
-1320.6 -92.6 88.1 210.0 -176.7 0.0
-511.1 928.8 116.1 -0.2 -197.6 -240.0
257.7 -975.3 64.1 -210.7 -199.9 0.0
-1315.5 -96.4 88.1 205.5 -155.6 0.0
-511.3 923.8 112.1 -7.6 -198.8 0.3
251.4 -979.8 72.1 -254.2 -183.1 0.0
-1310.3 -99.9 88.1 209.0 -139.0 0.0
-513.3 919.3 112.1 -78.6 -180.6 0.0
246.5 -985.4 72.1 -193.4 -221.7 0.0
-1305.0 -103.0 88.1 211.6 -124.8 0.0
-516.8 915.3 112.1 -140.2 -160.2 0.0
243.0 -991.7 72.1 -141.9 -253.4 0.0
-1299.7 -105.8 88.1 211.8 -112.3 0.0
-521.6 911.7 112.1 -191.3 -142.8 0.0
240.5 -998.7 80.1 -98.1 -280.2 0.0
-1293.7 -108.4 88.1 238.9 -100.7 0.0
-526.5 908.1 111.9 -198.4 -143.4 -20.0
239.0 -1006.3 80.1 -61.2 -303.2 0.0
-1287.6 -110.6 88.1 245.5 -89.1 0.0
-531.7 904.5 111.1 -205.3 -144.1 -40.0
239.7 -1013.1 88.1 26.2 -271.2 0.0
-1281.3 -112.6 88.1 251.1 -79.4 0.0
-537.0 900.9 109.9 -211.9 -145.1 -60.0
242.2 -1019.2 88.1 100.6 -243.3 0.0
-1274.9 -112.9 88.1 256.9 0.1 0.0
-542.4 897.2 108.1 -218.5 -146.1 -80.0
246.3 -1024.6 88.1 163.9 -219.4 0.0
-1267.8 -112.9 88.1 282.2 0.0 0.0
-548.0 893.6 105.9 -225.1 -147.1 -100.0
251.7 -1029.6 96.1 217.7 -199.1 0.0
-1260.6 -112.9 88.1 287.2 0.0 0.0
-553.8 889.9 103.1 -231.7 -148.2 -120.0
257.0 -1035.5 96.1 209.2 -233.9 0.0
-1253.3 -112.9 88.1 292.3 -0.1 0.0
-559.6 886.1 99.9 -231.7 -148.2 -140.0
261.8 -1041.6 104.1 194.8 -245.3 0.0
-1245.9 -112.9 88.1 297.3 -0.2 0.0
-565.4 882.4 96.1 -231.7 -148.2 -160.0
266.4 -1047.9 104.1 181.8 -252.7 0.0
-1238.3 -112.9 88.1 302.4 -0.6 0.0
-571.1 879.1 96.1 -225.4 -135.6 0.1
270.6 -1054.4 104.1 171.0 -259.1 0.0
-1230.7 -112.9 88.1 307.4 -0.6 0.0
-576.8 875.6 95.9 -231.6 -137.7 -19.9
272.3 -1060.3 112.1 67.3 -234.7 0.0
-1222.9 -112.9 88.1 312.4 -0.5 0.0
-582.6 872.0 95.1 -231.1 -145.3 -39.9
271.8 -1065.6 112.1 -20.9 -213.6 0.0
-1215.0 -112.9 88.1 315.0 -0.8 0.0
-588.4 868.2 93.9 -230.5 -153.1 -59.9
269.4 -1070.5 112.1 -95.9 -195.4 0.0
-1208.7 -114.8 88.1 253.1 -74.8 0.0
-594.1 864.1 92.1 -229.9 -160.9 -79.9
265.4 -1075.0 120.1 -159.0 -180.2 0.0
-1203.7 -118.3 88.1 200.0 -138.9 0.0
-599.9 859.9 89.9 -229.3 -168.8 -99.9
261.3 -1080.0 120.1 -167.0 -200.5 0.0
-1199.8 -123.1 88.1 155.0 -194.1 0.0
-605.4 855.6 87.1 -222.8 -171.8 -119.9
257.1 -1085.2 120.1 -167.8 -209.0 0.0
-1196.9 -129.2 96.1 116.3 -241.6 0.0
-610.8 851.2 83.9 -216.4 -174.8 -139.9
252.8 -1090.7 128.1 -169.2 -217.2 0.0
-1195.5 -135.3 96.1 53.8 -242.8 0.0
-616.1 846.8 80.2 -210.2 -177.7 -159.9
248.6 -1096.3 128.1 -170.9 -225.2 0.0
-1195.5 -141.3 96.1 2.3 -242.8 0.0
-621.2 842.3 75.9 -204.1 -180.5 -179.9
245.9 -1102.2 128.1 -106.5 -237.8 0.0
-1196.5 -147.4 104.1 -42.2 -242.9 0.0
-626.1 837.7 72.1 -196.9 -181.9 0.2
244.7 -1108.5 136.1 -49.4 -250.7 0.0
-1198.5 -153.5 104.1 -80.9 -244.0 0.0
-628.5 833.5 72.1 -95.8 -169.3 0.0
244.7 -1115.1 136.1 0.7 -263.6 0.0
-1201.8 -159.4 104.1 -130.5 -234.5 0.0
-628.8 829.5 72.1 -11.1 -158.4 0.0
245.8 -1122.0 144.1 44.9 -276.5 0.0
-1206.1 -165.0 112.1 -172.9 -225.9 0.0
-628.9 825.6 71.9 -4.1 -159.8 -20.0
247.4 -1128.9 144.1 65.3 -275.2 0.0
-1211.1 -170.4 112.1 -200.5 -215.2 0.0
-628.8 821.5 71.1 3.0 -161.0 -40.0
249.5 -1135.8 144.1 83.4 -275.1 0.0
-1216.3 -175.4 112.1 -207.3 -199.0 0.0
-628.6 817.5 69.9 10.0 -162.2 -60.0
252.0 -1142.6 152.1 98.0 -274.2 0.0
-1220.6 -181.5 120.1 -172.7 -247.2 0.0
-628.2 813.4 68.1 16.9 -163.5 -80.0
254.7 -1149.5 152.1 111.3 -274.5 0.0
-1224.2 -188.7 120.1 -143.2 -288.2 0.0
-627.6 809.3 65.9 23.9 -164.7 -100.0
257.1 -1155.3 160.1 94.6 -233.3 0.0
-1227.2 -196.8 128.1 -118.1 -321.0 0.0
-626.8 805.1 63.1 29.9 -166.8 -120.0
259.2 -1160.9 160.1 83.9 -222.0 0.0
-1229.6 -204.8 128.1 -98.1 -320.0 0.0
-625.9 800.9 59.9 35.9 -168.9 -140.0
261.2 -1166.8 160.1 78.3 -235.3 0.0
-1229.9 -212.1 136.1 -9.4 -294.9 0.0
-624.9 796.6 56.1 41.9 -171.1 -160.0
263.0 -1172.9 168.1 73.5 -246.4 0.0
-1228.2 -219.0 136.1 65.3 -273.8 0.0
-623.7 792.3 51.9 48.1 -173.2 -180.0
263.6 -1179.8 168.1 24.7 -274.9 0.0
-1225.0 -225.4 144.1 128.2 -255.5 0.0
-622.3 787.9 48.1 54.7 -175.0 0.2
263.2 -1187.2 176.1 -16.4 -297.9 0.0
-1220.5 -231.4 144.1 181.2 -239.6 0.0
8.0 -176.0 35.0 0.0 0.0 0.0
-619.4 783.7 48.1 114.1 -166.5 0.0
262.1 -1194.9 176.1 -44.6 -306.1 0.0
-1216.2 -237.5 144.1 173.0 -244.8 0.0
8.0 -176.0 28.7 0.0 0.0 -100.0
-616.4 779.5 47.9 120.9 -168.3 -20.0
260.7 -1202.1 184.1 -55.5 -290.7 0.0
-1212.0 -243.8 152.1 166.7 -250.5 0.0
8.0 -176.0 26.0 0.0 0.0 -120.0
-613.2 775.3 47.1 127.8 -170.1 -40.0
259.5 -1208.3 184.1 -47.1 -247.1 0.0
-1208.0 -250.1 152.1 160.3 -253.5 0.0
8.0 -176.0 24.1 0.0 0.0 0.1
-609.9 771.0 45.9 135.0 -171.5 -60.0
258.3 -1214.2 184.1 -47.5 -233.4 0.0
-1204.1 -256.6 152.1 155.9 -258.4 0.0
8.0 -176.0 24.1 0.0 0.0 0.0
-606.3 766.7 44.1 142.4 -172.9 -80.0
257.0 -1220.3 192.1 -55.6 -246.7 0.0
-1201.7 -263.2 152.1 96.2 -264.0 0.0
8.0 -176.0 24.1 0.0 0.0 0.0
-602.6 762.3 41.9 149.7 -174.3 -100.0
255.4 -1226.7 192.1 -61.5 -255.3 0.0
-1200.6 -269.9 152.1 45.5 -268.8 0.0
8.0 -176.0 24.1 0.0 0.0 0.0
-598.6 757.9 39.1 157.2 -175.7 -120.0
254.2 -1234.1 200.1 -48.1 -295.7 0.0
-1200.5 -276.7 152.1 2.0 -273.4 0.0
8.0 -176.0 24.1 0.0 0.0 0.0
-594.5 753.5 35.9 164.4 -177.4 -140.0
253.3 -1242.1 200.1 -37.1 -320.0 0.0
-1201.3 -283.6 152.1 -33.9 -275.6 0.0
9.4 -176.6 24.1 55.3 -22.8 0.0
-590.2 749.0 32.1 171.7 -179.2 -160.0
252.6 -1250.1 208.1 -28.7 -319.7 0.0
-1202.1 -289.5 152.1 -28.8 -234.2 0.0
11.7 -177.5 24.1 94.5 -38.7 0.0
-585.7 744.5 27.9 178.9 -181.0 -180.0
252.0 -1258.1 208.1 -22.3 -318.8 0.0
-1202.7 -294.4 152.1 -24.5 -199.1 0.0
15.1 -178.9 24.1 135.2 -55.2 0.0
-581.1 739.9 24.1 186.3 -182.7 0.2
251.9 -1265.9 217.1 -4.4 -314.8 0.0
-1203.2 -298.7 152.1 -20.8 -169.2 0.0
19.5 -180.7 24.1 173.9 -70.8 0.0
-576.7 734.1 24.1 176.4 -232.0 0.0
252.1 -1273.4 217.1 7.2 -300.4 0.0
-1203.6 -302.3 152.1 -17.7 -143.9 0.0
24.7 -182.8 24.1 210.7 -86.2 0.0
-572.5 727.3 24.1 168.3 -273.7 0.0
252.5 -1280.6 217.1 16.7 -286.7 0.0
-1204.4 -307.3 152.1 -29.5 -200.3 0.0
30.9 -185.4 24.1 244.9 -100.3 0.0
-568.6 720.1 24.1 155.8 -286.8 0.0
253.1 -1287.4 217.1 23.1 -270.9 0.0
-1205.4 -313.5 152.1 -39.7 -248.3 0.0
37.7 -188.2 24.1 275.1 -112.9 0.0
-565.0 712.8 24.1 143.3 -289.8 0.0
251.6 -1292.9 217.1 -57.8 -220.0 0.0
-1206.6 -320.7 152.1 -48.7 -289.0 0.0
44.8 -191.1 24.1 282.0 -115.8 0.0
-562.0 704.8 24.1 118.4 -323.0 0.0
248.5 -1297.3 217.1 -124.7 -177.0 0.0
-1207.9 -328.5 152.1 -54.1 -312.9 0.0
51.9 -195.0 24.1 286.0 -159.0 0.0
-559.6 696.8 24.1 98.4 -320.3 0.0
244.0 -1300.8 217.1 -179.7 -140.9 0.0
-1209.3 -336.3 152.1 -55.5 -312.7 0.0
58.7 -199.3 24.1 270.3 -170.8 0.0
-557.5 688.8 24.1 81.4 -319.1 0.0
238.4 -1303.6 217.1 -224.5 -110.2 0.0
-1210.7 -344.1 152.1 -56.7 -312.4 0.0
65.1 -203.7 24.1 254.0 -176.8 0.0
-555.9 680.8 24.1 66.9 -318.7 0.0
232.0 -1305.8 217.1 -258.1 -89.8 0.0
-1212.2 -352.0 152.1 -57.5 -312.3 0.0
71.1 -208.3 24.1 241.3 -183.8 0.0
-554.6 672.8 24.1 51.6 -319.8 0.0
225.4 -1307.7 217.1 -264.2 -73.8 0.0
-1213.6 -359.8 152.1 -57.9 -312.2 0.0
76.8 -213.1 24.1 226.6 -189.1 0.0
-553.6 664.9 24.1 38.8 -318.4 0.0
219.0 -1309.2 217.1 -255.6 -61.1 0.0
-1215.1 -367.6 152.1 -56.8 -312.4 0.0
82.1 -218.0 24.1 215.8 -196.7 0.0
-552.9 656.9 24.1 28.0 -317.2 0.0
212.7 -1310.5 217.1 -250.2 -50.1 0.0
-1216.4 -375.4 152.1 -55.7 -312.6 0.0
87.3 -223.1 24.1 207.7 -204.9 0.0
-552.4 649.1 24.1 19.0 -313.8 0.0
206.3 -1311.4 217.1 -258.0 -37.3 0.0
-1217.8 -383.2 152.1 -55.1 -312.7 0.0
92.4 -228.4 24.1 201.0 -212.2 0.0
-552.2 641.3 24.1 9.1 -312.5 0.0
200.0 -1312.1 217.1 -252.0 -27.8 0.0
-1219.2 -391.0 152.1 -54.1 -310.3 0.0
97.1 -233.8 24.1 191.1 -216.8 0.0
-552.2 633.6 24.1 1.2 -308.6 0.0
193.8 -1312.6 217.1 -245.7 -20.0 0.0
-1220.3 -398.9 152.1 -44.6 -318.6 0.0
101.8 -239.5 24.1 185.4 -225.6 0.0
-552.3 625.9 24.1 -5.6 -307.4 0.0
187.8 -1312.9 217.1 -242.6 -13.0 0.0
-1221.2 -406.9 152.1 -36.4 -318.9 0.0
106.3 -245.3 24.1 180.9 -233.8 0.0
-552.6 618.3 24.1 -11.4 -304.2 0.0
181.5 -1313.0 217.1 -248.5 -4.0 0.0
-1221.9 -414.9 152.1 -29.4 -318.5 0.0
110.7 -251.3 24.1 177.5 -241.5 0.0
-553.0 610.8 24.1 -17.5 -299.4 0.0
175.4 -1313.0 217.1 -244.9 2.3 0.0
-1222.5 -422.8 152.1 -23.5 -318.4 0.0
115.0 -257.4 24.1 169.0 -243.4 0.0
-553.6 603.4 24.1 -22.6 -295.7 0.0
169.4 -1312.8 217.1 -241.4 7.5 0.0
-1222.9 -430.8 152.1 -15.3 -320.3 0.0
119.0 -263.6 24.1 163.5 -248.8 0.0
-554.3 596.0 24.1 -27.5 -294.9 0.0
163.5 -1312.5 217.1 -235.6 11.3 0.0
-1223.1 -438.8 152.1 -8.6 -319.7 0.0
123.0 -270.0 24.1 158.9 -253.7 0.0
-555.1 588.7 24.1 -31.1 -291.6 0.0
157.4 -1312.0 217.1 -243.3 18.7 0.0
-1223.2 -446.8 152.1 -3.1 -319.0 0.0
126.9 -276.4 24.1 155.4 -258.1 0.0
-555.9 581.6 24.1 -35.1 -286.5 0.0
151.5 -1311.5 217.1 -237.4 22.4 0.0
-1223.2 -454.7 152.1 1.6 -316.2 0.0
130.5 -282.8 24.1 145.4 -254.9 0.0
-556.9 574.5 24.1 -39.0 -283.2 0.0
145.6 -1310.8 217.1 -234.1 25.9 0.0
-1222.9 -462.7 152.1 10.3 -320.5 0.0
134.0 -289.2 24.1 137.9 -255.2 0.0
-558.0 567.4 24.1 -42.4 -282.3 0.0
139.9 -1310.1 217.1 -228.3 28.1 0.0
-1222.5 -470.7 152.1 16.7 -319.2 0.0
137.3 -295.6 24.1 131.3 -255.0 0.0
-559.1 560.4 24.1 -45.5 -281.6 0.0
134.1 -1309.3 217.1 -233.1 33.7 0.0
-1221.9 -478.6 152.1 22.5 -318.4 0.0
140.4 -301.9 24.1 125.7 -254.2 0.0
-560.3 553.5 24.1 -47.8 -274.0 0.0
128.4 -1308.4 217.1 -227.4 36.1 0.0
-1221.2 -486.6 152.1 27.1 -317.4 0.0
143.1 -307.5 24.1 108.0 -223.5 0.0
-561.6 546.7 24.1 -51.4 -273.2 0.0
122.9 -1307.4 217.1 -221.7 37.9 0.0
-1220.0 -494.6 152.1 48.3 -321.4 0.0
145.5 -312.9 24.1 95.5 -215.1 0.0
-563.0 539.9 24.1 -54.4 -272.3 0.0
117.2 -1306.4 217.1 -226.0 41.8 0.0
-1218.5 -502.4 160.1 60.9 -313.1 0.0
147.7 -318.6 24.1 87.5 -226.7 0.0
-564.4 533.1 24.1 -57.0 -271.7 0.0
111.6 -1305.2 217.1 -223.4 45.2 0.0
-1216.7 -510.1 160.1 72.0 -307.2 0.0
149.7 -324.6 24.1 81.3 -240.2 0.0
-565.9 526.5 24.1 -59.0 -264.1 0.0
106.1 -1304.0 217.1 -222.4 48.3 0.0
-1214.7 -517.6 168.1 80.7 -300.4 0.0
152.2 -329.6 24.1 97.9 -201.1 0.0
-567.4 519.9 24.1 -62.4 -263.1 0.0
100.4 -1302.7 217.1 -226.4 52.6 0.0
-1213.1 -525.5 168.1 62.0 -313.9 0.0
155.0 -333.8 24.1 113.3 -167.6 0.0
-569.1 513.4 24.1 -65.4 -262.1 0.0
94.7 -1301.3 217.1 -228.0 55.8 0.0
-1212.0 -533.4 176.1 47.2 -314.8 0.0
158.2 -337.3 24.1 127.6 -139.4 0.0
-570.8 506.8 24.1 -68.0 -261.3 0.0
88.9 -1299.7 217.1 -230.7 63.6 0.0
-1211.1 -541.2 176.1 35.2 -313.0 0.0
161.7 -340.1 24.1 141.1 -115.0 0.0
-572.4 501.0 24.1 -64.0 -234.0 0.0
83.3 -1298.1 217.1 -224.0 66.2 0.0
-1210.5 -549.0 184.1 24.6 -312.3 0.0
165.2 -342.2 24.1 139.8 -84.4 0.0
-574.1 495.2 24.1 -71.2 -230.4 0.0
77.8 -1296.3 217.1 -220.0 69.2 0.0
-1210.3 -556.5 184.1 5.7 -298.8 0.0
168.7 -343.7 24.1 140.4 -57.6 0.0
-576.1 489.5 24.1 -78.0 -229.3 0.0
72.4 -1294.6 226.1 -216.2 71.5 0.0
-1210.6 -563.7 192.1 -11.8 -290.7 0.0
172.3 -344.5 24.1 142.6 -33.9 0.0
-578.2 483.8 24.1 -83.2 -226.8 0.0
68.5 -1291.7 226.1 -156.4 114.0 0.0
-1211.3 -570.8 192.1 -25.7 -281.6 0.0
175.9 -344.9 24.1 144.3 -13.8 0.0
-581.4 477.9 24.1 -129.3 -235.5 0.0
65.9 -1288.0 226.1 -105.1 149.9 0.0
-1212.2 -577.7 200.1 -38.4 -275.8 0.0
177.4 -346.4 24.1 59.5 -59.8 0.0
-585.6 471.9 24.1 -167.4 -242.0 0.0
64.3 -1283.5 226.1 -62.2 180.0 0.0
-1213.3 -585.1 200.1 -43.7 -296.8 0.0
177.0 -348.8 24.1 -13.9 -97.7 0.0
-589.9 466.2 24.1 -173.2 -228.4 0.0
63.7 -1278.3 234.1 -25.5 205.5 0.0
-1214.5 -592.5 200.1 -45.0 -296.5 0.0
175.2 -352.1 24.1 -73.2 -130.0 0.0
-594.2 460.9 24.1 -172.3 -212.5 0.0
64.6 -1272.7 234.1 34.4 223.5 0.0
-1215.6 -599.8 208.1 -45.7 -293.9 0.0
172.2 -355.9 24.1 -120.4 -154.8 0.0
-599.2 455.6 24.1 -197.4 -209.3 0.0
66.7 -1266.8 234.1 85.2 238.9 0.0
-1216.8 -607.1 208.1 -46.3 -291.2 0.0
169.9 -360.9 24.1 -89.8 -198.5 0.0
-604.1 450.8 24.1 -196.8 -194.3 0.0
69.9 -1260.5 242.1 128.8 252.5 0.0
-1216.5 -614.2 216.1 9.6 -282.0 0.0
168.4 -366.9 24.1 -62.8 -238.6 0.0
-609.0 446.3 24.1 -195.5 -181.3 0.0
74.1 -1253.9 242.1 166.0 263.9 0.0
-1215.1 -621.0 216.1 57.7 -274.3 0.0
167.4 -373.6 24.1 -40.3 -270.8 0.0
-613.9 442.0 24.1 -195.7 -170.8 0.0
77.6 -1248.2 250.1 141.1 224.3 0.0
-1212.6 -627.7 216.1 99.4 -268.9 0.0
166.6 -380.1 24.1 -28.8 -259.3 0.0
-619.6 437.7 24.1 -230.3 -170.7 0.0
80.8 -1243.1 250.1 127.8 206.6 0.0
-1209.4 -634.2 216.1 125.6 -257.9 0.0
166.2 -386.4 24.1 -17.2 -252.1 0.0
-625.5 433.7 24.1 -234.4 -160.5 0.0
84.0 -1237.8 250.1 127.1 212.5 0.0
-1205.9 -640.4 216.1 142.0 -248.0 0.0
166.2 -393.4 24.1 0.9 -279.5 0.0
-631.5 429.9 24.1 -240.1 -152.8 0.0
87.2 -1232.3 258.1 128.1 220.4 0.0
-1202.0 -646.4 216.1 155.0 -239.3 0.0
166.6 -400.9 24.1 15.1 -299.2 0.0
-637.7 426.2 24.1 -247.6 -147.3 0.0
89.0 -1225.8 258.1 71.8 257.4 0.0
-1197.9 -652.1 216.1 163.7 -229.6 0.0
167.3 -408.7 24.1 26.4 -312.1 0.0
-644.9 422.8 24.1 -288.5 -135.7 0.0
89.5 -1218.6 258.1 23.3 288.7 0.0
-1193.6 -657.7 216.1 172.6 -222.6 0.0
168.2 -416.7 24.1 36.4 -318.7 0.0
-652.5 419.7 24.1 -304.0 -123.1 0.0
89.1 -1210.7 266.1 -17.8 315.3 0.0
-1188.9 -663.8 216.1 186.4 -244.6 0.0
169.3 -424.6 24.1 42.7 -316.8 0.0
-660.1 417.0 24.1 -305.4 -110.9 0.0
87.9 -1202.4 266.1 -50.0 333.2 0.0
-1184.3 -669.9 216.1 185.3 -245.4 0.0
170.4 -432.2 24.1 45.7 -305.7 0.0
-667.8 414.4 24.1 -307.0 -100.6 0.0
85.3 -1194.2 274.1 -103.2 327.2 0.0
-1179.7 -676.1 216.1 184.2 -246.2 0.0
171.6 -439.4 24.1 46.2 -287.5 0.0
-675.0 411.9 24.1 -286.6 -102.9 0.0
81.7 -1186.3 274.1 -142.7 318.1 0.0
-1175.1 -682.3 216.1 183.3 -246.9 0.0
172.6 -445.9 24.1 43.6 -260.0 0.0
-682.1 409.0 24.1 -286.4 -116.6 0.0
77.7 -1178.8 282.1 -160.5 298.7 0.0
-1171.5 -689.3 216.1 146.8 -280.4 0.0
173.6 -451.7 24.1 39.6 -229.7 0.0
-689.3 405.7 24.1 -287.2 -128.8 0.0
73.3 -1171.7 282.1 -175.4 282.1 0.0
-1168.6 -696.9 216.1 116.3 -304.4 0.0
174.8 -457.9 24.1 48.6 -248.1 0.0
-696.4 402.3 24.1 -284.6 -137.0 0.0
69.1 -1165.0 282.1 -169.6 268.9 0.0
-1166.2 -704.5 216.1 93.2 -305.6 0.0
176.3 -464.7 24.1 59.4 -273.9 0.0
-703.4 398.6 24.1 -281.8 -149.3 0.0
64.8 -1158.3 282.1 -171.4 267.5 0.0
-1164.4 -712.2 216.1 73.4 -306.3 0.0
178.1 -472.1 24.1 68.9 -294.9 0.0
-710.4 394.6 24.1 -277.6 -158.3 0.0
60.5 -1151.7 282.1 -173.1 266.4 0.0
-1163.2 -719.5 216.1 46.5 -293.4 0.0
179.9 -479.7 24.1 75.4 -306.2 0.0
-717.3 390.5 24.1 -274.4 -166.2 0.0
56.1 -1145.0 282.1 -174.7 265.3 0.0
-1162.7 -726.7 216.1 21.9 -286.6 0.0
181.9 -487.4 24.1 78.6 -307.9 0.0
-724.0 386.2 24.1 -270.0 -171.5 0.0
51.7 -1138.4 282.1 -176.7 264.1 0.0
-1162.7 -733.7 216.1 0.2 -282.1 0.0
183.9 -495.1 24.1 79.7 -304.9 0.0
-730.6 381.5 24.1 -265.2 -186.8 0.0
47.2 -1131.9 282.1 -178.2 262.9 0.0
-1163.1 -740.7 216.1 -18.4 -278.8 0.0
185.8 -502.4 24.1 77.9 -292.4 0.0
-737.0 376.6 24.1 -256.4 -194.5 0.0
42.7 -1125.3 282.1 -179.6 262.0 0.0
-1165.1 -747.6 216.1 -79.7 -274.7 0.0
187.7 -509.2 24.1 74.4 -275.0 0.0
-743.3 371.6 24.1 -250.6 -202.8 0.0
38.2 -1118.8 282.1 -180.8 261.1 0.0
-1168.4 -754.4 216.1 -131.1 -271.2 0.0
189.4 -515.6 24.1 69.8 -255.3 0.0
-749.4 366.4 24.1 -244.3 -208.3 0.0
33.6 -1112.3 282.1 -182.5 260.0 0.0
-1172.8 -761.0 216.1 -175.0 -267.7 0.0
191.1 -521.6 24.1 66.6 -240.5 0.0
-755.3 361.7 24.1 -236.8 -185.7 0.0
29.0 -1105.8 282.1 -183.7 259.1 0.0
-1177.6 -767.4 216.1 -192.7 -253.5 0.0
192.7 -527.4 24.1 64.9 -230.5 0.0
-761.3 357.5 24.1 -239.4 -169.0 0.0
24.4 -1099.4 282.1 -184.8 258.3 0.0
-1181.1 -774.0 216.1 -138.8 -264.3 0.0
194.4 -533.2 24.1 65.9 -230.2 0.0
-767.4 353.6 24.1 -242.9 -155.3 0.0
19.8 -1092.9 282.1 -185.6 257.6 0.0
-1183.4 -780.8 216.1 -92.5 -273.9 0.0
196.1 -539.0 24.1 68.4 -234.7 0.0
-773.5 350.0 24.1 -243.9 -143.2 0.0
15.2 -1087.1 282.1 -185.2 232.7 0.0
-1184.7 -787.8 216.1 -54.7 -279.7 0.0
197.9 -545.2 24.1 73.0 -246.5 0.0
-777.2 347.1 24.1 -150.2 -117.8 0.0
10.4 -1081.7 282.1 -190.9 214.6 0.0
-1185.5 -794.6 216.1 -29.9 -270.2 0.0
199.8 -551.6 24.1 77.2 -255.8 0.0
-779.0 344.7 24.1 -71.1 -96.2 0.0
5.5 -1076.7 282.1 -196.3 199.4 0.0
-1185.7 -800.7 216.1 -9.8 -243.8 0.0
201.9 -558.3 24.1 82.8 -269.8 0.0
-779.1 342.7 24.1 -4.5 -77.9 0.0
0.4 -1072.1 282.1 -202.0 187.2 0.0
-1185.4 -806.3 216.1 12.1 -225.8 0.0
204.1 -565.4 24.1 87.3 -281.6 0.0
-777.8 341.3 24.1 52.9 -59.1 0.0
-4.8 -1067.6 282.1 -208.3 179.7 0.0
-1184.6 -811.7 216.1 33.4 -213.2 0.0
206.4 -572.6 24.1 90.9 -291.0 0.0
-775.1 339.0 24.1 109.4 -91.3 0.0
-10.0 -1063.3 282.1 -210.2 171.3 0.0
-1183.3 -816.7 216.1 51.4 -202.1 0.0
208.7 -580.0 24.1 93.5 -295.5 0.0
-771.1 336.0 24.1 159.6 -120.8 0.0
-15.4 -1059.2 282.1 -213.6 165.2 0.0
-1181.9 -821.1 216.1 56.6 -177.0 0.0
211.1 -587.5 24.1 95.7 -300.1 0.0
-766.0 332.3 24.1 202.3 -145.8 0.0
-20.7 -1055.2 282.1 -214.5 158.7 0.0
-1180.1 -825.1 216.1 72.9 -160.1 0.0
213.5 -595.1 24.1 97.2 -302.3 0.0
-760.1 328.1 24.1 238.6 -167.1 0.0
-25.8 -1051.6 282.1 -204.0 144.2 0.0
-1178.1 -828.7 216.1 80.7 -143.6 0.0
216.0 -602.6 24.1 97.5 -302.1 0.0
-753.5 323.8 24.1 263.3 -175.0 0.0
-31.0 -1048.2 282.1 -205.0 136.0 0.0
-1175.8 -832.0 216.1 90.8 -131.1 0.0
218.4 -610.2 24.1 98.8 -301.8 0.0
-746.8 319.5 24.1 265.5 -171.2 0.0
-36.2 -1044.9 282.1 -207.6 129.8 0.0
-1173.5 -834.8 216.1 91.6 -111.7 0.0
220.9 -617.7 24.1 100.1 -301.4 0.0
-740.2 315.3 24.1 264.9 -166.8 0.0
-41.3 -1041.9 282.1 -207.5 123.6 0.0
-1171.0 -837.2 216.1 98.1 -94.9 0.0
223.5 -625.2 24.1 101.2 -301.0 0.0
-733.6 311.2 24.1 266.4 -164.2 0.0
-47.4 -1039.0 282.1 -241.0 115.8 0.0
-1168.5 -839.2 216.1 100.0 -80.8 0.0
226.0 -632.8 24.1 102.2 -300.6 0.0
-727.0 307.5 24.1 261.0 -149.5 0.0
-53.6 -1036.3 282.1 -247.9 105.7 0.0
-1166.0 -840.9 216.1 100.8 -68.7 0.0
228.4 -640.3 24.1 96.4 -301.7 0.0
-720.5 304.0 24.1 261.3 -138.7 0.0
-59.9 -1033.9 282.1 -252.0 96.7 0.0
-1164.3 -840.4 216.1 70.3 19.4 0.0
230.7 -647.9 24.1 91.9 -305.3 0.0
-714.0 300.8 24.1 259.2 -128.6 0.0
-66.3 -1031.7 282.1 -255.9 89.2 0.0
-1163.3 -838.1 216.1 39.9 93.2 0.0
232.9 -655.6 24.1 87.6 -306.2 0.0
-707.6 297.8 24.1 258.8 -120.5 0.0
-71.5 -1028.0 282.1 -210.7 145.4 0.0
-1162.8 -834.2 216.1 18.0 155.1 0.0
235.0 -663.3 24.1 84.0 -306.9 0.0
-701.4 295.1 24.1 247.1 -108.4 0.0
-75.8 -1023.2 282.1 -172.2 193.8 0.0
-1162.8 -829.1 216.1 0.6 203.4 0.0
237.0 -671.0 24.1 80.0 -308.2 0.0
-695.3 292.6 24.1 241.5 -99.0 0.0
-79.3 -1017.3 282.1 -139.4 235.6 0.0
-1163.3 -823.1 216.1 -18.6 240.8 0.0
238.9 -678.7 24.1 76.0 -309.1 0.0
-689.4 290.3 24.1 235.6 -90.7 0.0
-82.1 -1010.5 282.1 -111.3 271.7 0.0
-1164.0 -816.7 216.1 -30.1 255.8 0.0
240.7 -686.4 24.1 72.7 -309.6 0.0
-683.7 288.2 24.1 229.5 -83.4 0.0
-82.5 -1004.6 282.1 -17.5 237.9 0.0
-1164.8 -811.0 216.1 -29.1 229.9 0.0
242.5 -694.2 24.1 69.7 -310.2 0.0
-678.1 286.4 24.1 223.2 -75.1 0.0
-81.0 -999.3 282.1 62.9 209.5 0.0
-1165.8 -804.5 216.1 -41.9 258.7 0.0
244.1 -702.0 24.1 66.4 -311.1 0.0
-672.3 284.6 24.1 234.1 -70.4 0.0
-77.7 -994.7 282.1 131.3 185.0 0.0
-1167.2 -797.6 216.1 -54.8 274.5 0.0
245.7 -709.8 24.1 63.3 -311.6 0.0
-666.2 282.9 24.1 242.3 -66.4 0.0
-72.9 -990.6 282.1 190.0 164.7 0.0
-1168.8 -790.3 216.1 -67.1 291.6 0.0
247.2 -717.5 24.1 60.3 -309.5 0.0
-660.0 281.4 24.1 250.4 -63.1 0.0
-69.5 -985.2 282.1 136.0 215.1 0.0
-1170.8 -782.7 216.1 -76.8 304.2 0.0
248.7 -725.2 24.1 58.1 -309.8 0.0
-653.1 279.9 24.1 274.2 -57.3 0.0
-67.3 -978.8 282.1 90.0 258.0 0.0
-1172.8 -775.0 216.1 -82.4 307.5 0.0
250.1 -733.0 24.1 55.3 -310.5 0.0
-646.1 278.6 24.1 282.1 -51.7 0.0
-66.0 -971.4 282.1 50.9 294.4 0.0
-1175.2 -767.3 216.1 -93.3 308.2 0.0
251.4 -740.8 24.1 52.8 -310.8 0.0
-638.9 277.5 24.1 287.4 -46.8 0.0
-65.6 -963.3 282.1 17.5 325.3 0.0
-1177.7 -759.7 216.1 -101.2 304.8 0.0
252.6 -748.6 24.1 50.5 -311.2 0.0
-631.6 276.4 24.1 290.2 -42.6 0.0
-65.9 -954.8 282.1 -14.5 338.7 0.0
-1180.3 -752.3 216.1 -105.1 296.9 0.0
253.9 -756.3 24.1 48.6 -311.4 0.0
-624.4 275.4 24.1 286.9 -41.0 0.0
-66.8 -946.5 282.1 -33.0 332.2 0.0
-1183.1 -745.0 216.1 -109.5 292.0 0.0
255.0 -764.2 24.1 45.0 -315.0 0.0
-617.1 274.4 24.1 292.1 -40.5 0.0
-68.0 -938.4 282.1 -48.3 325.3 0.0
-1185.4 -738.8 216.1 -93.1 248.2 0.0
256.0 -772.1 24.1 42.0 -315.2 0.0
-609.8 273.4 24.1 294.7 -39.9 0.0
-69.5 -930.3 282.1 -62.5 321.8 0.0
-1187.4 -732.8 216.1 -79.4 241.2 0.0
257.0 -780.0 24.1 39.3 -315.4 0.0
-602.3 272.4 24.1 299.8 -39.7 0.0
-71.5 -922.3 282.1 -79.9 318.7 0.0
-1189.1 -726.5 216.1 -68.2 251.0 0.0
257.9 -787.9 24.1 36.9 -315.6 0.0
-594.6 271.4 24.1 305.3 -37.9 0.0
-73.8 -914.6 282.1 -92.0 311.5 0.0
-1190.5 -719.9 216.1 -58.5 263.9 0.0
258.7 -795.8 24.1 29.5 -318.8 0.0
-586.9 270.5 24.1 308.0 -36.1 0.0
-76.4 -906.9 282.1 -103.4 307.6 0.0
-1191.7 -713.4 216.1 -45.1 260.0 0.0
259.3 -803.8 24.1 23.1 -318.7 0.0
-579.2 269.7 24.1 310.6 -34.8 0.0
-79.2 -899.3 282.1 -112.0 302.4 0.0
-1192.4 -706.5 216.1 -31.1 276.0 0.0
259.7 -811.8 24.1 17.6 -318.5 0.0
-571.4 268.8 24.1 310.8 -33.3 0.0
-81.6 -892.9 282.1 -95.2 257.1 0.0
-1192.9 -699.3 216.1 -19.5 289.5 0.0
260.0 -819.7 24.1 13.1 -318.2 0.0
-564.9 266.1 24.1 261.4 -107.6 0.0
-84.2 -886.6 282.1 -104.0 250.8 0.0
-1193.2 -691.8 216.1 -9.5 298.7 0.0
259.9 -827.6 24.1 -4.8 -316.0 0.0
-559.4 261.9 24.1 219.8 -170.8 0.0
-87.0 -880.5 282.1 -111.4 245.5 0.0
-1193.0 -684.6 216.1 7.3 288.7 0.0
259.4 -835.4 24.1 -18.8 -311.0 0.0
-554.8 256.3 24.1 184.2 -224.5 0.0
-89.9 -874.4 282.1 -118.5 241.2 0.0
-1192.3 -677.2 216.1 27.1 293.4 0.0
258.7 -843.1 24.1 -30.8 -306.8 0.0
-550.9 249.5 24.1 153.9 -270.2 0.0
-92.5 -869.3 282.1 -100.7 205.0 0.0
-1191.2 -669.8 216.1 43.6 296.8 0.0
257.6 -850.6 24.1 -41.0 -303.3 0.0
-548.1 241.9 24.1 112.9 -305.7 0.0
-94.6 -865.0 282.1 -85.6 174.2 0.0
-1189.8 -662.3 216.1 57.3 299.1 0.0
256.8 -857.1 24.1 -34.9 -257.8 0.0
-546.1 233.5 24.1 78.1 -336.5 0.0
-96.8 -860.8 282.1 -87.6 164.8 0.0
-1188.1 -654.9 216.1 68.4 296.3 0.0
256.0 -862.6 24.1 -29.6 -219.1 0.0
-544.8 225.1 24.1 55.0 -335.8 0.0
-99.1 -856.8 282.1 -93.0 160.6 0.0
-1186.1 -647.6 216.1 78.1 294.5 0.0
255.4 -867.2 24.1 -25.2 -186.2 0.0
-543.9 216.8 24.1 36.1 -331.5 0.0
-99.5 -854.2 282.1 -13.5 105.6 0.0
-1183.9 -640.2 216.1 86.6 293.4 0.0
254.9 -871.2 24.1 -21.4 -158.3 0.0
-543.7 208.4 24.1 7.3 -335.6 0.0
-98.2 -852.7 282.1 50.2 61.0 0.0
-1181.6 -633.0 216.1 92.7 290.4 0.0
254.5 -872.6 24.1 -15.6 -55.9 0.0
-544.0 200.2 24.1 -11.6 -326.8 0.0
-95.8 -852.1 282.1 95.4 23.8 0.0
-1180.8 -625.7 216.1 33.7 289.8 0.0
254.2 -871.7 24.1 -9.3 34.8 0.0
-544.7 192.2 24.1 -27.9 -319.8 0.0
-92.4 -852.2 282.1 135.7 -5.3 0.0
-1181.2 -618.5 216.1 -16.3 288.7 0.0
254.2 -869.4 24.1 -3.0 92.1 0.0
-545.8 184.3 24.1 -43.0 -316.3 0.0
-88.1 -853.1 282.1 171.3 -36.1 0.0
-1182.6 -611.3 216.1 -57.3 286.6 0.0
254.1 -865.9 24.1 -0.6 141.9 0.0
-547.3 176.8 24.1 -60.9 -302.1 0.0
-82.9 -854.7 282.1 207.7 -65.5 0.0
-1184.4 -604.8 216.1 -69.8 263.5 0.0
254.2 -861.4 24.1 2.5 179.1 0.0
-549.2 169.5 24.1 -76.3 -290.5 0.0
-76.9 -857.1 282.1 242.3 -92.9 0.0
-1186.3 -598.1 215.9 -76.6 266.2 -20.0
254.3 -856.0 24.1 5.3 214.5 0.0
-551.4 162.5 24.1 -88.0 -278.7 0.0
-70.0 -860.0 282.1 274.8 -117.3 0.0
-1188.4 -591.4 215.1 -83.3 268.7 -40.0
254.5 -849.7 24.1 8.2 251.6 0.0
-553.9 155.8 24.1 -99.2 -270.5 0.0
-62.8 -863.4 282.1 290.0 -136.6 0.0
-1190.6 -584.6 213.9 -89.9 271.3 -60.0
254.8 -842.5 24.1 10.9 288.7 0.0
-557.4 149.2 24.1 -140.0 -262.0 0.0
-55.6 -867.0 282.1 286.4 -142.5 0.0
-1193.0 -577.8 212.1 -96.4 273.8 -80.0
255.2 -834.8 24.1 15.8 309.9 0.0
-561.3 143.1 24.1 -157.9 -245.2 0.0
-48.7 -870.6 282.1 276.8 -143.1 0.0
-1195.6 -571.0 209.9 -102.4 269.7 -100.0
255.7 -826.8 24.1 18.8 317.2 0.0
-565.6 137.4 24.1 -169.8 -229.2 0.0
-42.2 -874.0 282.1 259.4 -137.4 0.0
-1198.3 -564.4 207.1 -108.4 265.5 -120.0
256.2 -818.9 24.1 21.0 317.0 0.0
-570.1 132.0 24.1 -180.7 -215.9 0.0
-35.9 -877.5 282.1 251.5 -142.1 0.0
-1201.2 -557.8 203.9 -114.4 261.3 -140.0
256.8 -811.2 24.1 22.0 309.3 0.0
-574.0 125.4 24.1 -157.2 -262.8 0.0
-30.2 -880.9 282.1 229.3 -133.4 0.0
-1204.2 -551.4 200.1 -120.6 257.1 -160.0
257.2 -804.2 24.1 18.2 277.8 0.0
-577.4 117.8 24.1 -136.3 -302.7 0.0
-25.0 -884.0 282.1 207.8 -123.9 0.0
-1207.2 -545.2 195.9 -122.3 250.3 -180.0
257.6 -798.0 24.1 15.1 249.9 0.0
-580.4 110.0 24.1 -118.0 -313.3 0.0
-20.1 -887.0 282.1 194.7 -119.9 0.0
-1210.3 -539.1 191.1 -124.1 243.5 -200.0
257.9 -792.1 24.1 12.3 234.7 0.0
-582.9 102.1 24.1 -101.9 -314.3 0.0
-15.1 -891.1 282.1 201.0 -163.6 0.0
-1213.5 -533.2 185.9 -125.9 236.6 -220.0
258.1 -785.5 24.1 8.6 264.9 0.0
-585.0 94.1 24.1 -83.8 -322.2 0.0
-9.9 -896.1 282.1 206.6 -200.6 0.0
-1216.7 -527.4 180.1 -127.6 229.6 -240.0
257.8 -778.0 24.1 -13.9 300.3 0.0
-586.7 86.0 24.1 -68.5 -321.9 0.0
-4.9 -901.5 282.1 202.8 -217.7 0.0
-1219.9 -521.9 173.9 -127.4 221.8 -260.0
257.0 -770.0 24.1 -30.7 321.4 0.0
-588.1 78.0 24.1 -55.3 -321.5 0.0
0.1 -907.2 282.1 197.8 -229.1 0.0
-1223.0 -516.5 168.1 -127.2 213.8 0.3
256.0 -762.0 24.1 -38.1 316.3 0.0
-589.2 70.0 24.1 -44.0 -320.9 0.0
5.8 -911.0 282.1 229.5 -151.7 0.0
-1225.7 -514.0 168.1 -105.9 102.4 0.0
255.0 -754.4 24.1 -42.2 304.6 0.0
-589.9 61.8 24.1 -28.7 -326.2 0.0
12.3 -913.1 282.1 258.5 -84.4 0.0
-1227.9 -513.8 168.1 -87.4 7.7 0.0
253.9 -747.2 24.1 -43.2 290.1 0.0
-590.4 53.8 24.1 -17.6 -321.4 0.0
19.4 -913.8 282.1 284.3 -26.7 0.0
-1227.7 -513.5 168.1 6.7 11.9 0.0
252.8 -740.4 24.1 -42.3 269.7 0.0
-590.6 46.0 24.1 -8.9 -312.4 0.0
27.1 -913.2 282.1 306.7 22.8 0.0
-1225.7 -513.3 168.1 79.1 6.1 0.0
251.8 -734.1 24.1 -41.9 254.2 0.0
-590.6 38.4 24.1 -1.9 -301.3 0.0
35.0 -911.4 282.1 319.6 72.6 0.0
-1222.1 -513.1 168.1 143.3 10.9 0.0
250.7 -727.9 24.1 -42.8 246.2 0.0
-590.3 30.7 24.1 12.8 -307.7 0.0
43.2 -908.6 282.1 327.4 112.9 0.0
-1217.1 -512.7 168.1 200.3 15.6 0.0
249.6 -721.8 24.1 -45.1 243.4 0.0
-589.8 23.5 24.1 18.5 -289.9 0.0
51.0 -905.5 282.1 309.6 124.6 0.0
-1212.1 -512.1 167.9 200.8 23.0 -20.0
248.4 -715.6 24.1 -49.3 250.0 0.0
-589.2 16.6 24.1 23.6 -275.5 0.0
58.2 -902.2 282.1 290.5 131.2 0.0
-1207.1 -511.3 167.1 201.3 30.3 -40.0
247.0 -709.1 24.1 -54.2 259.3 0.0
-588.5 9.8 24.1 30.8 -273.6 0.0
65.4 -898.3 282.1 285.1 154.4 0.0
-1202.0 -510.4 165.9 201.8 37.1 -60.0
245.5 -702.3 24.1 -59.7 273.4 0.0
-587.0 2.3 24.1 59.5 -299.0 0.0
72.1 -894.4 282.1 267.7 159.6 0.0
-1197.0 -509.3 164.1 202.3 43.6 -80.0
243.9 -695.1 24.1 -65.4 285.2 0.0
-585.2 -5.1 24.1 72.0 -296.6 0.0
78.4 -890.3 282.1 252.2 163.3 0.0
-1192.1 -508.1 161.9 196.1 47.7 -100.0
242.1 -687.7 24.1 -70.6 296.8 0.0
-583.2 -12.4 24.1 81.2 -292.0 0.0
84.3 -886.1 282.1 238.2 165.4 0.0
-1187.3 -506.8 160.1 189.7 51.9 0.1
240.3 -680.1 24.1 -74.1 303.7 0.0
-580.9 -19.6 24.1 89.1 -288.0 0.0
90.2 -881.5 282.1 236.0 185.9 0.0
-1184.9 -504.7 160.1 95.9 86.9 0.0
238.4 -672.4 24.1 -76.7 308.2 0.0
-577.6 -27.1 24.1 133.4 -299.3 0.0
95.8 -876.7 282.1 224.9 190.8 0.0
-1184.5 -501.7 160.1 15.9 117.3 0.0
236.4 -664.7 24.1 -78.9 307.8 0.0
-573.7 -34.5 24.1 157.2 -295.9 0.0
101.3 -871.8 282.1 216.8 197.1 0.0
-1185.9 -499.0 160.1 -54.3 110.5 0.0
234.4 -657.0 24.1 -81.0 307.2 0.0
-569.5 -41.6 24.1 168.2 -284.2 0.0
106.5 -866.8 282.1 208.4 199.8 0.0
-1188.8 -496.3 160.1 -115.2 104.9 0.0
232.3 -649.4 24.1 -81.8 304.3 0.0
-565.0 -48.5 24.1 177.6 -274.3 0.0
111.7 -861.3 282.1 208.5 220.8 0.0
-1191.8 -493.7 159.9 -122.2 105.9 -20.0
230.2 -641.9 24.1 -82.7 301.4 0.0
-560.3 -55.1 24.1 189.1 -266.3 0.0
116.7 -855.6 282.1 201.8 228.1 0.0
-1195.1 -491.0 159.1 -129.2 107.0 -40.0
228.1 -634.3 24.1 -87.6 303.4 0.0
-555.4 -61.6 24.1 196.7 -257.6 0.0
121.6 -849.7 282.1 196.3 234.7 0.0
-1198.3 -488.2 157.9 -130.2 112.6 -60.0
225.8 -626.8 24.1 -89.9 299.8 0.0
-550.3 -67.8 24.1 203.2 -250.2 0.0
126.4 -843.7 282.1 191.6 240.4 0.0
-1201.6 -485.2 156.1 -131.1 118.2 -80.0
223.5 -619.4 24.1 -92.8 298.8 0.0
-545.1 -73.9 24.1 208.6 -243.9 0.0
131.1 -837.2 282.1 188.1 261.0 0.0
-1204.9 -482.1 153.9 -132.1 123.8 -100.0
221.1 -611.9 24.1 -95.2 297.9 0.0
-539.7 -80.0 30.8 214.2 -243.0 255.0
135.6 -830.5 282.1 180.2 267.3 0.0
-1208.2 -478.9 152.1 -133.0 129.3 0.1
218.8 -604.8 24.1 -90.6 283.2 0.0
-534.2 -86.0 36.9 219.8 -242.0 235.0
139.9 -823.7 282.1 172.6 270.6 0.0
-1211.2 -474.6 152.1 -117.6 170.9 0.0
216.7 -598.1 24.1 -86.1 268.7 0.0
-528.6 -92.1 42.5 225.3 -241.1 215.0
144.1 -816.9 282.1 166.2 273.4 0.0
-1213.8 -469.5 152.1 -104.0 206.2 0.0
214.7 -591.9 24.1 -80.1 249.5 0.0
-522.8 -98.1 47.6 230.9 -240.2 195.0
148.2 -810.2 282.1 163.8 266.3 0.0
-1216.1 -463.6 152.1 -92.6 235.6 0.0
212.7 -585.8 24.1 -77.9 242.3 0.0
-517.1 -104.1 52.3 230.9 -240.2 175.0
152.4 -803.5 282.1 166.6 267.5 0.0
-1218.1 -457.7 152.1 -81.2 234.1 0.0
210.8 -579.9 24.1 -76.5 237.4 0.0
-511.3 -110.1 56.4 230.9 -240.2 155.0
156.5 -796.9 282.1 167.8 266.7 0.0
-1219.8 -451.2 152.1 -67.4 261.3 0.0
208.9 -573.9 24.1 -76.6 237.4 0.0
-505.5 -116.1 60.0 230.9 -240.2 135.0
160.8 -790.2 282.1 170.2 268.1 0.0
-1221.2 -444.7 152.1 -56.4 260.9 0.0
207.0 -568.0 24.1 -76.8 237.3 0.0
-499.7 -122.1 63.1 230.9 -240.2 115.0
165.0 -783.4 282.1 166.9 271.2 0.0
-1222.4 -438.2 152.1 -46.9 260.8 0.0
205.1 -562.1 24.1 -76.8 237.3 0.0
-494.0 -128.1 65.8 230.9 -240.2 95.0
169.1 -776.6 282.1 163.3 273.2 0.0
-1223.3 -431.6 152.1 -38.7 263.2 0.0
203.2 -556.3 24.1 -75.4 232.5 0.0
-488.2 -134.1 67.9 230.9 -240.2 75.0
173.1 -769.7 282.1 160.2 274.8 0.0
-1224.0 -424.5 152.1 -25.9 284.5 0.0
201.3 -550.5 24.1 -75.6 232.4 0.0
-482.4 -140.1 69.5 230.9 -240.2 55.0
177.0 -762.8 282.1 157.6 276.1 0.0
-1224.4 -417.3 152.1 -16.8 286.2 0.0
199.4 -544.6 24.1 -75.7 232.4 0.0
-476.7 -146.1 70.6 230.9 -240.2 35.0
180.3 -755.4 282.1 130.2 295.8 0.0
-1224.6 -410.1 152.1 -8.6 290.4 0.0
197.5 -538.8 24.1 -75.9 232.3 0.0
-470.9 -152.1 71.2 230.9 -240.2 15.0
182.9 -747.9 282.1 107.6 299.6 0.0
-1224.7 -402.8 152.1 -2.0 292.0 0.0
195.7 -533.2 24.1 -73.4 225.2 0.0
-465.1 -158.1 71.4 230.9 -240.2 -5.0
185.1 -740.2 282.1 87.9 306.6 0.0
-1224.3 -394.9 152.1 14.9 313.4 0.0
193.8 -527.6 24.1 -73.3 225.2 0.0
-459.3 -164.1 71.0 230.9 -240.2 -25.0
186.9 -732.5 282.1 71.5 310.2 0.0
-1223.7 -387.0 152.1 25.5 316.1 0.0
192.0 -521.9 24.1 -73.2 225.3 0.0
-453.6 -170.1 70.1 230.9 -240.2 -45.0
188.3 -724.6 282.1 55.6 316.8 0.0
-1222.8 -379.1 152.1 34.0 316.5 0.0
190.2 -516.3 24.1 -73.1 225.3 0.0
-447.8 -176.1 68.8 230.9 -240.2 -65.0
189.4 -716.6 282.1 42.2 320.6 0.0
-1221.8 -371.2 152.1 40.6 314.7 0.0
188.4 -510.9 24.1 -70.8 218.1 0.0
-442.0 -182.1 66.9 230.9 -240.2 -85.0
190.2 -708.5 282.1 30.8 322.3 0.0
-1219.8 -363.2 152.1 79.0 323.5 0.0
186.6 -505.4 24.1 -70.8 218.1 0.0
-436.2 -188.1 64.5 230.9 -240.2 -105.0
190.7 -700.5 282.1 21.3 321.4 0.0
-1217.5 -355.5 152.1 92.1 306.4 0.0
184.9 -500.0 24.1 -70.8 218.1 0.0
-430.5 -194.2 61.6 230.9 -240.2 -125.0
190.9 -692.3 282.1 8.0 325.0 0.0
-1214.9 -348.2 152.1 102.9 291.4 0.0
183.1 -494.5 24.1 -70.9 218.1 0.0
-424.7 -200.2 58.2 230.9 -240.2 -145.0
190.8 -684.3 282.1 -2.7 323.3 0.0
-1212.2 -341.3 152.1 110.6 276.5 0.0
181.3 -489.1 24.1 -70.7 218.1 0.0
-418.9 -206.2 54.4 230.9 -240.2 -165.0
190.6 -676.3 282.1 -10.4 316.3 0.0
-1211.8 -335.3 152.1 14.9 241.5 0.0
179.6 -483.6 24.1 -70.6 218.2 0.0
-413.2 -212.2 50.0 230.9 -240.2 -185.0
190.1 -668.6 282.1 -17.0 310.0 0.0
-1213.5 -330.0 152.1 -66.5 211.8 0.0
177.8 -478.1 24.1 -70.5 218.2 0.0
-407.4 -218.2 45.1 230.9 -240.2 -205.0
189.3 -660.7 282.1 -31.3 315.6 0.0
-1216.9 -325.3 152.1 -135.6 186.8 0.0
176.0 -472.7 24.1 -70.4 218.2 0.0
-401.6 -224.2 39.8 230.9 -240.2 -225.0
188.4 -653.1 282.1 -38.6 305.4 0.0
-1221.7 -321.2 152.1 -194.4 165.0 0.0
174.2 -467.0 24.1 -73.4 227.8 0.0
-395.8 -230.2 33.9 230.9 -240.2 -245.0
187.3 -645.7 282.1 -43.9 293.2 0.0
-1227.8 -317.6 152.1 -244.6 140.8 0.0
172.4 -461.3 24.1 -73.4 227.8 0.0
-390.1 -236.2 27.5 230.9 -240.2 -265.0
186.1 -638.8 282.1 -47.0 278.9 0.0
-1235.0 -314.6 152.1 -287.3 120.6 0.0
170.5 -455.6 24.1 -73.3 227.9 0.0
-384.3 -242.2 24.1 230.9 -240.2 0.3
184.0 -631.3 282.1 -85.2 299.1 0.0
-1242.9 -312.1 152.1 -317.2 102.7 0.0
168.7 -449.9 24.1 -73.3 227.9 0.0
-378.1 -246.7 24.1 247.5 -181.4 0.0
181.4 -623.9 282.1 -102.9 296.0 0.0
-1250.9 -309.9 152.1 -317.6 87.3 0.0
166.8 -444.0 24.1 -76.4 237.5 0.0
-371.6 -250.0 24.1 261.6 -131.4 0.0
178.7 -616.9 282.1 -108.0 279.8 0.0
-1258.9 -308.1 152.1 -321.5 71.6 0.0
164.9 -438.0 24.1 -76.3 237.5 0.0
-364.7 -252.2 24.1 273.6 -88.9 0.0
175.9 -610.3 282.1 -111.3 264.7 0.0
-1266.9 -306.6 152.1 -320.7 58.5 0.0
163.0 -432.1 24.1 -76.3 237.5 0.0
-357.9 -253.7 24.1 271.3 -58.4 0.0
175.3 -604.4 282.1 -26.7 235.4 0.0
-1275.0 -305.5 152.1 -320.4 47.2 0.0
161.1 -426.2 24.1 -76.3 237.5 0.0
-351.3 -254.5 24.1 265.6 -32.5 0.0
176.4 -599.1 282.1 47.7 210.5 0.0
-1282.9 -304.5 152.1 -319.9 37.6 0.0
159.1 -420.1 24.1 -77.9 242.3 0.0
-344.9 -254.8 24.1 256.0 -12.8 0.0
179.3 -594.4 282.1 112.7 190.2 0.0
-1291.0 -303.8 152.1 -320.9 27.8 0.0
157.2 -414.0 24.1 -77.9 242.3 0.0
-338.7 -254.7 24.1 247.8 3.9 0.0
183.5 -590.1 282.1 170.0 172.5 0.0
-1299.0 -303.3 152.1 -320.5 19.4 0.0
155.2 -408.0 24.1 -77.9 242.3 0.0
-332.7 -254.3 24.1 240.8 18.1 0.0
185.2 -586.2 282.1 65.4 153.6 0.0
-1307.0 -303.0 152.1 -319.7 12.4 0.0
153.3 -401.9 24.1 -77.9 242.3 0.0
-326.8 -253.5 24.1 236.3 31.8 0.0
184.6 -582.8 282.1 -23.4 137.6 0.0
-1315.0 -302.9 152.1 -319.3 6.4 0.0
151.3 -395.7 24.1 -32.6 234.4 -1.8
-321.0 -252.4 24.1 230.7 42.6 0.0
182.1 -579.7 282.1 -99.0 123.4 0.0
-1322.9 -302.9 152.1 -319.3 0.3 0.0
150.1 -389.2 24.1 -47.3 260.1 0.0
-315.4 -251.1 24.1 225.9 51.7 0.0
178.0 -576.9 282.1 -163.2 111.8 0.0
-1330.9 -303.0 152.1 -318.8 -4.9 0.0
148.8 -382.7 24.1 -4.6 243.5 -1.8
-309.8 -249.6 24.1 221.8 59.5 0.0
172.6 -574.5 282.1 -218.1 95.2 0.0
-1338.9 -303.2 152.1 -318.4 -9.3 0.0
148.2 -376.0 24.1 -23.6 267.8 0.0
-304.2 -248.1 30.8 223.8 60.6 255.0
165.9 -572.5 282.1 -264.8 81.0 0.0
-1346.8 -303.5 152.1 -318.0 -13.2 0.0
146.0 -369.4 24.1 -86.1 266.8 0.0
-300.3 -246.0 36.9 156.3 82.8 234.8
158.3 -570.8 282.1 -304.4 69.2 0.0
-1354.8 -304.0 152.1 -317.9 -17.4 0.0
142.6 -362.7 24.1 -139.3 265.9 0.0
-296.3 -243.9 42.5 161.2 85.5 214.8
150.4 -569.3 282.1 -317.1 59.1 0.0
-1362.7 -304.5 152.1 -317.4 -20.7 0.0
137.9 -356.1 24.1 -184.6 265.2 0.0
-292.1 -241.7 47.6 166.1 88.2 194.8
142.4 -568.1 282.1 -320.5 47.5 0.0
-1370.6 -305.1 152.1 -317.0 -23.6 0.0
132.8 -349.7 24.1 -206.4 254.7 0.0
-288.2 -239.4 52.2 159.0 91.5 174.8
134.4 -567.2 282.1 -320.1 37.7 0.0
-1378.5 -305.7 152.1 -316.8 -26.3 0.0
126.4 -344.1 24.1 -254.2 226.0 0.0
-284.4 -237.0 56.3 151.9 94.8 154.8
126.4 -566.4 282.1 -319.6 29.5 0.0
-1386.1 -306.4 152.1 -301.6 -27.0 0.0
119.1 -339.0 24.1 -294.9 201.6 0.0
-280.7 -234.6 60.0 144.7 98.1 134.8
118.4 -565.9 282.1 -319.3 22.2 0.0
-1393.6 -307.2 152.1 -301.3 -29.7 0.0
111.6 -334.6 24.1 -298.5 177.1 0.0
-277.3 -232.1 63.1 137.6 101.5 114.8
110.8 -565.5 282.1 -305.6 15.3 0.0
-1401.1 -307.9 152.1 -300.9 -31.7 0.0
104.1 -330.7 24.1 -301.0 156.2 0.0
-274.1 -229.5 65.7 130.0 103.9 94.8
103.1 -565.3 282.1 -304.7 8.5 0.0
-1408.7 -308.8 152.1 -300.7 -33.8 0.0
96.3 -327.4 24.1 -311.1 133.3 0.0
-271.1 -226.8 67.8 -0.1 106.4 74.8
95.5 -565.2 282.1 -304.3 2.6 0.0
-1415.0 -309.5 152.1 -255.6 -28.7 0.0
88.5 -324.5 24.1 -311.3 113.8 0.0
-271.3 -224.1 69.4 -7.7 108.8 54.8
87.9 -565.3 282.1 -303.8 -2.7 0.0
-1420.5 -310.1 152.1 -217.3 -24.4 0.0
80.7 -322.1 24.1 -311.5 97.2 0.0
-271.7 -221.3 70.6 -15.2 111.3 34.8
81.5 -565.3 282.1 -258.2 -2.3 0.0
-1425.6 -310.7 152.1 -203.0 -23.9 0.0
72.9 -320.0 24.1 -311.6 83.1 0.0
-272.3 -218.5 71.2 -22.9 113.1 14.8
76.0 -565.4 282.1 -219.5 -1.9 0.0
-1430.6 -311.4 152.1 -202.7 -25.4 0.0
65.1 -318.3 24.1 -313.9 66.6 0.0
-273.0 -215.6 71.3 -30.7 114.9 -5.2
70.8 -565.5 282.1 -208.3 -5.0 0.0
-1434.9 -311.9 152.1 -172.3 -21.6 0.0
57.3 -317.0 24.1 -312.8 52.8 0.0
-274.0 -212.7 70.9 -38.4 116.7 -25.2
65.6 -565.7 282.1 -207.9 -9.4 0.0
-1438.6 -312.4 152.1 -146.4 -18.4 0.0
49.5 -316.0 24.1 -311.8 41.1 0.0
-275.2 -209.7 70.0 -46.1 118.5 -45.2
61.2 -565.9 282.1 -176.7 -8.0 0.0
-1441.9 -312.8 152.1 -132.7 -17.2 0.0
41.7 -315.2 24.1 -311.0 31.1 0.0
-276.5 -206.7 68.7 -53.9 119.6 -65.2
57.4 -566.1 282.1 -150.2 -6.8 0.0
-1445.2 -313.2 152.1 -132.5 -18.6 0.0
34.0 -314.7 24.1 -305.6 19.0 0.0
-278.0 -203.7 66.8 -61.6 120.7 -85.2
54.0 -566.3 282.1 -138.1 -8.3 0.0
-1449.0 -312.1 152.1 -150.9 45.0 0.0
26.5 -314.5 24.1 -303.7 8.1 0.0
-279.8 -200.7 64.4 -69.3 121.8 -105.2
50.5 -566.6 282.1 -137.2 -11.9 0.0
-1453.1 -309.8 152.1 -163.1 93.7 0.0
18.9 -314.6 24.1 -302.0 -1.0 0.0
-281.7 -197.6 61.5 -77.1 122.9 -125.2
47.6 -566.9 282.1 -116.6 -10.1 0.0
-1457.3 -306.6 152.1 -169.4 128.0 0.0
11.4 -314.8 24.1 -300.6 -8.9 0.0
-283.8 -194.5 58.1 -84.6 123.3 -145.2
45.2 -567.1 282.1 -99.1 -8.6 0.0
-1461.8 -302.5 152.1 -178.2 162.5 0.0
4.2 -315.2 24.1 -287.1 -17.2 0.0
-286.1 -191.4 54.3 -92.2 123.7 -165.2
42.9 -567.3 282.1 -90.0 -9.3 0.0
-1466.0 -297.7 152.1 -168.8 191.5 0.0
-2.9 -315.9 24.1 -284.2 -26.8 0.0
-288.6 -188.3 49.9 -99.7 124.0 -185.2
40.7 -567.6 282.1 -88.9 -12.5 0.0
-1470.1 -292.1 152.1 -163.6 225.4 0.0
-9.9 -316.8 24.1 -281.7 -35.0 0.0
-291.3 -185.2 45.0 -107.3 124.4 -205.2
40.6 -567.8 282.1 -1.6 -8.6 0.0
-1474.0 -285.8 152.1 -159.0 252.9 0.0
-16.9 -317.8 24.1 -279.6 -42.0 0.0
-294.2 -182.1 39.6 -114.4 123.9 -225.2
42.3 -567.8 282.1 66.1 1.7 0.0
-1477.9 -279.0 152.1 -154.3 272.8 0.0
-23.1 -318.8 24.1 -247.5 -41.1 0.0
-297.2 -179.0 33.7 -121.6 123.5 -245.2
45.0 -567.7 282.1 109.7 2.7 0.0
-1480.6 -271.8 152.1 -106.4 286.3 0.0
-29.1 -320.1 24.1 -241.6 -51.9 0.0
-300.4 -175.9 27.4 -128.8 123.0 -265.2
48.9 -567.6 282.1 155.6 3.8 0.0
-1482.2 -264.3 152.1 -65.5 298.2 0.0
-35.1 -321.7 24.1 -236.5 -61.2 0.0
-303.8 -172.9 24.1 -135.9 122.5 0.3
54.0 -567.5 282.1 201.5 5.1 0.0
-1482.9 -256.5 152.1 -28.7 312.5 0.0
-40.9 -323.4 24.1 -232.2 -69.1 0.0
-306.3 -171.9 24.1 -101.2 40.9 0.0
60.1 -567.4 282.1 246.2 6.2 0.0
-1482.9 -248.5 152.1 1.8 323.1 0.0
-47.7 -324.5 24.1 -275.3 -43.8 0.0
-308.1 -172.6 24.1 -71.6 -28.5 0.0
67.3 -567.2 282.1 287.4 6.7 0.0
-1481.7 -240.8 152.1 48.1 307.0 0.0
-55.5 -325.0 24.1 -312.0 -22.4 0.0
-309.2 -174.7 24.1 -43.3 -86.2 0.0
75.2 -567.0 282.1 317.4 7.5 0.0
-1480.3 -233.0 151.9 53.0 310.4 -20.0
-63.7 -325.2 24.1 -324.7 -7.7 0.0
-309.8 -178.1 24.1 -22.2 -136.1 0.0
83.2 -566.8 282.1 317.4 7.8 0.0
-1478.9 -225.2 151.1 58.2 314.0 -40.0
-71.7 -325.2 24.1 -322.8 2.4 0.0
-309.8 -182.6 24.1 -2.1 -177.1 0.0
90.9 -566.6 282.1 307.3 7.7 0.0
-1477.3 -217.2 149.9 63.3 317.5 -60.0
-80.0 -324.6 24.1 -329.6 22.0 0.0
-309.4 -187.9 24.1 15.0 -211.9 0.0
98.1 -566.4 282.1 289.7 7.2 0.0
-1475.7 -209.5 148.1 64.8 310.6 -80.0
-88.1 -323.8 24.1 -325.0 34.9 0.0
-308.7 -193.9 24.1 29.5 -241.5 0.0
104.7 -566.3 282.1 264.5 6.6 0.0
-1474.0 -201.9 145.9 66.4 303.4 -100.0
-96.1 -322.6 24.1 -321.0 45.9 0.0
-307.8 -200.2 24.1 38.2 -253.4 0.0
110.6 -566.1 282.1 234.3 5.8 0.0
-1472.3 -194.5 143.1 68.0 296.1 -120.0
-104.1 -321.2 24.1 -317.6 55.2 0.0
-306.6 -206.6 24.1 44.7 -255.1 0.0
116.8 -566.0 282.1 249.4 6.1 0.0
-1470.6 -187.3 139.9 69.7 288.4 -140.0
-111.8 -318.8 24.1 -310.1 96.8 0.0
-305.4 -212.9 24.1 49.3 -253.7 0.0
123.7 -565.8 282.1 277.1 6.9 0.0
-1468.8 -180.3 136.1 69.6 280.6 -160.0
-119.0 -316.0 24.1 -288.9 113.8 0.0
-304.1 -219.3 24.1 53.2 -252.5 0.0
131.2 -565.6 282.1 299.8 7.4 0.0
-1467.1 -173.4 131.9 69.4 272.9 -180.0
-125.8 -312.8 24.1 -270.9 128.3 0.0
-302.7 -225.5 24.1 56.5 -251.5 0.0
139.0 -565.4 282.1 312.4 7.4 0.0
-1465.4 -166.8 127.1 69.2 265.4 -200.0
-132.2 -309.2 24.1 -255.5 140.6 0.0
-301.1 -231.9 24.1 61.5 -253.2 0.0
147.0 -565.2 282.1 317.4 7.5 0.0
-1463.7 -160.3 121.9 69.0 258.3 -220.0
-139.5 -306.4 24.1 -290.1 114.0 0.0
-299.5 -238.2 24.1 64.8 -252.1 0.0
154.9 -565.0 282.1 317.4 7.9 0.0
-1461.9 -154.0 116.1 68.4 251.9 -240.0
-147.0 -304.1 24.1 -300.2 92.8 0.0
-297.8 -244.5 24.1 67.7 -251.1 0.0
162.6 -564.9 282.1 307.3 7.7 0.0
-1460.2 -147.9 109.9 67.8 245.8 -260.0
-154.4 -302.2 24.1 -298.9 75.6 0.0
-296.1 -250.7 24.1 70.1 -250.3 0.0
169.8 -564.7 282.1 289.7 7.4 0.0
-1458.6 -141.9 103.1 67.2 240.0 -280.0
-161.9 -300.7 24.1 -250.8 43.8 -0.7
-294.3 -256.8 30.8 72.0 -245.0 255.0
176.4 -564.5 282.1 264.5 6.7 0.0
-1456.9 -136.0 96.1 66.6 234.3 0.3
-168.9 -300.0 24.1 -280.8 25.4 0.0
-292.4 -262.8 36.9 73.9 -239.7 235.0
182.3 -564.4 282.1 234.3 5.9 0.0
-1457.2 -130.3 96.1 -10.0 230.9 0.0
-175.9 -299.7 24.1 -281.3 14.1 0.0
-290.5 -268.7 42.5 75.9 -234.4 215.0
188.5 -564.2 282.1 249.4 6.2 0.0
-1459.0 -124.6 96.1 -75.5 228.4 0.0
-182.9 -299.5 24.1 -279.7 4.9 0.0
-288.6 -274.4 47.6 77.8 -229.0 195.0
195.5 -564.0 282.1 277.1 7.0 0.0
-1461.1 -118.8 95.9 -82.2 231.6 -20.0
-189.9 -299.6 24.1 -278.3 -2.9 0.0
-286.6 -280.1 52.3 77.8 -229.0 175.0
202.9 -563.8 282.1 299.7 7.5 0.0
-1463.3 -112.9 95.1 -88.9 234.7 -40.0
-197.0 -300.0 24.1 -287.0 -15.0 0.0
-284.7 -285.9 56.4 77.8 -229.0 155.0
210.7 -563.7 282.1 309.8 7.4 0.0
-1465.7 -106.9 93.9 -95.0 239.9 -60.0
-204.2 -300.6 24.1 -239.0 -33.9 -16.1
-282.7 -291.6 60.0 77.8 -229.0 135.0
218.6 -563.5 282.1 314.9 7.4 0.0
-1468.2 -100.8 92.1 -101.0 245.1 -80.0
-211.0 -301.7 24.1 -271.6 -45.9 0.0
-280.8 -297.3 63.1 77.8 -229.0 115.0
226.5 -563.3 282.1 317.4 7.3 0.0
-1470.9 -94.5 89.9 -107.0 250.2 -100.0
-217.9 -303.0 24.1 -234.0 -56.5 -22.6
-278.8 -303.0 65.8 77.8 -229.0 95.0
234.4 -563.1 282.1 317.4 7.4 0.0
-1473.7 -88.1 88.1 -113.0 255.3 0.1
-224.6 -304.7 24.1 -268.0 -69.8 0.0
-276.9 -308.8 67.9 77.8 -229.0 75.0
242.4 -562.9 282.1 317.4 7.9 0.0
-1477.7 -81.9 88.1 -160.5 250.1 0.0
-231.7 -306.6 24.1 -243.5 -78.9 -31.4
-275.0 -314.5 69.5 77.8 -229.0 55.0
250.3 -562.7 282.1 317.4 8.2 0.0
-1482.6 -75.8 88.1 -196.2 242.8 0.0
-238.6 -308.9 24.1 -276.7 -88.9 0.0
-273.0 -320.2 70.6 77.8 -229.0 35.0
258.2 -562.5 282.1 317.4 8.3 0.0
-1487.7 -70.2 88.1 -202.2 224.5 0.0
-242.9 -311.1 24.1 0.3 -89.1 0.0
-271.1 -325.9 80.3 -0.1 -222.2 15.0
266.2 -562.3 282.1 317.4 8.5 0.0
-1492.8 -65.0 88.1 -205.2 207.8 0.0
-244.7 -313.5 24.1 -72.6 -96.6 0.0
-271.1 -331.5 80.4 -0.1 -222.2 -5.0
274.1 -562.1 282.1 317.4 8.8 0.0
-1498.8 -60.5 88.1 -240.6 178.9 0.0
-248.1 -316.1 24.1 -109.8 -99.5 -42.0
-271.1 -336.2 80.4 -0.1 -188.8 0.0
282.0 -561.8 282.1 317.4 9.0 0.0
-1505.4 -56.7 88.1 -261.6 154.2 0.0
-252.3 -318.8 24.1 -168.0 -107.6 0.0
-271.1 -340.2 80.4 -0.1 -160.5 0.0
290.0 -561.6 282.1 317.4 9.1 0.0
-1512.1 -53.4 88.1 -268.0 132.5 0.0
-257.7 -321.7 24.1 -198.3 -108.3 -45.8
-272.7 -343.2 80.4 -62.8 -117.5 0.0
297.9 -561.4 282.1 317.4 9.0 0.0
-1518.8 -50.5 88.1 -270.8 114.2 0.0
-263.8 -323.8 24.1 -243.0 -82.7 0.0
-275.5 -345.2 80.4 -111.2 -82.2 0.0
305.8 -561.2 282.1 314.8 8.9 0.0
-1524.9 -49.7 88.1 -240.6 33.6 0.0
-270.7 -325.3 24.1 -261.6 -52.6 -46.7
-279.2 -346.6 80.4 -149.9 -52.9 0.0
313.6 -560.9 282.1 314.8 9.0 0.0
-1530.2 -50.6 88.1 -215.2 -36.0 0.0
-277.5 -326.2 24.1 -271.8 -38.3 0.0
-283.9 -347.2 80.4 -188.2 -26.2 0.0
320.4 -558.8 282.1 268.1 85.2 0.0
-1535.1 -53.0 88.1 -193.6 -96.6 0.0
-283.7 -327.0 24.1 -237.1 -21.0 -48.0
-289.5 -347.8 80.4 -221.6 -25.5 0.0
326.1 -555.1 282.1 228.4 149.2 0.0
-1539.5 -56.7 88.1 -175.6 -148.6 0.0
-290.5 -328.3 24.1 -270.9 -52.5 0.0
-295.1 -348.4 80.4 -223.4 -23.4 0.0
330.9 -550.0 282.1 194.7 202.4 0.0
-1544.5 -58.9 88.1 -203.2 -89.1 0.0
-297.9 -330.2 24.1 -285.7 -64.8 -48.0
-301.2 -349.0 80.4 -246.0 -22.9 0.0
335.1 -543.8 282.1 165.9 247.0 0.0
-1550.2 -59.9 88.1 -225.2 -39.7 0.0
-304.8 -332.1 24.1 -278.9 -73.1 0.0
-307.9 -349.6 80.4 -266.3 -22.4 0.0
338.3 -536.7 282.1 127.1 286.8 0.0
-1556.2 -59.9 88.1 -242.2 1.3 0.0
-311.2 -333.9 24.1 -252.2 -61.4 -48.6
-314.6 -350.2 80.4 -271.1 -24.5 0.0
340.6 -528.7 282.1 94.8 319.5 0.0
-1562.6 -59.0 88.1 -254.7 34.6 0.0
-317.4 -335.6 24.1 -246.8 -70.7 0.0
-321.9 -350.9 80.4 -288.5 -27.5 0.0
342.4 -520.6 282.1 71.5 322.4 0.0
-1569.1 -57.0 88.1 -261.5 82.1 0.0
-323.0 -337.3 24.1 -220.1 -56.0 -48.6
-329.4 -351.6 80.4 -300.9 -30.0 0.0
343.8 -512.8 282.1 53.4 314.4 0.0
-1575.8 -53.9 88.1 -265.7 121.3 0.0
-329.0 -339.3 24.1 -241.7 -78.9 0.0
-337.0 -352.4 80.4 -303.3 -31.1 0.0
344.3 -504.3 282.1 20.0 338.7 0.0
-1582.0 -50.7 88.1 -248.5 129.9 0.0
-335.5 -341.7 24.1 -257.4 -88.5 -49.0
-345.3 -352.5 80.4 -332.2 -4.7 0.0
344.3 -496.0 282.1 2.1 329.8 0.0
-1587.8 -47.3 88.1 -231.5 134.6 0.0
-342.2 -344.4 24.1 -267.4 -107.6 0.0
-353.5 -352.3 80.4 -328.7 10.1 0.0
344.0 -488.0 282.1 -12.8 321.5 0.0
-1593.3 -42.7 88.1 -222.6 184.1 0.0
-349.0 -347.5 24.1 -268.3 -112.9 -49.0
-361.5 -351.7 80.4 -319.7 20.5 0.0
343.3 -480.1 282.1 -25.4 314.3 0.0
-1598.7 -37.1 88.1 -214.5 224.3 0.0
-355.8 -350.6 24.1 -271.2 -124.6 0.0
-369.3 -351.0 80.4 -311.9 29.3 0.0
341.9 -471.9 282.1 -57.7 330.1 0.0
-1603.6 -31.4 88.1 -197.1 230.5 0.0
-362.5 -353.8 24.1 -261.9 -123.2 -49.2
-376.3 -348.9 80.4 -281.3 85.8 0.0
340.1 -463.9 282.1 -72.7 321.6 0.0
-1608.1 -25.6 88.1 -179.8 228.9 0.0
-368.5 -356.8 24.1 -239.0 -118.3 0.0
-382.7 -345.4 80.4 -256.2 138.1 0.0
338.0 -456.0 282.1 -85.2 314.2 0.0
-1610.9 -19.3 88.1 -109.4 251.8 0.0
-373.9 -359.6 24.1 -215.5 -110.7 0.0
-388.6 -340.7 80.4 -236.4 186.8 0.0
335.6 -448.3 282.1 -96.1 308.1 0.0
-1612.1 -12.5 88.1 -48.8 273.0 0.0
-379.2 -362.6 24.1 -214.6 -120.3 0.0
-394.1 -335.0 80.4 -220.3 231.2 0.0
332.0 -440.5 282.1 -141.4 313.2 0.0
-1612.0 -5.2 88.1 3.6 291.9 0.0
-384.9 -366.1 24.1 -227.8 -139.7 0.0
-399.5 -329.0 80.1 -216.1 237.0 -20.0
328.0 -433.0 282.1 -158.9 299.2 0.0
-1610.8 2.5 88.1 48.6 308.5 0.0
-390.9 -370.6 24.1 -240.9 -179.3 0.0
-404.8 -323.0 79.4 -212.1 242.5 -40.0
323.8 -425.9 282.1 -171.1 285.0 0.0
-1608.5 10.5 88.1 89.9 319.8 0.0
-397.1 -375.7 24.1 -247.1 -206.5 0.0
-410.0 -316.8 78.1 -208.4 247.6 -60.0
319.2 -419.0 282.1 -181.4 272.8 0.0
-1605.8 18.2 88.1 107.9 308.7 0.0
-403.1 -381.1 24.1 -240.7 -214.5 0.0
-415.2 -310.5 76.4 -205.0 252.3 -80.0
314.1 -412.9 282.1 -205.6 245.6 0.0
-1603.1 26.0 87.9 109.7 310.8 -20.0
-409.0 -386.6 24.1 -234.1 -219.5 0.0
-420.3 -304.2 74.1 -205.0 252.3 -100.0
308.8 -407.4 282.1 -212.1 218.9 0.0
-1600.3 33.8 87.1 111.1 312.4 -40.0
-415.1 -391.8 24.1 -245.8 -208.0 0.0
-425.4 -297.9 71.4 -205.0 252.3 -120.0
303.4 -402.5 282.1 -216.6 195.7 0.0
-1597.5 41.4 85.9 111.2 305.4 -60.0
-421.6 -396.7 24.1 -258.2 -199.2 0.0
-430.5 -291.5 68.1 -205.0 252.3 -140.0
297.9 -398.1 282.1 -221.0 176.4 0.0
-1594.8 48.9 84.1 111.3 298.6 -80.0
-428.2 -401.5 24.1 -263.1 -188.9 0.0
-435.7 -285.2 64.4 -205.0 252.3 -160.0
292.8 -392.6 282.1 -202.4 219.6 0.0
-1592.0 56.2 81.9 111.4 291.9 -100.0
-434.9 -406.0 24.1 -267.3 -180.1 0.0
-440.8 -278.9 60.1 -205.0 252.3 -180.0
288.1 -386.2 282.1 -186.9 256.3 0.0
-1589.2 63.3 79.1 111.5 285.2 -120.0
-441.6 -410.2 24.1 -268.9 -169.6 0.0
-445.9 -272.6 55.4 -205.0 252.3 -200.0
283.9 -379.5 282.1 -169.5 267.8 0.0
-1586.4 70.3 75.9 109.8 277.8 -140.0
-448.1 -414.2 24.1 -262.7 -157.7 0.0
-451.0 -266.3 50.1 -205.0 252.3 -220.0
280.0 -372.6 282.1 -154.4 276.5 0.0
-1583.7 77.0 72.1 108.1 270.4 -160.0
-454.4 -417.8 24.1 -251.5 -145.2 0.0
-456.2 -260.0 44.4 -205.0 252.3 -240.0
276.6 -365.5 282.1 -138.9 284.3 0.0
-1581.1 83.6 67.9 106.5 263.0 -180.0
-460.4 -421.1 24.1 -237.4 -132.8 0.0
-461.3 -253.7 38.1 -205.0 252.3 -260.0
273.4 -358.2 282.1 -126.0 291.3 0.0
-1578.5 90.0 63.1 104.8 255.5 -200.0
-466.0 -424.1 24.1 -224.2 -121.0 0.0
-466.4 -247.4 31.4 -205.0 252.3 -280.0
270.5 -350.8 282.1 -114.8 295.3 0.0
-1575.9 96.2 57.9 102.6 248.0 -220.0
-471.0 -426.8 24.1 -202.6 -107.1 0.0
-471.5 -241.1 24.1 -205.0 252.3 -300.0
267.9 -343.4 282.1 -105.4 299.6 0.0
-1573.4 102.2 52.1 100.4 240.4 -240.0
-476.7 -429.6 24.1 -225.6 -110.0 0.0
-475.9 -235.7 24.1 -174.3 214.5 0.3
265.5 -335.8 282.1 -95.4 303.2 0.0
-1570.9 108.0 45.9 98.2 232.8 -260.0
-482.9 -432.4 24.1 -248.2 -113.8 0.0
-478.3 -232.5 24.1 -96.4 129.8 0.0
263.3 -328.2 282.1 -86.9 304.0 0.0
-1568.5 113.6 39.1 95.9 225.2 -280.0
-489.4 -435.2 24.1 -262.6 -113.4 0.0
-479.1 -231.0 24.1 -32.5 60.0 0.0
261.4 -320.6 282.1 -79.7 304.9 0.0
-1566.3 119.3 32.1 88.6 228.3 0.3
-496.4 -438.1 24.1 -278.0 -114.4 0.0
-478.6 -231.0 24.1 21.3 -0.1 0.0
259.5 -312.9 282.1 -73.4 305.8 0.0
-1566.2 125.0 32.1 2.8 224.7 0.0
-503.7 -441.0 24.1 -290.9 -115.3 0.0
-477.4 -232.1 24.1 49.2 -43.6 0.0
257.9 -305.3 282.1 -66.5 302.4 0.0
-1568.0 130.5 32.1 -70.1 221.7 0.0
-511.1 -443.8 24.1 -296.6 -114.2 0.0
-475.5 -234.1 24.1 75.9 -82.3 0.0
256.3 -297.8 282.1 -60.9 303.0 0.0
-1569.9 136.1 31.9 -77.3 224.8 -20.0
-518.6 -446.6 24.1 -298.5 -110.6 0.0
-473.0 -237.0 24.1 98.9 -114.2 0.0
254.9 -290.2 282.1 -56.0 300.9 0.0
-1571.8 141.9 31.1 -74.8 232.2 -40.0
-526.0 -449.3 24.1 -299.6 -107.1 0.0
-470.0 -240.5 24.1 118.4 -141.4 0.0
253.6 -282.8 282.1 -51.6 298.9 0.0
-1573.6 147.9 29.9 -72.3 239.7 -60.0
-533.4 -451.8 24.1 -293.2 -102.0 0.0
-466.7 -244.6 24.1 135.0 -164.5 0.0
252.5 -275.5 282.1 -46.4 292.4 0.0
-1575.4 154.1 28.1 -69.8 247.2 -80.0
-540.4 -454.2 24.1 -281.7 -96.1 0.0
-463.1 -249.5 24.1 142.5 -193.5 0.0
251.4 -268.2 282.1 -42.5 290.0 0.0
-1577.0 160.5 25.9 -67.3 254.6 -100.0
-547.3 -456.5 24.1 -273.6 -90.1 0.0
-459.8 -254.1 24.1 131.5 -184.6 0.0
250.4 -261.0 282.1 -39.0 287.8 0.0
-1578.6 167.0 24.1 -62.8 260.0 0.1
-553.6 -458.5 24.1 -254.8 -82.1 0.0
-456.6 -258.7 24.1 127.1 -186.8 0.0
249.5 -253.9 282.1 -35.9 285.5 0.0
-1578.8 173.9 24.1 -8.3 276.0 0.0
-559.9 -460.5 24.1 -253.0 -78.9 0.0
-453.5 -263.5 24.1 123.4 -188.7 0.0
248.7 -246.8 282.1 -32.8 283.3 0.0
-1577.8 181.1 24.1 38.8 289.9 0.0
-566.3 -462.4 24.1 -253.5 -76.7 0.0
-450.5 -268.9 24.1 121.5 -216.1 0.0
248.0 -239.8 282.1 -30.0 281.0 0.0
-1575.9 188.7 24.1 79.2 302.2 0.0
-572.6 -464.2 24.1 -251.7 -70.8 0.0
-447.8 -273.9 24.1 108.6 -201.6 0.0
247.3 -232.8 282.1 -27.6 281.2 0.0
-1572.4 195.3 24.1 139.2 266.3 0.0
-578.7 -465.8 24.1 -244.9 -64.9 0.0
-445.2 -279.0 24.1 102.0 -203.6 0.0
246.6 -225.7 282.1 -25.7 281.2 0.0
-1567.6 201.2 24.1 189.5 235.4 0.0
-584.8 -467.3 24.1 -245.5 -60.9 0.0
-442.8 -284.1 24.1 96.3 -205.3 0.0
246.1 -218.7 282.1 -23.1 279.1 0.0
-1561.9 206.4 24.1 231.1 209.2 0.0
-591.0 -468.8 24.1 -246.1 -57.6 0.0
-440.6 -289.8 24.1 88.7 -227.3 0.0
245.5 -211.7 282.1 -21.2 281.6 0.0
-1555.4 211.1 24.1 257.8 185.9 0.0
-595.7 -471.5 24.1 -188.2 -110.3 0.0
-438.7 -295.2 24.1 78.3 -216.1 0.0
245.1 -204.7 282.1 -19.3 281.7 0.0
-1549.6 213.5 24.1 234.0 94.8 0.0
-599.2 -475.5 24.1 -138.3 -157.6 0.0
-436.9 -300.6 24.1 70.8 -217.1 0.0
244.6 -197.6 282.1 -18.0 284.3 0.0
-1544.2 213.9 24.1 213.5 18.0 0.0
-601.6 -480.4 24.1 -96.0 -197.8 0.0
-435.3 -306.1 24.1 64.4 -217.9 0.0
244.2 -190.4 282.1 -16.1 284.5 0.0
-1539.3 212.8 24.1 196.1 -46.6 0.0
-603.1 -486.2 24.1 -94.4 -268.1 -3.7
-433.9 -311.7 24.1 55.6 -223.0 0.0
243.8 -183.3 282.1 -14.1 284.6 0.0
-1534.8 210.2 24.1 181.0 -101.6 0.0
-603.6 -493.3 24.1 -23.7 -283.5 0.0
-432.7 -317.2 24.1 48.1 -223.2 0.0
243.5 -176.1 282.1 -12.7 287.1 0.0
-1529.6 208.7 24.1 208.3 -59.9 0.0
-602.7 -500.7 24.1 2.0 -332.8 -3.7
-431.6 -322.8 24.1 41.7 -223.3 0.0
243.2 -168.9 282.1 -11.5 289.6 0.0
-1523.8 208.1 24.1 230.8 -24.7 0.0
-601.3 -509.2 24.1 58.3 -338.6 0.0
-430.7 -328.4 24.1 36.2 -223.5 0.0
243.0 -161.8 282.1 -8.6 285.1 0.0
-1517.6 208.2 24.1 249.3 5.2 0.0
-598.6 -517.8 24.1 -34.2 -86.3 1014.4
-429.9 -334.0 24.1 31.7 -223.4 0.0
242.9 -154.7 282.1 -5.9 285.1 0.0
-1511.4 208.8 24.1 247.6 22.0 0.0
-599.4 -520.1 49.2 -31.7 -92.8 994.4
-429.2 -339.6 24.1 28.0 -223.5 0.0
242.8 -147.5 282.1 -3.7 287.5 0.0
-1504.8 210.3 24.1 263.0 61.9 0.0
-600.1 -522.6 73.9 -29.1 -99.4 974.4
-428.6 -345.2 24.1 24.7 -223.6 0.0
242.7 -140.3 282.1 -2.0 287.4 0.0
-1498.1 212.6 24.1 270.8 91.9 0.0
-600.8 -525.2 98.0 -26.5 -106.0 954.4
-428.1 -350.8 24.1 22.0 -223.7 0.0
241.6 -132.5 282.1 -44.6 310.3 0.0
-1491.7 215.1 24.1 255.0 98.4 0.0
-601.4 -528.0 121.6 -24.0 -112.6 934.4
-427.5 -356.4 30.8 22.0 -224.8 255.0
239.7 -124.4 282.1 -78.1 325.3 0.0
-1485.7 217.7 24.1 240.8 103.2 0.0
-602.2 -531.0 144.7 -30.5 -116.8 914.4
-427.0 -362.0 36.9 22.0 -224.8 235.0
237.4 -116.5 282.1 -90.6 313.7 0.0
-1479.6 221.5 24.1 242.3 152.6 0.0
-603.1 -534.0 167.3 -37.0 -121.0 894.4
-426.4 -367.6 42.5 22.0 -224.8 215.0
234.8 -108.9 282.1 -102.9 306.1 0.0
-1473.5 226.3 24.1 243.3 194.0 0.0
-604.2 -537.1 189.4 -43.5 -125.2 874.4
-425.9 -373.3 47.6 22.0 -224.8 195.0
232.5 -102.3 282.1 -93.5 263.9 0.0
-1467.8 231.4 24.1 229.8 204.9 0.0
-605.4 -540.4 211.0 -50.0 -129.4 854.4
-425.3 -378.9 52.3 22.0 -224.8 175.0
229.7 -96.2 282.1 -113.5 245.0 0.0
-1462.4 236.6 24.1 214.7 207.8 0.0
-606.8 -543.7 232.1 -55.4 -132.6 834.4
-424.8 -384.5 56.4 22.0 -224.8 155.0
226.3 -90.4 282.1 -133.3 230.8 0.0
-1459.5 241.8 24.1 115.6 207.5 0.0
-608.3 -547.1 252.7 -60.7 -135.8 814.4
-424.2 -390.1 60.0 22.0 -224.8 135.0
222.5 -84.9 282.1 -152.0 219.9 0.0
-1458.7 247.0 24.1 32.5 206.7 0.0
-610.0 -550.5 272.8 -66.1 -139.0 794.4
-423.7 -395.7 63.1 22.0 -224.8 115.0
219.3 -80.2 282.1 -129.2 186.9 0.0
-1459.6 252.1 24.1 -37.0 205.7 0.0
-611.8 -554.1 292.5 -71.4 -142.2 774.4
-423.1 -401.3 65.8 22.0 -224.8 95.0
215.9 -76.1 282.1 -134.3 166.7 0.0
-1462.0 257.2 24.1 0.0 49.0 1030.0
-613.5 -557.6 311.6 -68.7 -140.2 754.4
-422.6 -407.0 67.9 22.0 -224.8 75.0
212.2 -72.2 282.1 -148.5 153.0 0.0
-1462.1 258.7 49.6 -1.2 56.8 1010.0
-615.1 -561.1 330.2 -66.1 -138.2 734.4
-422.0 -412.6 69.5 22.0 -224.8 55.0
208.3 -68.7 282.1 -157.6 140.6 0.0
-1462.1 260.3 74.6 -2.4 64.7 990.0
-616.7 -564.5 348.3 -63.4 -136.2 714.4
-421.5 -418.2 70.6 22.0 -224.8 35.0
204.9 -65.7 282.1 -134.0 119.5 0.0
-1462.2 262.1 99.1 -3.7 72.5 970.0
-618.2 -567.8 365.9 -60.7 -134.1 694.4
-420.8 -423.7 71.3 28.7 -220.5 15.0
201.6 -63.2 282.1 -132.6 102.7 0.0
-1462.3 264.1 123.1 -4.9 80.4 950.0
-619.8 -571.2 383.0 -60.7 -134.1 674.4
-419.9 -429.1 71.4 35.3 -216.2 -5.0
198.3 -60.9 282.1 -134.6 89.0 0.0
-1462.5 266.3 146.6 -5.3 86.7 930.0
-620.5 -574.2 399.6 34.3 -102.5 654.4
-418.8 -434.4 71.0 41.7 -212.1 -25.0
194.8 -59.0 282.1 -137.2 76.9 0.0
-1462.6 268.6 169.6 -5.7 92.9 910.0
-619.6 -576.8 415.7 34.2 -102.7 634.4
-417.6 -439.6 70.1 47.6 -208.2 -45.0
191.9 -57.4 282.1 -116.7 65.3 0.0
-1462.8 271.1 192.1 -6.2 99.2 890.0
-618.7 -579.4 431.3 34.3 -102.9 614.4
-416.3 -444.7 68.8 52.1 -204.6 -65.0
189.1 -56.1 282.1 -113.5 52.6 0.0
-1462.9 273.7 214.1 -6.6 105.5 870.0
-617.9 -582.0 446.4 34.3 -102.9 594.4
-414.9 -449.8 66.9 57.0 -200.6 -85.0
186.2 -55.1 282.1 -113.1 40.8 0.0
-1463.1 276.2 235.6 -6.3 101.1 850.0
-617.0 -584.5 461.1 34.3 -102.8 574.4
-413.4 -454.7 64.5 62.4 -196.2 -105.0
183.5 -54.3 282.1 -110.5 31.4 0.0
-1463.2 278.7 256.6 -5.9 96.7 830.0
-616.2 -587.1 475.2 34.3 -102.8 554.4
-411.6 -459.4 61.6 68.2 -191.4 -125.0
181.8 -52.2 282.1 -68.5 81.5 0.0
-1463.4 281.0 277.1 -5.5 92.3 810.0
-615.3 -589.7 488.8 34.3 -102.8 534.4
-409.8 -464.1 58.3 73.8 -185.8 -145.0
181.0 -49.0 282.1 -30.2 128.6 0.0
-1463.5 283.2 297.1 -5.2 87.9 790.0
-614.5 -592.2 501.9 34.3 -102.8 514.4
-407.8 -464.9 54.4 79.4 0.2 -165.0
181.1 -44.7 282.1 4.6 174.4 0.0
-1463.6 285.4 316.6 -5.4 90.2 770.0
-613.6 -594.8 514.5 34.2 -102.7 494.4
-405.7 -464.7 50.0 84.9 5.6 -185.0
182.0 -39.2 282.1 36.3 217.2 0.0
-1463.8 287.7 335.6 -5.5 90.6 750.0
-612.7 -597.4 526.6 34.2 -102.7 474.4
-403.4 -464.5 45.1 90.2 10.8 -205.0
183.9 -33.0 282.1 72.9 249.0 0.0
-1463.9 290.0 354.1 -5.5 90.6 730.0
-612.1 -600.0 538.2 26.7 -101.7 454.4
-401.1 -464.1 39.8 94.6 15.7 -225.0
186.5 -26.0 282.1 105.1 278.3 0.0
-1464.0 292.2 372.1 -5.5 90.6 710.0
-611.4 -602.7 549.3 27.1 -107.5 434.4
-398.6 -463.6 33.9 98.6 20.0 -245.0
189.7 -18.7 282.1 128.2 295.7 0.0
-1464.2 294.5 389.6 -5.5 90.6 690.0
-610.7 -605.5 559.9 27.5 -113.2 414.4
-396.0 -462.9 27.5 102.8 24.6 -265.0
193.0 -11.5 282.1 132.2 286.9 0.0
-1464.3 296.8 406.6 -5.5 90.6 670.0
-610.0 -608.5 570.0 28.0 -119.0 394.4
-393.4 -462.2 24.1 107.5 29.7 0.3
197.0 -4.3 282.1 159.6 288.9 0.0
-1464.5 299.0 423.1 -5.5 90.6 650.0
-609.3 -611.6 579.6 28.4 -124.8 374.4
-390.8 -459.7 24.1 103.2 101.9 0.0
201.0 2.5 282.1 162.8 271.3 0.0
-1464.6 301.3 439.1 -5.5 90.6 630.0
-608.7 -614.9 588.8 23.8 -131.3 354.4
-388.3 -455.7 24.1 98.9 159.4 0.0
205.0 8.8 282.1 158.4 249.9 0.0
-1464.7 303.5 454.6 -5.5 90.6 610.0
-608.2 -618.3 597.4 19.1 -137.7 334.4
-385.9 -450.6 24.1 94.2 202.8 0.0
208.7 14.4 282.1 147.6 224.8 0.0
-1464.9 305.8 469.6 -5.5 90.6 590.0
-607.8 -621.9 605.5 14.5 -144.1 314.4
-383.7 -444.8 24.1 88.9 231.2 0.0
209.9 19.1 282.1 46.2 186.8 0.0
-1465.0 308.1 484.1 -5.5 90.6 570.0
-607.6 -625.7 613.1 9.9 -150.6 294.4
-381.8 -438.2 24.1 75.0 264.6 0.0
208.9 22.9 282.1 -39.3 154.3 0.0
-1465.1 310.3 498.1 -5.5 90.6 550.0
-607.4 -629.4 620.2 9.7 -150.0 274.4
-380.3 -430.8 24.1 62.9 295.5 0.0
206.1 26.1 282.1 -110.8 126.9 0.0
-1465.3 312.6 511.6 -5.5 90.6 530.0
-607.1 -633.2 626.8 9.6 -149.4 254.4
-379.0 -423.1 24.1 52.8 310.6 0.0
201.8 28.7 282.1 -170.9 103.8 0.0
-1465.4 314.9 524.6 -5.5 90.6 510.0
-606.9 -636.9 632.9 9.5 -148.7 234.4
-377.8 -415.1 24.1 44.5 317.8 0.0
198.1 32.8 282.1 -148.4 165.0 0.0
-1465.5 317.1 537.1 -5.5 90.6 490.0
-606.6 -640.6 638.5 9.3 -148.1 214.4
-377.4 -407.1 24.1 19.2 319.5 0.0
194.9 38.3 282.1 -129.5 217.7 0.0
-1465.7 319.4 549.1 -5.5 90.6 470.0
-606.4 -644.3 643.6 9.2 -147.6 194.4
-377.2 -399.6 24.1 5.1 301.2 0.0
192.1 44.8 282.1 -113.1 263.7 0.0
-1465.8 321.7 560.6 -5.5 90.6 450.0
-606.2 -648.0 648.2 9.2 -147.0 174.4
-377.4 -392.5 24.1 -6.9 285.6 0.0
189.6 52.4 282.1 -99.3 303.5 0.0
-1466.0 323.9 571.6 -5.5 90.6 430.0
-606.0 -651.6 652.4 9.1 -146.4 154.4
-377.9 -385.5 24.1 -19.4 278.4 0.0
187.5 60.4 282.1 -83.0 319.5 0.0
-1466.1 326.2 582.1 -5.5 90.6 410.0
-605.7 -655.3 656.0 9.0 -145.9 134.4
-377.1 -378.8 24.1 33.4 267.3 0.0
185.8 68.3 282.1 -69.4 314.3 0.0
-1466.2 328.5 592.1 -5.5 91.2 390.0
-605.5 -658.9 659.1 8.9 -145.3 114.4
-375.1 -372.3 24.1 79.4 258.6 0.0
184.3 75.9 282.1 -58.0 306.5 0.0
-1466.4 330.8 601.6 -5.5 91.2 370.0
-605.3 -662.5 661.7 8.9 -144.8 94.4
-372.1 -366.0 24.1 120.6 252.4 0.0
183.1 83.3 282.1 -48.4 296.1 0.0
-1466.5 333.0 610.6 -5.5 91.2 350.0
-605.1 -666.1 663.8 8.8 -144.2 74.4
-368.1 -359.9 24.1 156.3 247.2 0.0
182.1 90.3 282.1 -39.0 276.5 0.0
-1466.6 335.3 619.1 -5.5 91.2 330.0
-604.8 -669.7 665.4 8.7 -143.6 54.4
-363.1 -353.9 24.1 201.0 238.2 0.0
181.4 96.7 282.1 -31.1 258.1 0.0
-1466.8 337.6 627.1 -5.5 91.2 310.0
-604.6 -673.3 666.5 8.7 -143.0 34.4
-357.3 -348.2 24.1 233.3 228.1 0.0
180.7 102.8 282.1 -24.5 242.4 0.0
-1466.9 339.9 634.6 -5.5 91.0 290.0
-604.4 -676.9 667.1 8.6 -142.4 14.4
-351.2 -342.9 24.1 245.3 213.0 0.0
180.3 108.4 282.1 -19.0 226.8 0.0
-1467.1 342.1 641.6 -5.5 90.8 270.0
-604.2 -680.4 667.2 8.6 -141.8 -5.6
-344.8 -337.9 24.1 253.6 199.3 0.0
180.1 114.7 282.1 -8.2 250.4 0.0
-1467.2 344.4 648.1 -5.5 90.6 250.0
-604.0 -683.9 666.8 8.5 -141.1 -25.6
-337.8 -333.3 24.1 282.0 185.4 0.0
180.0 121.2 282.1 -0.6 259.5 0.0
-1467.3 346.7 654.1 -5.5 90.4 230.0
-603.8 -687.4 666.0 8.4 -140.5 -45.6
-330.6 -329.0 24.1 286.3 168.6 0.0
180.2 127.8 282.1 5.5 263.8 0.0
-1467.5 348.9 659.6 -5.4 90.2 210.0
-603.6 -690.9 664.6 8.4 -139.9 -65.6
-323.4 -325.2 24.1 289.5 154.4 0.0
180.5 134.5 282.1 10.8 268.2 0.0
-1467.6 351.2 664.6 -5.4 90.0 190.0
-603.4 -694.4 662.7 8.3 -139.2 -85.6
-316.1 -321.6 24.1 292.5 142.3 0.0
180.9 141.4 282.1 18.3 278.4 0.0
-1467.7 353.4 669.1 -5.4 89.8 170.0
-603.2 -697.9 660.3 8.2 -138.6 -105.6
-308.3 -318.5 24.1 310.6 123.2 0.0
181.5 148.4 282.1 23.2 277.6 0.0
-1467.9 355.7 673.1 -5.4 89.7 150.0
-603.0 -701.3 657.4 8.2 -138.0 -125.6
-300.5 -315.9 24.1 311.2 106.5 0.0
182.2 155.4 282.1 27.7 279.3 0.0
-1468.0 357.9 676.6 -5.4 89.4 130.0
-602.7 -704.8 654.0 8.1 -137.4 -145.6
-292.7 -313.6 24.1 314.2 92.4 0.0
183.0 162.3 282.1 31.2 278.7 0.0
-1468.1 360.1 679.6 -5.4 89.2 110.0
-602.5 -708.2 650.1 8.1 -136.7 -165.6
-284.8 -311.6 24.1 314.4 80.6 0.0
183.9 169.5 282.1 38.4 286.2 0.0
-1468.3 362.3 682.1 -5.4 88.9 90.0
-602.3 -711.6 645.7 8.0 -136.1 -185.6
-276.7 -310.7 24.1 322.0 35.2 0.0
185.0 176.6 282.1 42.6 285.1 0.0
-1468.4 364.6 684.1 -5.4 88.7 70.0
-602.1 -715.0 640.8 8.0 -135.4 -205.6
-268.9 -310.5 24.1 313.2 5.9 0.0
186.1 183.7 282.1 46.3 284.3 0.0
-1468.5 366.8 685.6 -5.4 88.4 50.0
-601.9 -718.3 635.4 8.0 -134.7 -225.6
-261.3 -311.0 24.1 306.6 -19.5 0.0
187.4 190.8 282.1 49.3 283.5 0.0
-1468.7 369.0 686.6 -5.4 88.1 30.0
-601.7 -721.7 629.5 7.9 -134.0 -245.6
-253.8 -312.0 24.1 299.9 -40.5 0.0
188.6 195.3 282.1 50.6 178.6 0.0
-1468.8 371.2 687.1 -5.3 87.9 10.0
-601.6 -725.0 623.2 7.9 -133.3 -265.6
-245.8 -312.9 24.1 318.0 -33.6 0.0
189.9 197.3 282.1 52.4 82.5 0.0
-1468.9 373.4 687.1 -5.3 87.6 -10.0
-601.4 -728.3 616.3 7.8 -132.7 -285.6
-237.9 -313.6 24.1 317.8 -28.0 0.0
191.3 197.2 282.1 54.4 -4.4 0.0
-1469.1 375.6 686.6 -5.3 87.4 -30.0
-601.2 -731.6 608.9 7.8 -132.0 -305.6
-230.0 -314.2 24.1 315.1 -23.5 0.0
192.5 195.2 282.1 49.5 -80.7 0.0
-1469.2 377.7 685.6 -5.3 87.1 -50.0
-601.0 -734.9 601.0 7.7 -131.3 -325.6
-222.1 -314.6 24.1 315.2 -19.5 0.0
193.8 191.5 282.1 49.8 -146.8 0.0
-1469.3 379.9 684.1 -5.3 86.9 -70.0
-600.8 -738.2 592.6 7.7 -130.6 -345.6
-214.2 -315.0 24.1 315.8 -14.6 0.0
195.1 186.5 282.1 50.8 -203.1 0.0
-1469.5 382.1 682.1 -5.3 86.6 -90.0
-600.6 -741.3 583.7 7.1 -123.9 -365.6
-206.3 -315.3 24.1 315.6 -10.5 0.0
196.3 180.3 282.1 50.9 -247.8 0.0
-1469.6 384.2 679.6 -5.3 86.3 -110.0
-600.4 -744.2 574.3 6.6 -117.1 -385.6
-198.4 -315.5 24.1 315.4 -7.2 0.0
197.6 173.3 282.1 50.3 -278.5 0.0
-1469.7 386.4 676.6 -5.3 86.0 -130.0
-600.3 -747.0 564.4 6.0 -110.4 -405.6
-190.5 -315.6 24.1 315.3 -4.3 0.0
198.7 167.1 282.1 43.8 -249.2 0.0
-1469.9 388.5 673.1 -5.3 85.7 -150.0
-600.1 -749.6 554.0 5.5 -103.7 -425.6
-182.7 -315.6 24.1 313.2 -0.7 0.0
199.7 161.1 282.1 39.5 -239.5 0.0
-1470.0 390.7 669.1 -5.2 85.4 -170.0
-600.0 -752.0 543.1 4.9 -96.5 -445.6
-174.8 -315.5 24.1 315.5 2.6 0.0
200.6 155.1 282.1 36.5 -239.7 0.0
-1470.1 392.8 664.6 -5.2 85.0 -190.0
-599.9 -754.2 538.1 4.4 -89.1 0.5
-167.0 -315.4 24.1 315.3 5.3 0.0
201.4 149.1 282.1 34.0 -239.9 0.0
-1470.3 394.9 659.6 -5.2 84.6 -210.0
-600.0 -754.2 538.1 -2.1 -0.7 0.0
-159.1 -315.2 24.1 315.1 7.6 0.0
202.2 143.0 282.1 31.9 -245.2 0.0
-1470.4 397.0 654.1 -5.2 84.2 -230.0
-600.1 -752.4 538.1 -5.8 73.5 0.0
-151.2 -314.9 24.1 315.5 11.6 0.0
203.0 136.8 282.1 29.9 -245.4 0.0
-1470.5 399.1 648.1 -5.2 83.9 -250.0
-601.3 -749.6 538.1 -47.6 109.6 0.0
-143.3 -314.5 24.1 315.2 14.8 0.0
203.7 130.7 282.1 28.1 -245.5 0.0
-1470.6 401.2 641.6 -5.2 83.4 -270.0
-603.4 -746.0 538.1 -83.5 144.2 0.0
-135.4 -314.1 24.1 314.9 17.9 0.0
204.4 124.6 282.1 26.6 -245.6 0.0
-1470.8 403.3 634.6 -5.1 83.0 -290.0
-606.2 -741.7 538.1 -114.0 173.6 0.0
-127.5 -313.6 24.1 317.1 20.5 0.0
205.0 118.3 282.1 25.0 -248.4 0.0
-1470.9 405.3 627.1 -5.1 82.5 -310.0
-609.7 -736.7 538.1 -139.9 198.6 0.0
-119.7 -312.9 24.1 312.1 27.7 0.0
205.6 112.1 282.1 23.6 -248.5 0.0
-1471.0 407.4 619.1 -5.1 82.1 -330.0
-614.5 -732.6 538.1 -190.7 166.9 0.0
-111.9 -312.0 24.1 310.5 34.4 0.0
206.1 105.9 282.1 22.3 -248.6 0.0
-1471.2 409.4 610.6 -5.1 81.6 -350.0
-620.3 -729.1 538.1 -230.7 139.7 0.0
-104.2 -311.0 24.1 309.2 40.3 0.0
206.7 99.7 282.1 21.2 -248.6 0.0
-1471.3 411.4 601.6 -5.1 81.1 -370.0
-626.9 -726.2 538.1 -264.8 116.6 0.0
-96.5 -309.9 24.1 308.0 45.3 0.0
207.2 93.4 282.1 20.2 -253.8 0.0
-1471.4 413.5 592.1 -5.1 80.6 -390.0
-633.8 -723.7 538.1 -277.8 97.4 0.0
-88.4 -309.4 24.1 323.1 17.5 0.0
207.6 87.0 282.1 19.2 -253.8 0.0
-1471.5 415.5 582.1 -5.1 80.1 -410.0
-641.3 -722.8 538.1 -297.0 38.0 0.0
-80.5 -309.4 24.1 317.5 -0.1 0.0
208.1 80.7 282.1 18.3 -253.9 0.0
-1471.7 417.4 571.6 -5.1 79.5 -430.0
-649.1 -723.1 538.1 -315.3 -14.1 0.0
-72.7 -309.8 24.1 312.2 -14.7 0.0
208.5 74.3 282.1 17.5 -253.9 0.0
-1471.8 419.4 560.6 -5.0 79.0 -450.0
-657.4 -724.6 538.1 -332.0 -59.0 0.0
-65.0 -310.5 24.1 307.8 -27.2 0.0
208.9 67.8 282.1 16.6 -259.1 0.0
-1471.9 421.4 549.1 -5.0 78.4 -470.0
-665.7 -726.7 538.1 -330.9 -85.9 0.0
-57.8 -311.6 24.1 288.6 -43.3 0.0
209.3 61.4 282.1 15.7 -259.1 0.0
-1472.0 423.3 538.1 -5.0 77.8 0.5
-673.0 -728.6 538.1 -290.3 -75.3 0.0
-50.9 -313.1 24.1 276.3 -60.0 0.0
209.7 54.9 282.1 14.9 -259.1 0.0
-1471.3 423.5 538.1 29.1 6.3 0.0
-680.4 -730.5 538.1 -295.2 -76.1 0.0
-44.2 -315.0 24.1 267.5 -75.4 0.0
210.1 48.4 282.1 14.3 -259.2 0.0
-1470.2 422.3 538.1 43.4 -47.0 0.0
-687.7 -732.4 538.1 -295.3 -75.9 0.0
-37.7 -317.2 24.1 260.5 -88.5 0.0
210.4 41.9 282.1 13.4 -261.8 0.0
-1468.6 420.0 538.1 64.8 -90.5 0.0
-695.1 -734.3 538.1 -295.4 -75.6 0.0
-30.2 -319.1 24.1 300.7 -76.9 0.0
210.7 35.3 282.1 12.5 -261.8 0.0
-1466.4 416.6 538.1 90.3 -137.3 0.0
-702.6 -736.2 538.1 -300.4 -76.4 0.0
-22.2 -320.7 24.1 316.4 -66.4 0.0
211.0 28.8 282.1 11.8 -261.8 0.0
-1463.5 412.1 538.1 113.1 -181.6 0.0
-710.1 -738.1 538.1 -300.4 -76.1 0.0
-14.3 -322.2 24.1 316.5 -57.3 0.0
211.3 22.2 282.1 11.2 -261.8 0.0
-1460.2 406.5 538.1 134.3 -222.5 0.0
-717.7 -740.0 538.1 -300.5 -75.8 0.0
-6.4 -323.4 24.1 316.7 -49.5 0.0
211.5 15.7 282.1 8.6 -259.8 0.0
-1456.3 400.1 538.1 153.1 -258.3 0.0
-725.2 -741.9 538.1 -300.6 -75.5 0.0
1.5 -324.4 24.1 318.2 -41.3 0.0
211.7 9.2 282.1 6.4 -259.8 0.0
-1452.3 393.2 538.1 160.3 -274.1 0.0
-732.8 -743.8 538.1 -303.3 -75.2 0.0
9.5 -325.3 24.1 318.3 -34.0 0.0
211.8 2.7 282.1 4.5 -259.7 0.0
-1448.5 386.5 538.1 155.1 -268.6 0.0
-740.3 -745.6 538.1 -303.5 -74.4 0.0
17.5 -326.0 24.1 318.2 -27.9 0.0
211.9 -3.7 282.1 2.9 -259.7 0.0
-1444.8 380.1 538.1 145.3 -253.8 0.0
-747.9 -747.5 538.1 -303.7 -73.7 0.0
25.4 -326.6 24.1 318.1 -22.6 0.0
213.4 -10.0 282.1 62.7 -249.5 0.0
-1441.5 374.3 538.1 133.4 -234.5 0.0
-752.9 -749.3 538.1 0.3 -73.1 0.0
33.4 -327.0 24.1 318.9 -16.5 0.0
216.3 -16.0 282.1 113.5 -240.9 0.0
-1438.5 369.1 538.1 118.1 -208.3 0.0
-752.9 -752.5 538.1 0.1 -126.2 0.0
41.3 -327.3 24.1 318.5 -11.7 0.0
220.2 -21.8 282.1 156.8 -233.5 0.0
-1435.7 363.9 538.1 113.6 -205.6 0.0
-752.9 -756.7 538.1 -0.2 -169.6 0.0
49.3 -327.5 24.1 318.3 -7.4 0.0
224.9 -27.5 282.1 188.6 -224.9 0.0
-1432.6 358.1 538.1 124.2 -234.0 0.0
-752.9 -761.7 538.1 0.0 -200.8 0.0
57.2 -327.5 24.1 318.0 -3.9 0.0
229.7 -32.4 282.1 192.9 -199.1 0.0
-1429.3 351.7 538.1 130.7 -253.2 0.0
-752.9 -767.5 538.1 0.0 -229.3 0.0
65.2 -327.5 24.1 318.5 0.7 0.0
234.7 -36.9 282.1 198.1 -177.5 0.0
-1426.0 345.1 538.1 134.6 -265.3 0.0
-752.9 -773.5 538.1 0.0 -239.4 0.0
73.2 -327.4 24.1 318.2 4.6 0.0
239.7 -40.9 282.1 202.5 -159.1 0.0
-1423.0 338.8 538.1 119.5 -251.4 0.0
-752.9 -779.4 538.1 0.0 -239.4 0.0
81.1 -327.2 24.1 318.0 8.0 0.0
244.9 -44.4 282.1 206.3 -143.6 0.0
-1420.2 332.4 538.1 109.6 -256.1 0.0
-752.9 -785.4 538.1 0.0 -239.4 0.0
89.1 -326.9 24.1 317.7 11.0 0.0
250.9 -47.5 282.1 239.0 -123.1 0.0
-1417.7 326.0 538.1 100.3 -255.4 0.0
-752.9 -791.4 538.1 0.0 -239.4 0.0
97.0 -326.6 24.1 318.1 15.4 0.0
257.2 -50.2 282.1 252.8 -105.4 0.0
-1415.4 319.8 538.1 91.4 -249.3 0.0
-752.9 -797.6 538.1 0.0 -246.9 0.0
105.0 -326.1 24.1 317.6 18.9 0.0
263.5 -52.4 282.1 253.1 -90.2 0.0
-1411.9 314.3 538.1 143.4 -220.1 0.0
-752.9 -803.8 538.1 0.0 -246.9 0.0
112.9 -325.5 24.1 317.2 22.1 0.0
269.8 -54.3 282.1 253.3 -77.3 0.0
-1407.1 309.4 538.1 190.6 -195.5 0.0
-752.9 -809.9 538.1 -0.3 -246.9 0.0
120.8 -324.9 24.1 316.9 24.7 0.0
275.2 -56.0 282.1 215.3 -65.7 0.0
-1401.2 305.0 538.1 233.9 -175.0 0.0
-752.9 -816.1 538.1 -0.6 -246.9 0.0
128.7 -324.1 24.1 315.5 31.0 0.0
279.8 -57.4 282.1 183.0 -55.9 0.0
-1394.4 301.1 538.1 273.8 -158.3 0.0
-752.9 -822.6 538.1 -1.2 -259.5 0.0
136.6 -323.2 24.1 314.4 36.3 0.0
283.7 -58.6 282.1 155.5 -47.5 0.0
-1386.9 297.8 538.1 297.9 -131.9 0.0
-753.0 -829.1 538.1 -1.6 -259.5 0.0
144.4 -322.2 24.1 313.4 40.9 0.0
287.0 -59.6 282.1 132.2 -40.4 0.0
-1379.3 295.0 538.1 307.0 -109.9 0.0
-753.0 -835.6 538.1 -1.9 -259.5 0.0
152.2 -321.1 24.1 312.6 44.7 0.0
290.1 -60.1 282.1 124.0 -21.1 0.0
-1371.4 292.8 538.1 313.2 -91.7 0.0
-753.1 -842.0 538.1 -2.2 -259.5 0.0
158.8 -320.1 24.1 265.7 38.0 0.0
293.0 -60.3 282.1 114.9 -7.1 0.0
-1363.6 290.8 538.1 315.2 -76.3 0.0
-754.9 -847.5 538.1 -73.0 -217.7 0.0
164.5 -319.3 24.1 225.8 32.3 0.0
295.6 -60.2 282.1 104.7 1.9 0.0
-1356.5 289.4 538.1 281.5 -58.9 0.0
-758.2 -852.1 538.1 -133.2 -182.7 0.0
169.3 -318.6 24.1 192.0 27.5 0.0
298.0 -60.0 282.1 96.0 9.6 0.0
-1350.2 288.3 538.1 253.5 -43.7 0.0
-762.8 -855.9 538.1 -184.3 -153.0 0.0
173.4 -318.1 24.1 163.2 23.3 0.0
300.2 -59.7 281.9 89.1 10.3 -20.0
-1343.8 287.8 538.1 256.1 -19.3 0.0
-768.5 -859.1 538.1 -227.8 -127.7 0.0
177.7 -319.0 24.1 174.2 -35.9 0.0
302.3 -59.5 281.1 82.2 11.1 -40.0
-1337.1 287.9 538.1 267.6 5.7 0.0
-775.2 -861.6 538.1 -265.7 -101.1 0.0
182.2 -321.0 24.1 180.1 -81.1 0.0
304.1 -59.2 279.9 75.3 11.8 -60.0
-1330.9 288.4 538.1 247.0 20.1 0.0
-782.6 -863.6 538.1 -297.9 -78.5 0.0
186.9 -324.0 24.1 186.5 -120.9 0.0
305.9 -58.9 278.1 68.4 12.5 -80.0
-1325.0 289.4 538.1 238.5 39.8 0.0
-790.1 -864.9 538.1 -297.7 0.1 0.0
191.8 -328.0 24.1 195.4 -160.7 0.0
307.4 -58.5 275.9 61.4 13.2 -100.0
-1319.3 290.8 538.1 227.7 53.7 0.0
-797.3 -864.8 538.1 -290.9 4.0 0.0
195.4 -333.2 24.1 145.1 -208.5 0.0
308.8 -58.2 273.1 54.5 13.9 -120.0
-1313.8 292.4 538.1 218.0 64.7 0.0
-804.3 -864.6 538.1 -278.7 7.7 0.0
198.0 -339.3 24.1 103.7 -244.4 0.0
309.9 -57.8 269.9 47.5 14.6 -140.0
-1309.2 293.8 538.1 185.3 55.0 0.0
-811.1 -864.3 538.1 -273.1 11.5 0.0
199.8 -346.1 24.1 70.6 -268.2 0.0
311.0 -57.4 266.1 40.6 15.3 -160.0
-1305.2 294.9 538.1 157.5 46.7 0.0
-817.9 -863.9 538.1 -272.6 15.3 0.0
201.0 -352.5 24.1 51.8 -256.4 0.0
311.8 -57.0 261.9 34.9 17.1 -180.0
-1301.8 296.1 538.1 138.7 47.0 0.0
-824.7 -863.5 538.1 -272.1 18.5 0.0
202.3 -359.8 24.1 50.8 -295.1 0.0
312.6 -56.5 257.1 29.2 19.0 -200.0
-1298.6 297.5 538.1 127.7 55.0 0.0
-831.0 -863.0 538.1 -251.9 18.7 0.0
203.5 -367.7 24.1 48.5 -314.5 0.0
313.1 -56.0 251.9 23.5 20.8 -220.0
-1295.8 296.8 538.1 110.2 -26.3 0.0
-837.3 -862.5 538.1 -251.5 21.4 0.0
204.7 -375.6 24.1 44.9 -315.0 0.0
313.6 -55.4 246.1 17.8 22.7 -240.0
-1293.4 294.4 538.1 95.3 -95.4 0.0
-843.6 -861.9 538.1 -251.2 23.6 0.0
205.7 -383.3 24.1 41.5 -307.6 0.0
313.9 -54.8 239.9 11.6 24.2 -260.0
-1291.4 290.6 538.1 82.7 -154.2 0.0
-849.9 -861.2 538.1 -250.9 25.5 0.0
206.6 -390.8 24.1 38.1 -300.4 0.0
314.0 -54.2 233.1 5.4 25.7 -280.0
-1289.6 285.5 538.1 72.1 -204.1 0.0
-855.7 -860.6 538.1 -230.8 24.4 0.0
207.5 -398.0 24.1 35.0 -290.5 0.0
314.0 -53.5 225.9 -0.7 27.2 -300.0
-1287.4 281.9 538.1 85.1 -141.7 0.0
-861.4 -860.0 538.1 -230.5 25.9 0.0
208.3 -405.2 24.1 32.7 -285.6 0.0
313.8 -52.8 218.1 -6.9 28.7 -320.0
-1285.0 279.7 538.1 96.1 -88.7 0.0
-867.2 -859.3 538.1 -230.3 27.2 0.0
209.1 -412.3 24.1 30.8 -285.8 0.0
313.5 -52.1 209.9 -12.6 29.6 -340.0
-1282.4 278.6 538.1 105.6 -43.7 0.0
-872.9 -858.6 538.1 -230.2 28.4 0.0
209.8 -419.5 24.1 29.1 -288.5 0.0
313.1 -51.3 201.1 -18.3 30.4 -360.0
-1279.6 278.5 538.1 113.7 -5.5 0.0
-878.7 -857.8 538.1 -232.5 29.9 0.0
210.5 -426.8 24.1 27.8 -291.1 0.0
312.5 -50.5 191.9 -23.9 31.2 -380.0
-1276.8 279.2 538.1 109.2 26.9 0.0
-884.6 -857.1 538.1 -232.3 30.9 0.0
211.2 -434.3 24.1 27.0 -298.7 0.0
311.7 -49.7 182.1 -29.6 32.0 -400.0
-1274.2 280.5 538.1 105.4 54.5 0.0
-890.4 -856.3 538.1 -232.2 31.8 0.0
211.9 -441.9 24.1 26.6 -303.8 0.0
311.0 -48.9 171.9 -29.6 32.0 -420.0
-1271.6 282.5 538.1 102.2 77.9 0.0
-896.2 -855.4 538.1 -232.1 32.5 0.0
212.5 -449.7 24.1 25.8 -311.5 0.0
310.2 -48.1 161.1 -29.6 32.0 -440.0
-1269.2 284.9 538.1 99.4 97.8 0.0
-902.6 -854.5 538.1 -256.9 37.3 0.0
213.1 -457.5 24.1 25.0 -314.0 0.0
309.5 -47.3 149.9 -29.6 32.0 -460.0
-1267.0 285.2 538.1 88.1 9.6 0.0
-909.5 -853.5 538.1 -276.6 41.3 0.0
213.8 -465.4 24.1 24.4 -316.6 0.0
308.8 -46.5 138.1 -29.6 32.0 -480.0
-1265.0 283.5 538.1 76.6 -65.7 0.0
-916.8 -852.4 538.1 -291.5 44.5 0.0
214.3 -473.3 24.1 23.9 -316.6 0.0
308.0 -45.7 125.9 -29.6 32.0 -500.0
-1263.3 280.3 538.1 68.6 -129.5 0.0
-924.3 -851.2 538.1 -298.8 46.0 0.0
214.9 -481.1 30.8 20.8 -311.9 255.0
307.3 -44.9 113.1 -29.6 32.0 -520.0
-1261.8 275.7 538.1 61.4 -183.7 0.0
-931.9 -850.0 538.1 -303.8 47.2 0.0
215.3 -488.8 36.9 17.7 -307.1 235.0
306.5 -44.1 99.9 -29.6 32.0 -540.0
-1260.5 270.0 538.1 51.8 -227.9 0.0
-939.4 -848.9 538.1 -303.7 47.4 0.0
215.7 -496.4 42.5 14.6 -302.4 215.0
305.8 -43.3 86.1 -29.6 32.0 -560.0
-1259.4 263.4 538.1 43.6 -265.6 0.0
-947.0 -847.7 538.1 -303.7 47.7 0.0
216.0 -503.8 47.6 1.3 -346.1 187.8
305.1 -42.5 71.9 -29.6 32.0 -580.0
-1258.5 256.2 538.1 36.7 -287.5 0.0
-954.6 -846.5 538.1 -303.7 47.9 0.0
216.0 -512.5 52.1 1.3 -346.1 167.8
304.3 -41.7 57.1 -29.6 32.0 -600.0
-1257.7 249.0 538.1 30.9 -287.4 0.0
-962.3 -845.2 538.1 -306.1 48.8 0.0
216.0 -521.1 56.0 1.3 -346.1 147.8
303.6 -40.9 41.9 -29.6 32.0 -620.0
-1257.2 244.6 538.1 21.1 -177.1 0.0
-969.9 -844.0 538.1 -306.0 49.2 0.0
216.1 -529.8 59.5 1.3 -346.1 127.8
302.8 -40.1 26.1 -29.6 32.0 -640.0
-1256.9 242.5 538.1 12.7 -83.4 0.0
-977.6 -842.8 538.1 -305.9 49.6 0.0
216.1 -538.4 62.4 -8.0 -395.2 108.4
302.1 -39.3 24.1 -29.6 32.0 0.7
-1256.7 242.4 538.1 5.2 -1.3 0.0
-985.2 -841.5 538.1 -305.9 49.9 0.0
215.9 -548.3 64.9 -8.0 -395.2 88.4
301.6 -38.8 24.1 -19.4 21.0 0.0
-1256.9 244.1 538.1 -5.2 67.2 0.0
-992.9 -840.3 538.1 -308.3 50.9 0.0
215.7 -558.2 66.8 -17.2 -444.3 70.5
301.4 -38.5 24.1 -9.2 10.0 0.0
-1257.1 247.2 538.1 -10.0 123.8 0.0
-1000.6 -839.0 538.1 -308.2 51.3 0.0
215.3 -569.3 68.3 -17.2 -444.3 50.5
301.4 -38.5 24.1 -0.0 0.0 0.0
-1257.5 251.6 538.1 -14.5 176.8 0.0
-1008.3 -837.7 538.1 -308.1 51.7 0.0
214.8 -580.4 69.3 -25.5 -493.5 34.0
302.2 -39.7 24.1 32.4 -45.7 0.0
-1257.9 257.2 538.1 -18.4 221.8 0.0
-1016.0 -836.4 538.1 -308.1 52.1 0.0
214.2 -592.7 70.0 -25.5 -493.5 14.0
303.6 -41.7 24.1 56.1 -79.3 0.0
-1258.5 263.7 538.1 -21.6 260.1 0.0
-1023.7 -835.1 538.1 -308.0 52.8 0.0
213.6 -605.1 70.1 -33.9 -542.7 -2.4
305.6 -44.5 24.1 79.9 -112.8 0.0
-1259.0 270.0 544.8 -21.8 254.5 255.0
-1031.4 -833.7 538.1 -307.9 53.3 0.0
212.7 -618.7 69.7 -33.9 -542.7 -22.4
308.1 -48.0 24.1 100.3 -141.6 0.0
-1259.6 276.3 550.9 -22.0 248.8 235.0
-1039.1 -832.4 538.1 -307.8 53.8 0.0
211.9 -624.9 68.9 -42.5 -48.6 -38.4
311.4 -50.2 24.1 131.2 -88.1 0.0
-1260.1 282.3 556.5 -22.2 243.2 215.0
-1046.8 -831.0 538.1 -307.7 54.3 0.0
211.0 -624.9 67.7 -34.9 0.0 -58.4
315.3 -51.3 24.1 157.4 -42.7 0.0
-1260.7 288.3 561.6 -22.4 237.5 195.0
-1054.3 -828.6 538.1 -299.1 98.3 0.0
210.3 -624.9 66.0 -36.2 -49.1 -74.4
319.8 -51.4 24.1 179.7 -4.1 0.0
-1261.3 294.0 566.2 -22.5 230.4 175.0
-1061.3 -825.6 538.1 -278.0 116.5 0.0
209.6 -624.9 63.9 -29.2 0.0 -94.4
324.8 -50.7 24.1 198.6 28.7 0.0
-1261.8 299.6 570.4 -22.7 223.2 155.0
-1067.7 -822.4 538.1 -258.8 130.3 0.0
209.0 -624.9 61.3 -32.3 -49.1 -112.1
329.8 -51.2 24.1 200.0 -22.1 0.0
-1262.4 305.0 574.0 -22.8 216.0 135.0
-1073.8 -818.8 538.1 -242.5 142.0 0.0
208.3 -624.9 58.2 -26.3 0.0 -132.1
334.8 -52.9 24.1 201.3 -65.4 0.0
-1263.0 310.2 577.1 -22.9 208.8 115.0
-1078.9 -815.8 538.1 -206.2 120.8 0.0
207.8 -624.9 54.7 -20.5 -0.0 -152.1
339.9 -55.4 24.1 202.3 -102.1 0.0
-1263.5 315.3 579.8 -22.9 201.6 95.0
-1083.4 -812.7 538.1 -179.1 125.4 0.0
207.5 -624.9 50.6 -14.1 0.0 -172.1
344.9 -58.8 24.1 203.2 -133.3 0.0
-1264.1 320.1 581.9 -22.9 194.3 75.0
-1087.3 -809.5 538.1 -156.1 129.3 0.0
207.3 -624.9 46.1 -19.0 -48.6 -190.5
349.7 -62.4 24.1 192.3 -145.2 0.0
-1264.7 324.8 583.5 -22.9 187.0 55.0
-1090.7 -806.1 538.1 -136.6 132.6 0.0
207.0 -624.9 41.1 -11.8 0.0 -210.5
354.3 -66.2 24.1 181.0 -152.1 0.0
-1265.3 329.3 584.6 -22.8 179.7 35.0
-1093.3 -802.6 538.1 -100.9 143.2 0.0
206.9 -624.9 35.6 -4.3 -0.0 -230.5
358.6 -70.1 24.1 171.4 -158.0 0.0
-1265.8 333.6 585.2 -22.7 172.4 15.0
-1095.0 -798.8 538.1 -70.6 152.1 0.0
207.0 -624.9 29.5 3.4 0.0 -250.5
362.6 -74.2 24.1 163.3 -162.9 0.0
-1266.4 337.7 585.4 -22.6 165.0 -5.0
-1096.1 -794.8 538.1 -44.8 159.7 0.0
207.3 -624.9 24.1 -2.4 -48.1 0.6
366.5 -78.4 24.1 156.2 -169.6 0.0
-1267.0 341.7 585.0 -22.5 157.7 -25.0
-1096.7 -790.7 538.1 -23.9 164.1 0.0
206.8 -624.0 24.1 -18.4 33.4 0.0
368.9 -82.8 24.1 -0.1 -173.5 0.0
-1267.5 345.4 584.1 -22.4 150.4 -45.0
-1095.5 -786.6 538.1 47.6 162.7 0.0
206.1 -621.9 24.1 -41.6 38.8 0.3
368.9 -87.7 24.1 -0.0 -196.4 0.0
-1268.1 349.0 582.8 -22.2 143.1 -65.0
-1092.8 -782.6 538.1 108.4 161.5 0.0
204.9 -619.5 24.1 -47.4 95.1 0.0
368.9 -93.1 24.1 -0.0 -215.8 0.0
-1268.6 352.4 580.9 -22.1 135.7 -85.0
-1088.8 -778.5 538.1 160.1 160.6 0.0
203.5 -615.8 24.1 -71.6 99.6 -1.6
368.9 -98.9 24.1 -0.0 -232.9 0.0
-1269.2 355.6 578.5 -21.9 128.3 -105.0
-1083.7 -774.5 538.1 204.0 159.7 0.0
201.6 -612.0 24.1 -77.0 150.8 0.0
368.9 -105.0 24.1 -0.0 -241.7 0.0
-1269.7 358.7 575.6 -21.8 121.0 -125.0
-1079.4 -771.2 538.1 173.4 135.8 0.0
199.5 -607.2 24.1 -81.5 194.2 0.0
368.9 -111.0 24.1 -0.0 -243.4 0.0
-1270.3 361.5 572.2 -21.5 113.7 -145.0
-1075.7 -768.3 538.1 147.4 115.4 0.0
197.4 -601.4 24.1 -85.4 231.2 0.0
368.9 -117.1 24.1 -0.0 -243.7 0.0
-1270.8 364.2 568.4 -21.3 106.5 -165.0
-1072.6 -765.8 538.1 125.3 98.1 0.0
195.2 -594.9 24.1 -103.5 211.3 -1.7
368.9 -123.2 30.8 -0.0 -241.2 255.0
-1271.3 366.6 564.0 -21.1 99.2 -185.0
-1069.9 -763.7 538.1 106.5 83.4 0.0
192.6 -588.8 24.1 -102.8 244.7 0.0
368.9 -129.1 36.9 -0.0 -238.7 235.0
-1271.8 368.9 559.1 -20.8 -0.1 -205.0
-1067.8 -761.5 538.1 84.9 88.9 0.0
190.2 -582.5 24.1 -97.4 251.7 0.0
368.9 -135.0 42.5 -0.0 -236.1 215.0
-1272.3 368.7 553.8 -20.5 -7.4 -225.0
-1066.1 -759.2 538.1 66.3 92.9 0.0
187.9 -576.2 24.1 -91.7 253.0 0.0
368.9 -140.9 47.6 -0.0 -233.6 195.0
-1272.9 368.3 547.9 -20.2 -14.7 -245.0
-1064.8 -757.1 538.1 54.5 85.2 0.0
185.7 -569.8 24.1 -86.8 254.1 0.0
368.9 -146.7 52.3 -0.0 -233.6 175.0
-1273.4 367.8 541.5 -19.9 -22.0 -265.0
-1063.6 -755.2 538.1 45.7 74.3 0.0
183.7 -563.6 24.1 -80.6 248.2 0.0
368.9 -151.4 56.4 -0.0 -187.7 156.1
-1273.8 367.0 538.1 -19.6 -29.3 0.3
-1062.9 -753.3 538.1 27.5 75.0 0.0
181.8 -557.4 24.1 -76.5 249.1 0.0
368.9 -156.1 60.1 -0.0 -187.7 136.1
-1273.9 365.5 538.1 -0.8 -61.6 0.0
-1062.6 -751.5 538.1 13.2 73.0 0.0
180.0 -551.2 24.1 -73.1 249.8 0.0
368.9 -160.8 63.2 -0.0 -187.7 116.1
-1273.6 363.2 538.1 10.6 -91.9 0.0
-1062.6 -749.7 538.1 1.6 70.4 0.0
178.2 -544.9 24.1 -70.2 250.4 0.0
368.9 -165.5 65.9 -0.0 -187.7 96.1
-1273.1 360.1 538.1 19.7 -122.3 0.0
-1062.8 -748.0 538.1 -8.5 68.6 0.0
176.6 -538.9 24.1 -65.5 241.2 0.0
368.9 -169.1 68.1 -0.0 -143.1 78.9
-1272.4 356.4 538.1 27.6 -149.3 0.0
-1063.3 -746.4 538.1 -18.9 63.6 0.0
175.0 -532.8 24.1 -63.1 241.7 0.0
368.9 -172.6 69.8 -0.0 -143.1 58.9
-1271.7 352.9 538.1 27.5 -141.4 0.0
-1064.0 -744.9 538.1 -27.8 60.0 0.0
173.5 -526.8 24.1 -61.2 242.1 0.0
368.9 -175.1 71.1 -0.0 -98.5 41.7
-1271.0 349.4 538.1 29.2 -141.0 0.0
-1064.7 -743.4 537.9 -29.1 61.1 -20.0
172.0 -520.7 24.1 -59.5 242.4 0.0
368.7 -177.5 71.9 -27.1 -90.4 21.7
-1270.2 345.8 538.1 30.6 -140.6 0.0
-1065.4 -741.8 537.1 -30.5 62.3 -40.0
170.6 -514.8 24.1 -56.1 235.6 0.0
368.4 -178.6 72.3 -13.2 -43.9 5.4
-1269.4 342.3 538.1 31.8 -140.2 0.0
-1066.2 -740.5 535.9 -28.6 54.8 -60.0
169.2 -508.9 24.1 -54.4 235.9 0.0
368.1 -179.7 72.2 -13.2 -43.9 -14.6
-1268.8 339.4 538.1 27.0 -119.2 0.0
-1066.8 -739.3 534.1 -26.6 47.3 -80.0
167.9 -503.0 24.1 -53.0 236.2 0.0
368.1 -179.6 71.6 0.8 2.6 -30.8
-1268.2 336.8 538.1 23.0 -101.3 0.0
-1067.4 -738.3 531.9 -24.7 39.7 -100.0
166.6 -497.1 24.1 -76.3 193.6 -8.2
368.1 -179.6 70.6 0.8 2.6 -50.8
-1267.7 334.7 538.1 19.5 -86.1 0.0
-1068.0 -737.5 529.1 -22.7 32.1 -120.0
164.7 -491.6 24.1 -75.6 221.5 0.0
368.5 -178.4 69.2 14.6 48.6 -67.1
-1267.3 332.9 538.1 16.2 -71.5 0.0
-1068.5 -736.8 525.9 -21.3 26.9 -140.0
163.0 -486.0 24.1 -70.7 222.6 0.0
368.8 -177.2 67.3 14.6 48.6 -87.1
-1267.0 331.5 538.1 12.9 -56.9 0.0
-1069.0 -736.3 522.1 -20.0 21.8 -160.0
161.3 -480.4 24.1 -66.6 223.3 0.0
368.9 -174.8 64.9 -0.0 94.6 -103.3
-1266.7 330.4 538.1 9.6 -42.2 0.0
-1069.5 -735.9 517.9 -18.7 16.6 -180.0
159.7 -474.8 24.1 -89.3 182.2 -7.6
368.9 -172.4 62.1 -0.0 94.6 -123.3
-1266.6 329.7 538.1 6.3 -27.6 0.0
-1069.9 -735.6 513.1 -17.4 11.4 -200.0
157.6 -469.5 24.1 -84.9 211.4 0.0
368.9 -169.0 58.8 -0.0 135.6 -140.6
-1266.5 329.4 538.1 2.9 -13.0 0.0
-1070.4 -735.3 507.9 -17.0 9.8 -220.0
155.6 -464.0 24.1 -78.5 219.7 0.0
368.9 -165.6 55.1 -0.0 135.6 -160.6
-1266.5 329.4 538.1 0.0 -0.0 0.0
-1070.8 -735.1 502.1 -16.6 8.3 -240.0
153.8 -458.5 24.1 -72.1 220.7 0.0
368.9 -161.2 50.9 -0.0 176.7 -177.9
-1266.5 329.4 538.1 0.0 0.0 0.0
-1071.2 -735.0 495.9 -16.3 6.8 -260.0
152.2 -453.0 24.1 -94.3 180.3 -5.9
368.9 -156.8 46.2 -0.0 176.7 -197.9
-1266.5 329.4 538.1 0.0 0.0 0.0
-1071.6 -734.8 489.1 -15.9 5.3 -280.0
150.0 -447.7 24.1 -86.5 211.5 0.0
368.9 -151.4 41.0 -0.0 217.0 -217.3
-1266.5 329.4 538.1 0.0 0.0 0.0
-1072.0 -734.7 481.9 -15.7 4.7 -300.0
148.0 -442.0 24.1 -78.7 227.1 0.0
368.9 -146.0 35.3 -0.0 217.0 -237.3
-1266.5 329.4 538.1 0.0 0.0 0.0
-1072.4 -734.6 474.1 -15.5 4.1 -320.0
146.3 -436.3 24.1 -70.7 228.0 0.0
368.9 -139.5 29.1 -0.0 257.4 -256.8
-1266.5 329.4 538.1 0.0 0.0 0.0
-1072.8 -734.5 465.9 -15.3 3.5 -340.0
368.9 -133.2 24.1 -0.0 251.9 0.3
-1266.5 329.4 538.1 0.0 0.0 0.0
-1073.1 -734.4 457.1 -15.1 2.9 -360.0
368.9 -129.3 24.1 10.1 158.9 0.0
-1266.5 329.4 538.1 0.0 0.0 0.0
-1073.5 -734.4 447.9 -15.0 2.6 -380.0
368.9 -127.3 24.1 18.6 79.9 0.0
-1266.5 329.4 538.1 0.0 0.0 0.0
-1073.9 -734.3 438.1 -14.9 2.2 -400.0
368.9 -127.0 24.1 25.3 10.2 0.0
-1266.5 329.4 538.1 0.0 0.0 0.0
-1074.3 -734.3 427.9 -14.8 1.8 -420.0
368.9 -128.3 24.1 19.7 -50.9 0.0
-1266.5 329.4 538.1 0.0 0.0 0.0
-1074.6 -734.2 417.1 -14.7 1.5 -440.0
368.9 -130.6 24.1 22.6 -92.3 0.0
-1266.5 329.4 538.1 0.0 0.0 0.0
-1075.0 -734.2 405.9 -14.6 1.3 -460.0
368.9 -133.9 24.1 27.4 -133.2 0.0
-1266.5 329.4 538.1 0.0 0.0 0.0
-1075.3 -734.2 394.1 -14.5 1.0 -480.0
368.9 -138.1 24.1 31.6 -168.6 0.0
-1266.5 329.4 538.1 0.0 0.0 0.0
-1075.7 -734.2 381.9 -14.4 0.8 -500.0
368.9 -143.1 24.1 32.8 -199.1 0.0
-1266.5 329.4 538.1 0.0 0.0 0.0
-1076.1 -734.1 369.1 -14.2 0.6 -520.0
368.9 -148.7 24.1 33.5 -222.0 0.0
-1266.5 329.4 538.1 0.0 0.0 0.0
-1076.4 -734.1 355.9 -14.2 0.4 -540.0
368.9 -154.2 24.1 -0.0 -222.1 0.0
-1266.5 329.4 538.1 0.0 0.0 0.0
-1076.8 -734.1 342.1 -14.1 0.2 -560.0
368.9 -159.8 24.1 -0.0 -225.1 0.0
-1266.5 329.4 538.1 0.0 0.0 0.0
-1077.1 -734.1 327.9 -14.0 0.1 -580.0
368.9 -165.5 30.8 -0.0 -225.7 255.0
-1266.5 329.4 538.1 0.0 0.0 0.0
-1077.5 -734.1 313.1 -13.9 -0.1 -600.0
368.9 -171.1 36.9 0.0 -225.7 235.0
-1266.5 329.4 538.1 0.0 0.0 0.0
-1077.8 -734.1 297.9 -13.8 -0.2 -620.0
368.9 -176.8 42.5 0.0 -225.7 215.0
-1266.4 327.6 538.1 2.5 -72.4 0.0
-1078.2 -734.1 282.1 -13.8 -0.3 -640.0
367.4 -182.0 47.6 -62.2 -207.1 195.0
-1266.3 324.3 538.1 4.7 -132.9 0.0
-1078.5 -734.2 265.9 -13.7 -0.4 -660.0
365.8 -187.1 52.2 -62.2 -207.1 175.0
-1266.2 319.5 538.1 6.7 -190.4 0.0
-1078.8 -734.2 249.1 -13.6 -0.5 -680.0
364.3 -192.3 56.4 -62.2 -207.1 155.0
-1265.9 313.5 538.1 8.5 -241.2 0.0
-1079.2 -734.2 231.9 -13.6 -0.6 -700.0
362.7 -197.5 60.0 -62.2 -207.1 135.0
-1265.7 306.4 538.1 10.1 -284.3 0.0
361.2 -202.7 63.1 -62.2 -207.1 115.0
-1265.4 298.4 538.1 12.1 -317.3 0.0
359.6 -207.8 65.8 -62.2 -207.1 95.0
-1265.1 290.6 538.1 12.3 -312.2 0.0
358.1 -213.0 67.9 -62.2 -207.1 75.0
-1264.8 283.0 538.1 12.2 -304.6 0.0
356.5 -216.9 69.5 -62.2 0.2 55.0
-1264.5 276.5 538.1 10.4 -258.9 0.0
354.9 -216.9 70.6 -62.2 0.2 35.0
-1264.3 271.0 538.1 8.8 -220.1 0.0
353.4 -216.9 71.2 -62.2 0.2 15.0
-1264.1 266.4 538.1 7.5 -187.1 0.0
351.8 -216.9 71.4 -62.2 0.2 -5.0
-1263.9 262.4 538.1 6.4 -159.0 0.0
350.3 -216.9 71.0 -62.2 0.2 -25.0
-1263.8 259.0 538.1 5.4 -135.2 0.0
348.7 -216.8 70.1 -62.2 0.2 -45.0
-1263.7 256.1 538.1 4.6 -114.9 0.0
347.2 -216.8 68.8 -62.2 0.2 -65.0
-1263.6 253.7 538.1 3.9 -97.7 0.0
345.6 -216.8 66.9 -62.2 0.2 -85.0
-1263.5 251.6 538.1 3.3 -82.7 0.0
344.1 -216.8 64.5 -62.2 0.2 -105.0
-1263.4 249.7 538.1 3.0 -75.5 0.0
342.5 -216.8 61.6 -62.2 0.2 -125.0
-1263.4 247.8 538.1 2.6 -75.6 0.0
340.9 -216.8 58.2 -62.2 0.2 -145.0
-1263.3 245.9 538.1 2.5 -78.1 0.0
339.4 -216.8 54.4 -62.2 0.2 -165.0
-1263.3 243.9 538.1 2.4 -78.1 0.0
337.8 -216.8 50.0 -62.2 0.2 -185.0
-1263.2 242.0 538.1 3.0 -78.1 0.0
336.3 -216.8 45.1 -62.2 0.2 -205.0
-1263.1 240.0 538.1 3.5 -78.1 0.0
334.7 -216.8 39.8 -62.2 0.2 -225.0
-1263.0 238.1 537.9 3.5 -78.1 -20.0
333.2 -216.8 33.9 -62.2 0.2 -245.0
-1262.9 236.1 537.1 3.5 -78.1 -40.0
331.6 -216.8 27.5 -62.2 0.2 -265.0
-1262.8 234.4 535.9 3.2 -70.1 -60.0
330.1 -216.8 24.1 -62.2 0.2 0.3
-1262.8 232.8 534.1 2.8 -62.2 -80.0
330.3 -216.7 24.1 8.8 2.2 0.0
-1262.7 231.5 531.9 2.4 -54.3 -100.0
331.7 -216.7 24.1 56.0 2.0 0.0
-1262.6 230.3 529.1 2.1 -46.4 -120.0
334.1 -216.6 24.1 97.1 3.5 0.0
-1262.6 229.3 525.9 1.7 -38.4 -140.0
337.6 -216.5 24.1 138.1 4.9 0.0
-1262.6 228.6 522.1 1.3 -30.5 -160.0
340.5 -217.8 24.1 118.3 -51.9 0.0
-1262.6 228.0 517.9 0.9 -22.6 -180.0
343.1 -220.3 24.1 101.5 -100.2 0.0
-1262.5 227.6 513.1 0.5 -14.6 -200.0
345.2 -223.8 24.1 87.3 -141.2 0.0
-1262.5 227.4 507.9 0.2 -8.5 -220.0
347.1 -228.2 24.1 75.1 -176.1 0.0
-1262.5 227.4 502.1 -0.1 -2.4 -240.0
347.6 -233.5 24.1 17.2 -213.1 0.0
-1262.5 227.5 495.9 -0.3 3.7 -260.0
346.7 -239.7 24.1 -32.6 -244.9 0.0
-1262.6 227.7 489.1 -0.6 9.8 -280.0
344.9 -246.5 24.1 -74.8 -272.1 0.0
-1262.6 228.0 481.9 -0.6 10.8 -300.0
342.1 -253.8 24.1 -110.9 -295.0 0.0
-1262.6 228.3 474.1 -0.6 11.8 -320.0
339.0 -258.4 24.1 -125.4 -183.2 0.0
-1262.6 228.6 465.9 -0.7 12.8 -340.0
335.5 -260.5 24.1 -139.6 -85.0 0.0
-1262.6 228.9 457.1 -0.7 13.8 -360.0
331.7 -260.5 24.1 -151.8 -0.1 0.0
-1262.6 229.3 447.9 -0.7 13.8 -380.0
327.6 -258.7 24.1 -161.7 72.3 0.0
-1262.7 229.6 438.1 -0.7 13.8 -400.0
323.6 -255.3 24.1 -160.2 137.5 0.0
-1262.7 230.0 427.9 -0.7 13.8 -420.0
319.7 -250.5 24.1 -157.9 190.6 0.0
-1262.7 230.3 417.1 -0.7 13.8 -440.0
315.8 -244.7 24.1 -154.9 231.4 0.0
-1262.7 230.7 405.9 -0.7 13.8 -460.0
312.2 -238.9 24.1 -142.7 233.1 0.0
-1262.7 231.0 394.1 -0.7 13.8 -480.0
309.0 -233.1 24.1 -128.3 234.6 0.0
-1262.7 231.4 381.9 -0.7 13.8 -500.0
306.2 -227.8 24.1 -111.5 211.8 0.0
-1262.8 231.7 369.1 -0.7 13.8 -520.0
303.6 -221.7 24.1 -107.4 244.3 0.0
-1262.8 232.0 355.9 -0.7 13.8 -540.0
301.0 -214.8 24.1 -103.9 272.4 0.0
-1262.8 232.4 342.1 -0.7 13.8 -560.0
298.6 -207.7 24.1 -93.7 287.1 0.0
-1262.8 232.7 327.9 -0.7 13.8 -580.0
296.5 -200.1 24.1 -85.4 303.1 0.0
-1262.8 233.1 313.1 -0.7 13.8 -600.0
294.5 -192.3 24.1 -77.7 311.5 0.0
-1262.8 233.4 297.9 -0.7 13.8 -620.0
292.8 -184.5 24.1 -70.7 312.1 0.0
-1262.9 233.8 282.1 -0.7 13.8 -640.0
291.4 -176.5 24.1 -56.4 321.8 0.0
-1262.9 234.1 265.9 -0.7 13.8 -660.0
290.2 -168.4 24.1 -45.1 320.7 0.0
-1262.9 234.5 249.1 -0.7 13.8 -680.0
289.4 -160.4 24.1 -35.3 320.4 0.0
-1262.9 234.8 231.9 -0.7 13.8 -700.0
288.7 -152.4 24.1 -27.2 319.6 0.0
-1262.9 235.2 214.1 -0.7 13.8 -720.0
289.2 -144.5 24.1 19.6 315.4 0.0
-1263.0 235.5 195.9 -0.7 13.8 -740.0
290.5 -136.9 24.1 55.1 306.9 0.0
-1263.0 235.8 177.1 -0.7 13.8 -760.0
292.6 -129.5 24.1 82.2 297.0 0.0
-1263.0 236.2 157.9 -0.7 13.8 -780.0
295.3 -122.2 24.1 107.6 290.5 0.0
-1263.0 236.5 138.1 -0.7 13.8 -800.0
296.2 -115.0 24.1 36.7 289.4 0.0
-1263.0 236.9 117.9 -0.7 13.8 -820.0
295.6 -107.7 24.1 -25.5 290.1 0.0
-1263.0 237.2 97.1 -0.7 13.8 -840.0
293.6 -100.4 24.1 -80.3 292.2 0.0
-1263.1 237.6 75.9 -0.7 13.8 -860.0
290.4 -93.0 24.1 -128.1 294.6 0.0
-1263.1 237.9 54.1 -0.7 13.8 -880.0
286.0 -85.8 24.1 -172.5 287.7 0.0
-1263.1 238.3 31.9 -0.7 13.8 -900.0
281.3 -79.1 24.1 -189.0 269.6 0.0
-1263.1 238.6 24.1 -0.7 13.8 0.9
276.3 -72.8 24.1 -202.0 253.4 0.0
-1264.2 237.0 24.1 -44.5 -65.8 0.0
270.9 -66.8 24.1 -212.9 239.6 0.0
-1266.2 234.0 24.1 -80.6 -118.3 0.0
265.4 -61.2 24.1 -220.7 221.5 0.0
-1269.0 229.9 24.1 -112.3 -164.4 0.0
888.0 -768.0 419.0 0.0 0.0 0.0
259.7 -56.1 24.1 -227.4 206.4 0.0
-1272.5 224.8 24.1 -138.3 -202.8 0.0
888.0 -768.0 412.8 0.0 0.0 -100.0
254.0 -51.3 24.1 -230.9 192.5 0.0
-1276.5 219.0 24.1 -160.4 -234.7 0.0
888.0 -768.0 410.1 0.0 0.0 0.1
248.2 -46.8 24.1 -231.5 179.4 0.0
-1280.8 212.7 24.1 -170.7 -249.6 0.0
888.0 -768.0 410.1 0.0 0.0 0.0
242.5 -42.7 24.1 -225.8 162.8 0.0
-1285.0 206.5 24.1 -170.9 -249.4 0.0
888.0 -768.0 410.1 0.0 0.0 0.0
237.0 -39.0 24.1 -222.7 149.2 0.0
-1289.3 200.2 24.1 -170.8 -249.5 0.0
888.0 -768.0 410.1 0.0 0.0 0.0
231.5 -35.6 24.1 -218.9 137.2 0.0
-1293.4 194.3 24.1 -164.0 -238.9 0.0
888.0 -768.0 410.1 0.0 0.0 0.0
226.1 -32.4 24.1 -214.5 126.6 0.0
-1297.4 188.4 24.1 -161.3 -234.6 0.0
888.0 -768.0 410.1 0.0 0.0 0.0
220.8 -29.5 24.1 -212.8 115.2 0.0
-1301.5 182.5 24.1 -161.6 -234.4 0.0
888.6 -766.1 410.1 23.7 74.4 0.0
215.3 -26.8 24.1 -222.1 108.4 0.0
-1305.5 176.7 24.1 -161.8 -234.3 0.0
889.6 -762.8 410.1 42.2 132.1 0.0
209.5 -24.2 24.1 -231.5 102.7 0.0
-1309.2 171.4 24.1 -148.5 -213.3 0.0
891.1 -758.3 410.1 56.9 179.7 0.0
203.5 -21.8 24.1 -238.0 97.5 0.0
-1312.8 166.3 24.1 -140.7 -200.1 0.0
892.8 -753.0 410.1 67.5 214.0 0.0
196.9 -19.5 24.1 -266.8 92.2 0.0
-1316.3 161.4 24.1 -142.1 -199.1 0.0
894.5 -747.6 410.1 68.2 216.3 0.0
190.1 -17.4 24.1 -270.4 84.6 0.0
-1319.9 156.4 24.1 -144.8 -200.2 0.0
896.4 -741.4 410.1 77.0 245.9 0.0
183.3 -15.4 24.1 -273.8 78.3 0.0
-1323.4 151.7 24.1 -137.0 -187.3 0.0
898.5 -734.6 410.1 84.7 271.8 0.0
176.4 -13.6 24.1 -274.6 72.7 0.0
-1327.0 146.8 24.1 -146.6 -195.9 0.0
900.8 -727.4 410.1 90.6 291.1 0.0
172.4 -11.3 24.1 -160.3 92.8 0.0
-1330.7 141.9 24.1 -147.9 -194.8 0.0
902.9 -720.5 410.1 85.3 274.3 0.0
170.8 -8.5 24.1 -63.2 109.8 0.0
-1334.4 137.1 24.1 -147.3 -192.0 0.0
905.1 -713.5 410.1 87.2 279.0 0.0
171.3 -5.4 24.1 19.3 124.5 0.0
-1338.7 131.8 24.1 -172.3 -213.1 0.0
907.2 -706.7 410.1 85.8 274.1 0.0
173.5 -2.0 24.1 89.4 136.9 0.0
-1343.2 126.4 32.1 -180.7 -217.5 0.0
-848.0 -832.0 293.0 0.0 0.0 0.0
909.3 -700.0 410.1 83.5 266.9 0.0
176.0 2.2 24.1 99.4 168.7 0.0
-1347.8 121.0 32.1 -182.7 -215.6 0.0
-848.0 -832.0 286.8 0.0 0.0 -100.0
911.1 -694.3 410.1 71.0 226.9 0.0
178.7 7.1 24.1 107.6 194.5 0.0
-1352.4 115.6 32.1 -184.4 -214.0 0.0
-848.0 -832.0 284.0 0.0 0.0 -120.0
912.6 -689.5 410.1 60.4 192.8 0.0
181.4 12.2 24.1 108.3 202.6 0.0
-1355.1 109.6 40.1 -106.8 -239.5 0.0
-848.0 -832.0 282.1 0.0 0.0 0.1
913.9 -685.2 410.1 53.4 170.7 0.0
184.1 17.3 24.1 107.2 206.0 0.0
-1356.1 103.1 40.1 -40.1 -262.2 0.0
-848.0 -832.0 282.1 0.0 0.0 0.0
915.3 -681.0 410.1 53.5 170.7 0.0
186.6 22.5 24.1 102.6 206.6 0.0
-1355.7 96.0 40.1 16.7 -281.4 0.0
-848.0 -832.0 282.1 0.0 0.0 0.0
916.4 -677.4 410.1 45.5 145.1 0.0
189.1 27.5 24.1 97.3 203.3 0.0
-1354.0 88.6 48.1 64.9 -297.8 0.0
-849.5 -832.0 282.1 -59.8 0.0 0.0
917.4 -674.3 410.1 38.7 123.3 0.0
191.5 32.8 24.1 96.8 211.4 0.0
-1351.0 83.3 48.1 121.9 -210.0 0.0
-852.1 -832.0 282.1 -105.3 -0.3 0.0
918.3 -671.2 410.1 38.5 122.6 0.0
193.9 38.3 24.1 95.9 217.2 0.0
-1346.8 79.9 48.1 169.7 -135.7 0.0
-856.0 -832.0 282.1 -153.8 -0.3 0.0
919.3 -668.1 410.1 39.2 125.0 0.0
195.3 44.7 24.1 56.6 258.6 0.0
-1341.6 78.1 56.1 208.0 -73.7 0.0
-860.9 -832.0 282.1 -196.2 -0.2 0.0
918.9 -666.9 410.1 -17.1 49.1 0.0
195.9 52.1 24.1 23.6 293.3 0.0
-1335.6 77.5 56.1 236.4 -23.7 0.0
-866.7 -832.0 282.1 -231.7 -0.0 0.0
917.4 -667.3 410.1 -59.4 -19.2 0.0
195.8 60.1 24.1 -4.0 322.3 0.0
-1332.1 78.2 56.1 140.5 26.4 0.0
-872.9 -832.0 282.1 -249.4 0.1 0.0
915.2 -668.9 410.1 -88.3 -63.0 0.0
195.4 68.0 24.1 -17.3 315.6 0.0
-1330.6 79.8 56.1 62.7 66.4 0.0
-878.7 -832.0 282.1 -231.8 0.0 0.0
912.4 -671.3 410.1 -113.0 -96.5 0.0
194.3 76.2 24.1 -41.8 325.7 0.0
-1329.1 81.6 55.9 57.5 70.4 -20.0
-884.8 -832.0 282.1 -244.4 0.3 0.0
909.0 -674.6 410.1 -136.2 -129.7 0.0
193.0 84.1 24.1 -54.7 317.2 0.0
-1327.8 83.4 55.1 52.9 74.0 -40.0
-891.5 -832.0 282.1 -267.1 0.5 0.0
905.0 -678.6 410.1 -160.3 -163.3 0.0
191.3 91.9 24.1 -66.8 311.8 0.0
-1326.6 85.4 53.9 48.0 77.5 -60.0
-898.7 -832.0 282.1 -287.2 0.3 0.0
900.3 -683.5 410.1 -184.6 -196.2 0.0
189.4 99.5 24.1 -75.8 304.6 0.0
-1325.5 87.4 52.1 42.4 81.6 -80.0
-906.3 -832.0 282.1 -304.9 0.5 0.0
895.2 -689.2 410.1 -207.6 -226.2 0.0
186.5 107.5 24.1 -114.1 318.4 0.0
-1324.6 89.6 49.9 36.4 85.9 -100.0
-914.1 -832.0 282.1 -312.4 0.7 0.0
889.8 -695.1 410.1 -212.5 -236.4 0.0
183.3 115.1 24.1 -128.3 307.5 0.0
-1323.9 91.8 48.1 30.1 90.5 0.1
-922.0 -831.9 281.9 -317.5 0.6 -20.0
884.6 -701.1 410.1 -210.5 -238.1 0.0
179.8 122.6 24.1 -139.5 297.6 0.0
-1324.9 94.0 48.1 -42.3 87.5 0.0
-930.0 -831.9 281.1 -317.6 0.6 -40.0
879.5 -706.9 410.1 -202.6 -231.5 0.0
176.1 129.8 24.1 -149.4 289.4 0.0
-1327.6 96.2 48.1 -108.5 86.0 0.0
-937.9 -831.9 279.9 -317.6 0.6 -60.0
874.7 -712.4 410.1 -191.8 -220.8 0.0
171.3 135.2 24.1 -194.0 213.8 0.0
-1330.5 98.3 47.9 -116.0 87.2 -20.0
-945.9 -831.9 278.1 -317.6 0.6 -80.0
870.3 -717.5 410.1 -176.2 -204.5 0.0
165.5 138.9 24.1 -231.4 150.0 0.0
-1333.6 100.6 47.1 -123.7 88.5 -40.0
-953.6 -831.9 275.9 -309.9 0.6 -100.0
866.4 -722.1 410.1 -157.6 -183.8 0.0
158.9 141.3 24.1 -263.1 95.5 0.0
-1336.9 102.9 45.9 -128.8 93.6 -60.0
-961.2 -831.9 273.1 -302.1 0.6 -120.0
862.4 -726.7 410.1 -158.1 -186.5 0.0
151.7 142.5 24.1 -289.4 49.4 0.0
-1340.2 105.4 44.1 -133.8 98.8 -80.0
-968.5 -831.9 269.9 -294.4 0.7 -140.0
858.1 -732.0 410.1 -174.4 -209.0 0.0
145.1 145.2 24.1 -262.6 105.4 0.0
-1343.7 108.0 41.9 -139.0 104.0 -100.0
-975.7 -831.8 266.1 -286.6 0.7 -160.0
853.4 -737.6 410.1 -185.1 -226.5 0.0
139.1 149.0 24.1 -239.9 153.0 0.0
-1347.3 110.7 40.1 -144.2 109.3 0.1
-982.7 -831.8 261.9 -278.8 0.6 -180.0
848.6 -743.7 410.1 -194.6 -241.4 0.0
133.6 153.8 24.1 -220.5 193.4 0.0
-1349.3 114.7 40.1 -81.2 160.7 0.0
-989.4 -831.8 257.1 -270.9 0.6 -200.0
843.7 -749.8 410.1 -196.4 -246.4 0.0
128.5 159.3 24.1 -202.1 220.4 0.0
-1351.2 118.9 39.9 -77.0 167.4 -20.0
-996.0 -831.8 251.9 -262.9 0.7 -220.0
838.7 -756.1 410.1 -197.0 -249.1 0.0
124.2 164.3 24.1 -174.0 197.8 0.0
-1353.1 123.2 39.1 -72.8 174.1 -40.0
-1002.4 -831.8 246.1 -255.0 0.6 -240.0
833.9 -762.4 410.1 -194.2 -252.3 0.0
120.2 170.0 24.1 -161.4 230.8 0.0
-1354.8 127.8 37.9 -68.7 180.6 -60.0
-1008.6 -831.8 239.9 -247.1 0.6 -260.0
829.1 -768.7 416.1 -189.9 -252.0 0.0
116.4 176.6 24.1 -150.7 262.4 0.0
-1356.4 132.1 36.1 -64.4 174.0 -80.0
-1014.5 -831.7 233.1 -239.4 0.5 -280.0
824.5 -774.9 416.1 -186.0 -251.6 0.0
112.9 183.7 24.1 -140.4 282.1 0.0
-1357.9 136.3 33.9 -60.0 167.3 -100.0
-1020.3 -831.7 225.9 -232.1 0.5 -300.0
820.0 -781.1 416.1 -179.7 -246.7 0.0
109.7 189.9 24.1 -126.2 250.9 0.0
-1359.3 140.3 31.1 -55.7 160.7 -120.0
-1026.0 -831.7 218.1 -225.3 0.5 -320.0
815.5 -784.5 416.1 -181.1 -136.9 0.0
106.5 196.2 24.1 -129.4 248.9 0.0
-1360.6 144.2 27.9 -51.4 154.0 -140.0
-1031.6 -831.6 216.1 -226.8 6.4 0.3
810.9 -785.6 424.1 -183.1 -42.6 0.0
103.2 202.3 24.1 -132.2 247.2 0.0
-1361.7 148.1 24.1 -45.1 158.5 -160.0
-1036.8 -829.9 216.1 -207.1 66.8 0.0
806.3 -784.7 424.1 -184.0 37.9 0.0
99.8 208.5 24.1 -134.5 245.7 0.0
-1361.1 152.6 24.1 23.5 179.3 0.1
-1041.6 -826.9 216.1 -191.0 118.6 0.0
801.7 -782.0 424.1 -184.3 105.2 0.0
96.7 213.9 24.1 -125.7 218.0 0.0
-1359.1 157.5 24.1 81.1 196.8 0.0
-1046.0 -822.9 216.1 -176.3 160.9 0.0
797.4 -777.9 432.1 -172.0 166.6 0.0
93.3 219.1 24.1 -134.3 207.2 0.0
-1355.8 162.8 24.1 129.6 211.3 0.0
-1051.5 -819.3 216.1 -220.0 144.4 0.0
793.4 -772.4 432.1 -161.1 217.1 0.0
89.8 224.1 24.1 -141.6 198.1 0.0
-1351.3 168.1 24.1 180.8 213.0 0.0
-1058.0 -816.0 216.1 -259.7 130.4 0.0
789.6 -766.0 432.1 -151.4 257.4 0.0
86.1 228.8 24.1 -147.8 190.4 0.0
-1345.7 173.5 24.1 224.3 214.4 0.0
-1065.3 -813.1 216.1 -293.7 118.8 0.0
786.1 -759.3 432.1 -138.3 268.4 0.0
81.0 233.0 24.1 -204.1 168.3 0.0
-1339.5 178.7 24.1 246.8 208.9 0.0
-1072.9 -810.4 216.1 -302.8 106.7 0.0
782.1 -755.1 440.1 -160.7 166.0 0.0
74.7 236.8 24.1 -252.0 149.6 0.0
-1333.2 183.7 24.1 252.2 197.6 0.0
-1080.9 -808.5 216.1 -321.3 76.6 0.0
777.6 -753.2 440.1 -180.2 78.6 0.0
67.4 240.1 24.1 -292.6 133.6 0.0
-1326.1 188.2 24.1 284.8 183.4 0.0
-1089.2 -807.2 216.1 -328.8 52.9 0.0
772.7 -753.1 440.1 -197.1 4.5 0.0
59.7 243.1 24.1 -306.2 118.3 0.0
-1318.9 192.4 24.1 288.5 166.1 0.0
-1097.5 -806.3 216.1 -332.3 33.5 0.0
767.4 -754.5 440.1 -211.3 -58.5 0.0
53.2 245.6 24.1 -260.3 100.6 0.0
-1311.6 196.2 24.1 291.4 151.5 0.0
-1105.7 -805.9 216.1 -329.0 18.2 0.0
762.8 -757.7 448.1 -182.8 -127.2 0.0
47.6 247.8 24.1 -224.7 88.6 0.0
-1304.3 199.7 24.1 294.4 139.1 0.0
-1112.7 -805.5 216.1 -279.7 15.5 0.0
758.9 -762.4 448.1 -158.6 -186.1 0.0
42.2 250.2 24.1 -216.4 97.9 0.0
-1296.7 201.5 24.1 303.2 74.6 0.0
-1118.6 -805.2 216.1 -237.7 13.2 0.0
755.4 -768.3 448.1 -137.8 -236.9 0.0
36.9 252.9 24.1 -209.4 105.9 0.0
-1288.9 202.0 24.1 311.7 19.0 0.0
-1123.7 -804.9 216.1 -202.0 11.2 0.0
752.4 -775.3 448.1 -120.2 -280.7 0.0
31.7 255.9 24.1 -211.3 122.3 0.0
-1280.9 201.3 24.1 319.6 -28.5 0.0
-1128.2 -804.8 216.1 -180.4 3.5 0.0
748.9 -780.2 456.1 -140.3 -194.9 0.0
26.5 259.2 24.1 -205.1 128.7 0.0
-1273.0 199.8 24.1 317.4 -61.7 0.0
-1130.3 -805.5 216.1 -84.7 -30.2 0.0
744.9 -783.2 456.1 -159.3 -120.4 0.0
21.5 262.5 24.1 -199.9 134.1 0.0
-1265.2 198.6 24.1 311.0 -47.1 0.0
-1130.3 -807.0 216.1 0.1 -59.8 0.0
740.5 -784.6 456.1 -177.1 -55.1 0.0
16.6 266.0 24.1 -195.4 138.7 0.0
-1257.5 197.7 24.1 309.4 -34.1 0.0
-1128.5 -809.0 216.1 71.6 -79.3 0.0
735.7 -784.5 456.1 -193.5 2.6 0.0
10.6 269.2 24.1 -242.7 129.5 0.0
-1249.8 197.1 24.1 305.3 -23.6 0.0
-1125.2 -811.5 216.1 132.0 -101.1 0.0
731.4 -782.5 464.1 -168.2 81.5 0.0
3.5 272.3 24.1 -282.9 121.6 0.0
-1242.2 196.8 24.1 304.0 -14.5 0.0
-1123.5 -812.6 216.1 67.6 -41.5 0.0
727.8 -778.7 464.1 -147.0 148.5 0.0
-3.9 275.1 24.1 -296.6 111.8 0.0
-1234.4 196.8 24.1 314.7 0.1 0.0
-1123.2 -812.3 216.1 11.4 9.4 0.0
724.6 -773.6 464.1 -128.5 204.9 0.0
-11.4 277.6 24.1 -298.1 101.9 0.0
-1226.6 197.0 24.1 310.0 9.3 0.0
-1124.4 -811.2 216.1 -46.3 46.3 0.0
721.7 -767.3 464.1 -112.9 252.8 0.0
-17.7 279.8 24.1 -253.4 86.7 0.0
-1218.9 197.4 24.1 308.1 17.5 0.0
-1126.6 -809.0 216.1 -86.5 86.5 0.0
717.4 -762.1 472.1 -175.0 207.6 0.0
-23.6 282.0 24.1 -236.2 88.0 0.0
-1211.2 198.1 24.1 306.7 24.7 0.0
-1126.5 -807.8 216.1 1.7 48.1 0.0
711.7 -757.9 472.1 -227.8 169.1 0.0
-29.4 284.4 24.1 -230.9 95.6 0.0
-1203.3 199.1 24.1 316.5 40.0 0.0
-1124.6 -807.6 216.1 76.3 7.6 0.0
704.9 -754.5 472.1 -272.6 136.4 0.0
-35.0 286.9 24.1 -226.5 102.1 0.0
-1195.5 200.3 24.1 313.3 49.1 0.0
-1121.2 -808.1 216.1 136.7 -18.9 0.0
697.1 -751.8 480.1 -310.7 108.3 0.0
-40.4 289.6 24.1 -214.9 106.3 0.0
-1187.7 201.7 24.1 313.0 57.6 0.0
-1116.4 -809.1 216.1 190.9 -41.1 0.0
689.7 -750.8 480.1 -296.6 40.3 0.0
-45.6 292.4 24.1 -208.9 113.3 0.0
-1179.9 203.3 24.1 310.9 64.3 0.0
-1110.9 -810.9 216.1 221.7 -69.2 0.0
682.6 -751.2 488.1 -284.7 -18.2 0.0
-50.7 295.4 24.1 -203.7 119.2 0.0
-1171.9 205.7 24.1 320.4 96.0 0.0
-1105.0 -813.0 216.1 235.5 -86.2 0.0
675.7 -752.9 488.1 -274.8 -67.8 0.0
-55.7 298.5 24.1 -199.3 124.2 0.0
-1164.1 208.5 24.1 310.4 109.7 0.0
-1099.4 -815.2 216.1 223.5 -86.8 0.0
669.0 -755.7 496.1 -266.5 -109.8 0.0
-61.0 302.4 24.1 -211.7 158.1 0.0
-1159.3 212.3 24.1 54.6 192.0 0.0
-1093.2 -817.9 216.1 246.8 -107.0 0.0
662.7 -758.5 496.1 -251.0 -114.7 0.0
-66.3 306.8 24.1 -212.6 175.0 0.0
-1157.7 217.9 24.1 63.7 223.1 0.0
-1086.4 -818.9 216.1 272.8 -42.7 0.0
656.7 -761.6 496.1 -243.3 -123.7 0.0
-71.5 311.3 24.1 -206.1 180.3 0.0
-1156.1 223.4 24.1 63.7 222.9 0.0
-1079.1 -818.6 216.1 294.2 11.9 0.0
650.8 -764.9 504.1 -236.6 -131.0 0.0
-76.5 315.9 24.1 -200.5 184.7 0.0
-1154.6 229.1 24.1 63.4 225.6 0.0
-1071.3 -817.2 216.1 310.2 56.9 0.0
645.0 -768.3 504.1 -231.1 -137.6 0.0
-82.7 320.0 24.1 -247.6 164.0 0.0
-1152.9 234.8 24.1 64.9 227.8 0.0
-1063.7 -815.3 216.1 302.5 78.3 0.0
638.1 -771.2 512.1 -275.2 -114.9 0.0
-89.9 323.7 24.1 -287.6 146.3 0.0
-1151.3 240.6 24.1 66.8 232.5 0.0
-1056.3 -811.9 216.1 298.3 132.2 0.0
630.3 -773.6 512.1 -312.6 -95.9 0.0
-97.3 326.9 24.1 -299.6 129.3 0.0
-1149.1 243.7 24.1 85.7 123.7 0.0
-1049.1 -807.8 216.1 286.6 164.6 0.0
622.3 -775.6 520.1 -317.3 -80.1 0.0
-104.9 329.8 24.1 -300.9 114.1 0.0
-1146.6 244.5 24.1 101.5 31.1 0.0
-1042.7 -803.9 216.1 255.1 158.4 0.0
614.4 -777.3 520.1 -316.8 -66.8 0.0
-112.7 331.2 24.1 -314.5 56.8 0.0
-1143.7 243.3 24.1 114.6 -47.7 0.0
-1037.2 -800.3 216.1 222.2 143.1 0.0
606.6 -777.4 528.1 -312.2 -4.0 0.0
-120.9 331.4 24.1 -326.1 8.0 0.0
-1141.2 241.0 24.1 5.2 5.5 0.0
-1030.6 -797.2 216.1 265.1 123.6 0.0
598.9 -776.1 528.1 -308.3 49.4 0.0
-129.0 330.7 24.1 -326.6 -27.0 0.0
-1139.9 242.3 24.1 50.8 50.8 0.0
-1023.4 -794.5 216.1 285.3 106.2 0.0
591.3 -773.8 528.1 -304.9 94.8 0.0
-136.9 329.5 24.1 -312.8 -47.0 0.0
-1137.6 244.5 24.1 90.5 90.5 0.0
-1016.7 -792.3 224.1 267.6 90.8 0.0
584.1 -770.8 538.1 -288.4 116.8 0.0
-144.0 326.8 24.1 -284.9 -110.5 0.0
-1134.5 247.7 24.1 126.8 126.8 0.0
-1010.5 -790.3 224.1 250.6 77.6 0.0
576.0 -768.8 538.1 -322.8 82.8 0.0
-150.5 322.7 24.1 -261.2 -164.5 0.0
-1130.5 251.6 24.1 157.2 157.2 0.0
-1004.8 -790.4 232.1 226.6 -1.3 0.0
567.6 -767.4 538.1 -337.0 56.8 0.0
-156.5 317.4 24.1 -241.1 -210.4 0.0
-1126.6 255.6 30.8 157.5 157.5 255.0
-999.7 -792.0 232.1 205.9 -67.2 0.0
559.3 -766.4 538.1 -333.4 38.0 0.0
-162.1 311.3 24.1 -222.2 -242.8 0.0
-1122.7 259.5 36.9 157.8 157.8 235.0
-995.0 -795.1 232.1 188.5 -123.1 0.0
551.0 -765.8 538.1 -329.6 22.3 0.0
-168.7 306.4 24.1 -265.9 -198.1 0.0
-1118.6 263.4 42.5 162.1 154.2 215.0
-990.6 -799.4 240.1 173.6 -171.4 0.0
542.7 -766.0 538.1 -334.4 -5.3 0.0
-176.3 302.4 24.1 -303.0 -160.0 0.0
-1114.4 267.1 47.6 166.4 150.5 195.0
-985.9 -804.7 240.1 190.2 -211.9 0.0
534.5 -766.5 538.1 -325.8 -22.8 0.0
-184.5 299.2 24.1 -325.6 -128.7 0.0
-1110.3 270.9 52.3 166.4 150.5 175.0
-980.8 -810.9 240.1 204.1 -246.3 0.0
526.5 -767.5 538.1 -321.5 -39.0 0.0
-191.7 296.7 24.1 -290.2 -98.0 0.0
-1106.1 274.7 56.4 166.4 150.5 155.0
-975.8 -817.1 240.1 199.2 -249.4 0.0
518.6 -768.8 538.1 -316.0 -52.1 0.0
-199.0 294.3 30.8 -290.2 -98.0 255.0
-1102.0 278.4 60.0 166.4 150.5 135.0
-970.9 -823.4 248.1 195.1 -251.9 0.0
511.1 -770.7 538.1 -300.2 -75.3 0.0
-206.2 291.8 36.9 -290.2 -98.0 235.0
-1097.8 282.2 63.1 166.4 150.5 115.0
-966.0 -829.0 248.1 194.9 -222.1 0.0
503.9 -773.0 538.1 -285.2 -93.0 0.0
-213.5 289.4 42.5 -290.2 -98.0 215.0
-1093.6 285.9 65.8 166.4 150.5 95.0
-961.0 -833.9 248.1 201.7 -198.7 0.0
497.1 -775.8 538.1 -273.2 -108.9 0.0
-220.7 286.9 47.6 -290.2 -98.0 195.0
-1089.5 289.7 67.9 166.4 150.5 75.0
-955.7 -838.4 256.1 209.3 -179.3 0.0
490.6 -778.8 538.1 -261.7 -121.3 0.0
-228.1 284.6 52.3 -293.6 -92.5 175.0
-1085.3 293.5 69.5 166.4 150.5 55.0
-950.3 -842.5 256.1 219.1 -163.7 0.0
483.0 -781.4 538.1 -300.5 -104.9 0.0
-235.5 282.4 56.4 -297.0 -86.9 155.0
-1081.2 297.2 70.6 166.4 150.5 35.0
-944.7 -844.4 256.1 222.8 -74.4 0.0
475.3 -783.7 538.1 -311.1 -90.0 0.0
-240.9 280.4 60.0 0.3 -81.4 135.0
-1077.0 301.0 71.3 166.4 150.5 15.0
-939.0 -844.3 264.1 226.5 2.6 0.0
467.5 -785.6 538.1 -311.2 -77.3 0.0
-240.9 278.5 63.1 0.0 -75.8 115.0
-1072.8 304.8 71.4 166.4 150.5 -5.0
-933.3 -842.5 264.1 230.7 69.6 0.0
459.7 -787.3 538.1 -313.6 -66.8 0.0
-240.9 276.8 65.8 0.0 -67.9 95.0
-1068.7 308.5 71.0 166.4 150.5 -25.0
-927.4 -839.4 264.1 234.6 127.1 0.0
451.9 -788.9 538.1 -311.1 -64.2 0.0
-240.9 275.3 67.9 0.0 -60.0 75.0
-1064.5 312.3 70.1 166.4 150.5 -45.0
-921.3 -835.1 272.1 246.2 172.2 0.0
444.1 -790.4 538.1 -311.5 -62.3 0.0
-240.9 274.0 69.5 0.0 -52.0 55.0
-1060.4 316.0 68.8 166.4 150.5 -65.0
-914.9 -829.9 272.1 254.1 207.4 0.0
436.3 -791.9 538.1 -311.8 -60.7 0.0
-240.9 272.9 70.6 0.0 -44.1 35.0
-1056.2 319.8 66.9 166.4 150.5 -85.0
-908.8 -824.6 282.1 242.6 213.1 0.0
428.5 -793.4 538.1 -312.0 -59.2 0.0
-240.9 272.0 71.3 0.0 -36.2 15.0
-1052.0 323.6 64.5 166.4 150.5 -105.0
-903.0 -819.1 282.1 232.5 217.3 0.0
420.7 -794.9 538.1 -311.7 -60.6 0.0
-240.9 271.3 71.4 -0.0 -28.2 -5.0
-1047.9 327.3 61.6 166.4 150.5 -125.0
-898.1 -814.5 282.1 197.6 184.7 0.0
412.9 -796.5 538.1 -311.5 -61.5 0.0
-240.9 271.1 71.0 -0.0 0.0 -25.0
-1043.7 331.1 58.3 166.4 150.5 -145.0
-893.7 -810.5 282.1 173.2 159.6 0.0
405.1 -798.0 538.1 -311.3 -62.3 0.0
-240.9 271.3 70.1 0.0 8.0 -45.0
-1039.6 334.9 54.4 166.4 150.5 -165.0
-889.1 -806.6 282.1 186.5 155.7 0.0
397.3 -799.6 538.1 -311.2 -62.9 0.0
-240.9 271.7 68.8 0.0 15.9 -65.0
-1035.4 338.6 50.0 166.4 150.5 -185.0
-884.1 -802.8 282.1 199.2 153.0 0.0
389.6 -801.2 538.1 -311.1 -63.6 0.0
-240.9 272.3 66.9 0.0 23.8 -85.0
-1031.2 342.4 45.1 166.4 150.5 -205.0
-878.3 -798.9 282.1 232.3 154.2 0.0
381.8 -802.8 538.1 -310.9 -64.2 0.0
-240.9 273.1 64.5 0.0 31.8 -105.0
-1027.1 346.1 39.8 56.7 157.9 -227.3
-872.3 -795.3 282.1 240.5 147.4 0.0
374.0 -804.4 538.1 -310.8 -64.8 0.0
-240.9 274.1 61.6 0.0 39.7 -125.0
-1025.7 350.1 33.8 56.7 157.9 -247.3
-866.1 -791.7 282.1 247.8 141.9 0.0
366.3 -806.1 538.1 -310.7 -65.4 0.0
-240.9 275.3 58.3 0.0 47.6 -145.0
-1024.2 354.0 27.4 56.7 157.9 -267.3
-859.8 -788.3 282.1 252.5 136.7 0.0
358.5 -807.7 538.1 -310.6 -66.0 0.0
-240.9 276.7 54.4 0.0 55.6 -165.0
-1022.8 358.0 24.1 56.7 157.9 0.3
-852.6 -785.0 282.1 288.3 130.0 0.0
350.7 -809.4 538.1 -310.4 -66.8 0.0
-240.9 278.3 50.0 0.0 63.5 -185.0
-1020.5 362.2 24.1 91.7 169.5 0.0
-845.3 -782.1 282.1 290.1 119.2 0.0
343.0 -811.1 538.1 -310.3 -67.4 0.0
-240.9 280.1 45.1 0.0 71.5 -205.0
-1017.5 366.7 24.1 121.6 179.3 0.0
-838.0 -779.3 282.1 291.7 110.1 0.0
335.2 -812.8 538.1 -310.2 -67.8 0.0
-240.9 282.0 39.8 0.0 79.3 -225.0
-1014.0 368.9 24.1 140.8 182.6 0.0
-830.6 -776.7 282.1 295.9 102.8 0.0
327.5 -814.5 538.1 -310.1 -68.2 0.0
-240.9 284.2 33.9 0.0 87.2 -245.0
-1010.3 368.9 24.1 145.8 176.4 0.0
-824.4 -772.6 282.1 250.8 166.1 0.0
319.7 -816.2 538.1 -310.0 -68.7 0.0
-240.9 286.6 27.5 0.0 95.1 -265.0
-1006.6 368.9 24.1 150.4 171.0 0.0
-819.0 -767.1 282.1 212.4 218.0 0.0
312.0 -817.9 538.1 -309.9 -69.1 0.0
-240.9 289.2 24.1 0.0 102.9 0.3
-1002.7 368.9 24.1 154.2 166.4 0.0
-814.5 -760.7 282.1 180.2 257.8 0.0
304.2 -819.6 538.1 -309.8 -69.5 0.0
-239.2 291.9 24.1 66.7 108.6 0.0
-998.8 368.9 24.1 157.4 162.4 0.0
-810.7 -754.0 282.1 152.8 268.3 0.0
296.5 -821.4 538.1 -309.7 -69.7 0.0
-236.1 294.7 24.1 123.3 113.4 0.0
-994.8 368.9 24.1 160.1 159.0 0.0
-807.7 -747.2 282.1 122.7 270.9 0.0
288.7 -823.1 538.1 -309.7 -69.8 0.0
-231.8 297.7 24.1 171.5 117.5 0.0
-990.7 368.9 24.1 162.0 156.2 0.0
-805.3 -739.9 282.1 93.8 293.8 0.0
281.0 -824.9 538.1 -309.7 -70.1 0.0
-226.5 300.7 24.1 212.4 121.0 0.0
-986.6 368.9 24.1 163.7 -0.2 0.0
-803.6 -732.0 282.1 69.2 313.0 0.0
273.3 -826.6 538.1 -309.6 -70.2 0.0
-223.1 302.3 24.1 137.1 66.4 0.0
-982.1 368.9 24.1 182.6 -0.0 0.0
-802.4 -723.9 282.1 48.9 325.0 0.0
265.5 -828.4 538.1 -309.5 -70.6 0.0
-221.3 302.8 24.1 73.1 20.0 0.0
-977.1 368.9 24.1 198.7 -0.0 0.0
-801.8 -715.5 282.1 23.4 337.9 0.0
257.8 -830.2 538.1 -309.5 -70.7 0.0
-220.9 302.3 24.1 15.2 -20.4 0.0
-972.0 368.9 30.8 203.0 -0.0 255.0
-801.6 -707.3 282.1 8.3 325.9 0.0
250.0 -831.9 538.1 -309.5 -70.6 0.0
-221.8 301.2 24.1 -37.2 -44.8 0.0
-966.8 368.9 36.9 207.3 -0.0 235.0
-801.6 -699.6 282.1 -2.0 307.1 0.0
242.3 -833.7 538.1 -309.6 -70.5 0.0
-223.6 299.5 24.1 -70.6 -69.3 0.0
-961.6 368.9 42.5 211.6 -0.0 215.0
-801.8 -692.6 282.1 -7.7 281.4 0.0
234.6 -835.4 538.1 -309.7 -70.1 0.0
-226.2 297.1 24.1 -102.8 -94.8 0.0
-956.2 368.9 47.6 216.0 -0.0 195.0
-802.1 -686.3 282.1 -12.0 251.5 0.0
226.8 -837.2 538.1 -309.7 -69.8 0.0
-229.4 294.2 24.1 -130.4 -116.5 0.0
-950.8 368.9 52.3 216.0 -0.0 175.0
-803.0 -679.6 282.1 -34.7 268.7 0.0
219.1 -838.9 538.1 -309.8 -69.6 0.0
-231.1 290.6 24.1 -69.4 -142.8 0.0
-945.4 368.9 56.4 216.0 -0.0 155.0
-804.3 -672.6 282.1 -53.0 280.3 0.0
211.3 -840.7 538.1 -309.8 -69.4 0.0
-233.0 287.0 30.8 -73.7 -146.3 255.0
-940.0 368.9 60.0 216.0 -0.0 135.0
-806.0 -665.5 282.1 -66.1 285.2 0.0
203.6 -842.4 538.1 -309.8 -69.5 0.0
-234.9 283.2 36.9 -78.1 -149.9 235.0
-934.6 368.9 63.1 216.0 -0.0 115.0
-808.3 -657.9 282.1 -95.6 303.9 0.0
195.8 -844.1 538.1 -309.8 -69.4 0.0
-237.0 279.4 42.5 -82.5 -153.4 215.0
-929.2 368.9 65.8 216.0 -0.0 95.0
-811.0 -650.4 282.1 -107.8 299.4 0.0
188.1 -845.9 538.1 -309.8 -69.4 0.0
-239.2 275.5 47.6 -86.9 -156.9 195.0
-923.8 368.9 67.9 216.0 -0.0 75.0
-814.0 -643.0 282.1 -116.8 293.5 0.0
180.4 -847.6 538.1 -309.8 -69.5 0.0
-240.9 271.5 52.3 0.1 -156.9 175.0
-918.4 368.9 69.5 216.0 -0.0 55.0
-817.1 -635.8 282.1 -124.5 288.5 0.0
172.6 -849.3 538.1 -309.8 -69.3 0.0
-240.9 271.1 56.4 0.1 0.2 155.0
-913.0 368.9 70.6 216.0 -0.0 35.0
-821.3 -628.5 282.1 -169.7 292.4 0.0
164.9 -851.1 538.1 -309.9 -69.1 0.0
-240.9 271.1 60.0 0.1 0.2 135.0
-907.6 368.9 71.3 216.0 -0.0 15.0
-826.0 -621.5 282.1 -187.7 280.6 0.0
157.2 -852.8 538.1 -307.4 -68.8 0.0
-240.9 271.1 63.1 0.1 0.2 115.0
-902.2 368.9 71.4 216.0 -0.0 -5.0
-830.9 -614.8 282.1 -197.8 266.7 0.0
149.5 -854.5 538.1 -307.4 -68.6 0.0
-240.9 271.1 65.8 0.1 0.2 95.0
-896.8 368.9 71.0 216.0 -0.0 -25.0
-836.1 -608.5 282.1 -207.3 255.0 0.0
141.8 -856.2 538.1 -307.3 -68.8 0.0
-240.9 271.1 67.9 0.1 0.2 75.0
-891.4 368.9 70.1 216.0 -0.0 -45.0
-840.5 -601.5 282.1 -174.2 277.8 0.0
134.1 -858.0 538.1 -307.3 -69.0 0.0
-240.9 271.1 69.5 0.1 0.2 55.0
-886.0 368.9 68.8 216.0 -0.0 -65.0
-844.2 -594.5 282.1 -146.9 281.3 0.0
126.5 -859.7 538.1 -304.8 -68.6 0.0
-240.9 271.2 70.6 0.1 0.2 35.0
-880.6 368.9 66.9 216.0 -0.0 -85.0
-847.2 -587.3 282.1 -123.5 285.7 0.0
118.9 -861.4 538.1 -304.9 -68.4 0.0
-240.9 271.2 71.3 0.1 0.2 15.0
-875.2 368.9 64.5 216.0 -0.0 -105.0
-849.8 -580.1 282.1 -103.6 288.0 0.0
111.3 -863.1 538.1 -302.4 -67.8 0.0
-240.9 271.2 71.4 0.1 0.2 -5.0
-869.8 368.9 61.6 216.0 -0.0 -125.0
-851.6 -572.1 282.1 -72.4 320.1 0.0
103.8 -864.8 538.1 -302.4 -67.8 0.0
-240.9 271.2 71.0 0.1 0.2 -25.0
-864.4 368.9 58.3 216.0 -0.0 -145.0
-852.9 -564.0 282.1 -51.0 324.0 0.0
96.2 -866.5 538.1 -302.4 -67.9 0.0
-240.9 271.2 70.1 0.1 0.2 -45.0
-859.0 368.9 54.4 216.0 -0.0 -165.0
-853.8 -556.0 282.1 -34.0 320.8 0.0
88.7 -868.1 538.1 -300.0 -67.2 0.0
-240.8 271.2 68.8 0.1 0.2 -65.0
-853.6 368.9 50.0 216.0 -0.0 -185.0
-854.3 -548.1 282.1 -20.2 315.3 0.0
81.2 -869.8 538.1 -300.0 -67.2 0.0
-240.8 271.2 66.9 0.1 0.2 -85.0
-848.2 368.9 45.1 216.0 -0.0 -205.0
-854.7 -541.4 282.1 -17.2 268.0 0.0
73.8 -871.5 538.1 -297.5 -66.9 0.0
-240.8 271.2 64.5 0.1 0.2 -105.0
-842.8 368.9 39.8 216.0 -0.0 -225.0
-855.1 -535.7 282.1 -14.6 227.8 0.0
66.3 -873.2 538.1 -297.5 -66.8 0.0
-240.8 271.2 61.6 0.1 0.2 -125.0
-837.4 368.9 33.9 216.0 -0.0 -245.0
-855.3 -530.7 282.1 -9.5 200.6 0.0
59.0 -874.8 538.1 -295.0 -66.5 0.0
-240.8 271.2 58.3 0.1 0.2 -145.0
-832.0 368.9 27.5 216.0 -0.0 -265.0
-855.2 -525.8 282.1 2.5 195.7 0.0
51.6 -876.5 538.1 -295.0 -66.5 0.0
-240.8 271.2 54.4 0.1 0.2 -165.0
-826.6 368.9 24.1 216.0 -0.0 0.3
-855.0 -521.4 282.1 9.1 175.7 0.0
44.3 -878.1 538.1 -292.5 -66.2 0.0
-240.8 271.2 50.0 0.1 0.2 -185.0
-820.8 369.7 24.1 229.2 32.6 0.0
-854.5 -517.3 282.1 20.8 166.8 0.0
37.0 -879.8 538.1 -292.4 -66.2 0.0
-240.8 271.2 45.1 0.1 0.2 -205.0
-815.0 371.1 24.1 185.8 64.6 -1.1
-853.7 -513.3 282.1 32.7 160.7 0.0
29.7 -881.4 538.1 -289.9 -65.9 0.0
-240.8 271.2 39.8 0.1 0.2 -225.0
-809.9 373.3 24.1 203.6 87.5 0.0
-852.6 -509.4 282.1 41.1 153.6 0.0
22.5 -883.1 538.1 -289.9 -66.0 0.0
-240.8 271.2 33.9 0.1 0.2 -245.0
-804.7 375.7 24.1 156.4 105.8 -1.1
-851.2 -505.8 282.1 58.6 145.8 0.0
15.3 -884.7 538.1 -287.4 -65.6 0.0
-240.8 271.2 27.5 0.1 0.2 -265.0
-800.2 378.8 24.1 179.8 121.9 0.0
-849.5 -502.4 282.1 66.4 134.6 0.0
8.1 -886.4 538.1 -287.4 -65.9 0.0
-240.8 271.2 24.1 0.1 0.2 0.3
-795.6 381.9 24.1 136.3 134.6 -0.2
-847.7 -499.3 282.1 72.9 124.9 0.0
1.0 -888.0 538.1 -284.8 -65.6 0.0
-239.4 271.9 24.1 56.8 28.6 0.0
-791.5 385.6 24.1 162.0 146.1 0.0
-845.7 -496.3 282.1 80.0 117.8 0.0
-6.1 -889.7 538.1 -282.2 -65.7 0.0
-236.9 273.2 24.1 100.3 50.5 0.0
-787.3 389.3 24.1 171.0 147.1 0.0
-844.1 -492.4 282.1 65.8 158.6 0.0
-13.1 -891.3 538.1 -282.1 -66.3 0.0
-233.3 275.0 24.1 142.0 71.5 0.0
-782.9 392.9 24.1 176.3 145.0 0.0
-842.7 -487.5 282.1 53.7 194.0 0.0
-20.2 -893.0 538.1 -282.0 -66.6 0.0
-228.9 277.2 24.1 177.6 89.4 0.0
-778.4 396.4 24.1 129.2 150.8 -1.6
-841.6 -481.9 282.1 43.6 224.1 0.0
-27.2 -894.6 538.1 -279.5 -66.4 0.0
-223.8 279.8 24.1 204.9 103.2 0.0
-774.5 400.4 24.1 156.9 158.6 0.0
-840.7 -475.9 282.1 35.0 241.0 0.0
-35.0 -895.5 538.1 -313.7 -34.2 0.0
-218.4 282.5 24.1 216.0 108.9 0.0
-770.3 404.3 24.1 117.0 165.1 -1.6
-840.0 -470.8 282.1 29.7 204.9 0.0
-43.3 -895.7 538.1 -333.3 -9.8 0.0
-213.0 285.2 24.1 216.0 108.9 0.0
-766.7 408.5 24.1 146.9 170.3 0.0
-839.4 -466.4 282.1 25.3 174.1 0.0
-51.6 -895.6 538.1 -329.3 5.1 0.0
-207.6 288.0 24.1 216.0 108.9 0.0
-762.7 412.7 24.1 111.0 176.2 -1.6
-838.8 -462.7 282.1 21.5 148.0 0.0
-59.7 -895.2 538.1 -325.4 17.5 0.0
-203.0 290.3 24.1 183.6 92.6 0.0
-759.1 417.2 24.1 141.8 179.6 0.0
-838.4 -459.6 282.1 18.2 125.8 0.0
-67.8 -894.4 538.1 -324.9 31.4 0.0
-199.0 292.3 24.1 159.7 80.6 0.0
-755.2 421.6 24.1 155.2 174.4 0.0
-838.0 -456.9 282.1 15.5 106.9 0.0
-75.9 -893.3 538.1 -321.3 42.3 0.0
-195.0 294.3 24.1 159.7 80.7 0.0
-751.2 425.7 24.1 160.9 166.2 0.0
-837.7 -454.6 282.1 13.2 90.9 0.0
-83.8 -892.1 538.1 -318.2 51.6 0.0
-188.5 295.3 24.1 259.8 39.3 0.0
-747.1 429.7 24.1 165.5 158.9 0.0
-837.4 -452.7 282.1 10.6 77.5 0.0
-91.7 -890.6 538.1 -315.4 59.5 0.0
-183.0 296.1 24.1 220.8 33.4 0.0
-742.8 433.5 24.1 169.3 152.7 0.0
-837.3 -450.7 282.1 3.4 78.1 0.0
-99.5 -888.9 538.1 -311.6 67.3 0.0
-178.3 296.8 24.1 187.7 28.4 0.0
-738.5 437.2 24.1 172.6 147.4 0.0
-837.5 -448.7 282.1 -5.9 79.9 0.0
-107.2 -887.0 538.1 -309.1 74.5 0.0
-174.3 297.4 24.1 159.5 24.1 0.0
-734.1 439.1 24.1 175.5 76.5 0.0
-837.8 -446.8 282.1 -11.9 78.8 0.0
-114.9 -885.0 538.1 -306.7 80.4 0.0
-170.9 297.9 24.1 135.6 20.5 0.0
-729.7 439.5 24.1 129.1 27.9 -1.5
-838.2 -444.9 282.1 -16.1 76.6 0.0
-122.5 -882.9 538.1 -304.7 85.3 0.0
-168.0 298.4 24.1 115.3 17.4 0.0
-726.2 438.9 24.1 138.3 -24.5 0.0
-838.7 -443.0 282.1 -20.1 75.1 0.0
-130.0 -880.6 538.1 -301.1 90.6 0.0
-165.6 298.8 24.1 98.0 14.8 0.0
-722.6 437.2 24.1 97.5 -57.8 -1.5
-839.1 -441.3 281.9 -19.0 68.3 -20.0
-137.5 -878.2 538.1 -299.0 95.3 0.0
-163.3 299.3 24.1 93.2 20.6 0.0
-719.8 434.8 24.1 111.7 -97.2 0.0
-839.6 -439.7 281.1 -18.0 61.5 -40.0
-144.9 -875.8 538.1 -297.3 99.1 0.0
-161.0 299.9 24.1 89.1 25.8 0.0
-716.7 431.5 24.1 75.3 -118.8 -1.5
-840.0 -438.4 279.9 -16.9 54.7 -60.0
-152.3 -873.2 538.1 -295.9 102.7 0.0
-157.7 301.0 24.1 135.0 45.4 0.0
-714.4 427.8 24.1 92.8 -149.1 0.0
-840.4 -437.2 278.1 -15.8 47.9 -80.0
-159.6 -870.5 538.1 -292.3 106.1 0.0
-153.3 302.6 24.1 175.1 62.4 0.0
-711.7 423.4 24.1 107.7 -174.8 0.0
-840.8 -436.1 275.9 -14.8 41.8 -100.0
-166.9 -867.8 538.1 -290.7 109.7 0.0
-148.1 304.5 24.1 209.2 76.9 0.0
-707.4 419.7 24.1 169.6 -149.8 0.0
-841.1 -435.2 273.1 -13.8 35.7 -120.0
-174.2 -864.9 538.1 -291.6 113.8 0.0
-142.1 306.8 24.1 238.2 89.1 0.0
-701.9 416.5 24.1 173.5 -117.3 -1.5
-841.4 -434.5 269.9 -12.9 29.6 -140.0
-181.5 -862.0 538.1 -290.4 116.3 0.0
-136.5 308.9 24.1 222.8 87.3 0.0
-696.2 413.9 24.1 225.6 -100.5 0.0
-841.7 -433.9 266.1 -11.9 23.5 -160.0
-188.7 -859.0 538.1 -289.3 120.2 0.0
-131.0 311.2 24.1 220.3 91.7 0.0
-689.5 411.8 24.1 269.8 -86.2 0.0
-842.0 -433.4 261.9 -11.5 20.8 -180.0
-195.9 -856.0 538.1 -287.8 123.0 0.0
-125.6 313.6 24.1 218.1 95.5 0.0
-682.2 410.6 24.1 292.2 -48.9 0.0
-842.3 -432.9 257.1 -11.1 18.1 -200.0
-203.1 -852.8 538.1 -288.8 126.7 0.0
-120.2 316.1 24.1 216.3 98.7 0.0
-674.7 410.0 24.1 248.8 -13.7 -1.5
-842.6 -432.5 251.9 -10.6 15.5 -220.0
-210.4 -849.5 538.1 -290.0 129.8 0.0
-114.8 318.7 24.1 214.8 103.4 0.0
-667.9 410.3 24.1 274.1 13.1 0.0
-842.8 -432.2 246.1 -10.2 12.8 -240.0
-217.5 -846.2 538.1 -286.6 132.9 0.0
-109.5 321.3 24.1 212.6 106.9 0.0
-660.9 411.1 24.1 278.3 29.0 0.0
-843.1 -431.9 239.9 -9.9 11.4 -260.0
-224.7 -842.8 538.1 -287.0 137.7 0.0
-104.2 324.1 24.1 210.8 109.9 0.0
-653.1 411.1 24.1 313.0 3.3 0.0
-843.3 -431.7 233.1 -9.7 9.9 -280.0
-231.8 -839.3 538.1 -285.3 140.6 0.0
-99.0 326.9 24.1 209.2 112.4 0.0
-645.0 410.8 24.1 325.6 -13.6 0.0
-843.6 -431.5 225.9 -9.4 8.5 -300.0
-238.9 -835.7 538.1 -283.9 142.9 0.0
-92.6 328.8 24.1 254.5 75.3 0.0
-636.9 410.2 24.1 322.7 -24.3 0.0
-843.8 -431.3 218.1 -9.1 7.1 -320.0
-246.0 -832.1 538.1 -283.2 143.5 0.0
-85.3 329.9 24.1 293.1 43.7 0.0
-628.9 409.4 24.1 320.2 -33.4 0.0
-844.0 -431.1 209.9 -9.0 6.2 -340.0
-253.1 -828.5 538.1 -282.8 144.3 0.0
-77.1 330.3 24.1 325.9 16.9 0.0
-620.9 408.3 24.1 317.6 -43.6 0.0
-844.2 -431.0 201.1 -8.9 5.4 -360.0
-260.1 -824.9 538.1 -280.3 143.7 0.0
-68.9 330.3 24.1 328.6 0.7 0.0
-613.1 407.0 24.1 314.6 -51.8 0.0
-844.4 -430.9 191.9 -8.7 4.5 -380.0
-267.1 -821.3 538.1 -280.0 144.2 0.0
-61.9 330.3 24.1 279.3 0.6 0.0
-605.3 405.5 24.1 312.2 -58.8 0.0
-844.7 -430.8 182.1 -8.6 3.6 -400.0
-273.1 -818.2 538.1 -239.5 122.4 0.0
-56.0 330.3 24.1 237.4 0.5 0.0
-597.5 403.9 24.1 310.3 -64.7 0.0
-844.9 -430.7 171.9 -8.5 3.0 -420.0
-279.1 -815.7 538.1 -241.0 101.0 0.0
-51.0 330.4 24.1 201.8 0.5 0.0
-589.8 402.1 24.1 307.1 -71.7 0.0
-845.1 -430.7 161.1 -8.3 2.4 -440.0
-285.3 -813.7 538.1 -247.2 82.2 0.0
-46.7 330.4 24.1 171.5 0.4 0.0
-582.2 400.2 24.1 304.8 -77.7 0.0
-845.3 -430.6 149.9 -8.2 1.8 -460.0
-291.6 -812.0 538.1 -253.4 66.3 0.0
-41.8 329.3 24.1 196.5 -43.1 0.0
-574.6 398.1 24.1 302.9 -82.8 0.0
-845.5 -430.6 138.1 -8.1 1.1 -480.0
-298.7 -810.9 538.1 -281.7 44.2 0.0
-36.3 327.3 24.1 217.8 -80.0 0.0
-567.1 395.9 24.1 301.2 -87.2 0.0
-845.7 -430.6 125.9 -8.0 0.7 -500.0
-305.8 -810.2 538.1 -285.0 29.0 0.0
-30.4 324.5 24.1 235.8 -111.4 0.0
-559.7 393.6 24.1 297.8 -92.2 0.0
-845.9 -430.6 113.1 -7.9 0.2 -520.0
-312.9 -809.8 538.1 -285.3 16.4 0.0
-24.4 321.3 24.1 240.9 -129.3 0.0
-552.3 391.2 24.1 295.8 -96.8 0.0
-846.1 -430.6 99.9 -7.8 -0.3 -540.0
-320.1 -809.6 538.1 -285.8 5.7 0.0
-19.3 318.5 24.1 204.8 -109.9 0.0
-544.9 388.7 24.1 294.1 -100.7 0.0
-846.3 -430.6 86.1 -7.7 -0.8 -560.0
-327.6 -809.9 538.1 -300.5 -11.4 0.0
-14.9 316.2 24.1 174.0 -93.4 0.0
-537.6 386.1 24.1 292.6 -104.1 0.0
-846.5 -430.6 71.9 -7.5 -1.2 -580.0
-335.0 -810.4 538.1 -297.9 -21.9 0.0
-11.2 314.2 24.1 147.9 -79.4 0.0
-530.5 383.4 24.1 282.7 -105.9 0.0
-846.6 -430.7 57.1 -7.4 -1.7 -600.0
-342.3 -811.2 538.1 -292.9 -30.1 0.0
-8.1 312.5 24.1 125.7 -67.5 0.0
-523.5 380.7 24.1 230.8 -103.3 -0.2
-846.8 -430.7 41.9 -7.3 -2.1 -620.0
-349.5 -812.1 538.1 -288.2 -36.8 0.0
-4.3 310.0 24.1 151.7 -102.5 0.0
-517.0 377.6 24.1 262.8 -122.1 0.0
-847.0 -430.8 26.1 -7.2 -2.5 -640.0
-357.0 -813.4 538.1 -299.2 -53.2 0.0
0.0 306.6 24.1 173.8 -132.3 0.0
-510.2 374.4 24.1 221.7 -121.3 -0.2
-847.0 -430.8 24.1 -0.2 -0.4 0.7
-364.4 -815.0 538.1 -293.3 -60.8 0.0
4.9 302.7 24.1 192.6 -157.6 0.0
-504.1 370.8 24.1 244.7 -142.6 0.0
-845.3 -430.3 24.1 67.5 20.5 0.0
-371.6 -816.7 538.1 -288.0 -67.2 0.0
12.6 298.9 24.1 311.2 -152.8 0.0
-498.0 367.2 24.1 193.2 -138.0 -1.7
-842.4 -429.4 24.1 117.6 36.0 0.0
-378.6 -818.5 538.1 -283.1 -72.5 0.0
19.3 295.6 24.1 264.5 -129.9 0.0
-492.5 363.2 24.1 222.0 -157.8 0.0
-838.4 -428.2 24.1 160.3 48.7 0.0
-386.2 -821.0 538.1 -301.4 -102.2 0.0
25.1 292.6 24.1 233.3 -120.0 0.0
-486.7 359.2 24.1 180.8 -155.7 -1.7
-833.6 -426.7 24.1 191.1 58.0 0.0
-393.5 -823.8 538.1 -294.5 -112.5 0.0
30.6 289.4 24.1 222.6 -129.5 0.0
-483.1 353.9 24.1 145.0 -211.2 0.0
-828.1 -425.1 24.1 220.3 66.8 0.0
-400.7 -826.8 538.1 -286.5 -119.6 0.0
36.0 286.0 24.1 213.5 -137.5 0.0
-480.2 347.4 24.1 65.2 -250.9 -1.7
-821.8 -423.2 24.1 250.1 75.3 0.0
-407.7 -830.0 538.1 -279.6 -125.7 0.0
41.1 282.2 24.1 203.1 -149.7 0.0
-479.0 340.1 24.1 46.8 -292.2 0.0
-815.3 -421.2 24.1 263.0 79.0 0.0
-413.7 -831.1 538.1 -239.5 -45.1 0.0
45.9 278.3 24.1 192.2 -156.8 0.0
-478.2 332.0 24.1 31.6 -322.8 0.0
-808.3 -419.1 24.1 280.0 83.8 0.0
-418.8 -830.5 538.1 -205.6 24.0 0.0
50.4 274.2 24.1 183.0 -163.0 0.0
-478.0 323.8 24.1 11.1 -328.7 0.0
-800.9 -416.9 24.1 294.5 88.0 0.0
-423.2 -828.4 538.1 -176.8 83.4 0.0
54.8 270.0 24.1 175.1 -168.1 0.0
-478.0 315.7 24.1 -3.2 -323.9 0.0
-793.4 -414.7 24.1 301.8 90.2 0.0
-427.0 -825.1 538.1 -152.3 133.8 0.0
59.2 264.9 24.1 176.5 -203.7 0.0
-478.4 307.7 24.1 -15.6 -320.4 0.0
-785.7 -412.4 24.1 304.3 90.7 0.0
-431.9 -821.1 538.1 -195.5 157.8 0.0
63.5 259.5 24.1 169.6 -216.3 0.0
-479.1 299.8 24.1 -26.2 -317.5 0.0
-778.4 -410.5 24.1 295.4 75.6 0.0
-437.7 -816.7 538.1 -232.3 178.0 0.0
67.5 254.0 24.1 160.8 -220.3 0.0
-480.2 292.2 24.1 -42.8 -304.9 0.0
-771.4 -408.9 24.1 276.9 63.4 0.0
-444.1 -811.9 538.1 -255.4 189.5 0.0
71.3 248.4 24.1 153.2 -223.7 0.0
-481.6 284.8 24.1 -57.9 -296.0 0.0
-765.1 -407.6 24.1 254.1 53.3 0.0
-450.5 -807.2 538.1 -256.8 187.3 0.0
74.8 241.7 24.1 137.5 -267.3 0.0
-483.4 277.5 24.1 -70.9 -288.5 0.0
-759.4 -406.5 24.1 228.6 44.8 0.0
-457.0 -802.6 538.1 -258.7 184.8 0.0
77.9 234.3 24.1 123.7 -299.6 0.0
-485.4 270.5 24.1 -81.4 -281.9 0.0
-752.9 -405.7 24.1 259.5 31.0 0.0
-463.5 -798.1 538.1 -257.9 181.3 0.0
80.6 226.7 24.1 109.5 -301.0 0.0
-487.0 262.5 24.1 -63.2 -318.7 0.0
-745.7 -405.2 24.1 285.9 19.4 0.0
-469.9 -793.6 538.1 -257.0 178.1 0.0
83.0 219.2 24.1 97.5 -302.1 0.0
-488.2 254.5 24.1 -49.9 -322.0 0.0
-738.2 -405.0 24.1 303.0 9.6 0.0
-476.3 -789.3 538.1 -256.0 175.1 0.0
85.6 212.3 24.1 102.3 -275.5 0.0
-489.2 246.5 24.1 -39.0 -321.1 0.0
-730.4 -404.9 24.1 309.5 2.4 0.0
-482.7 -785.0 538.1 -255.3 171.8 0.0
88.5 205.7 24.1 115.6 -261.6 0.0
-490.0 238.4 24.1 -12.9 -273.3 -1.4
-722.5 -405.1 24.1 318.7 -8.1 0.0
-489.0 -780.8 538.1 -254.1 168.8 0.0
91.6 199.5 24.1 126.9 -249.9 0.0
-490.5 230.7 24.1 -22.2 -309.6 0.0
-714.5 -405.5 24.1 317.3 -15.3 0.0
-495.3 -776.6 538.1 -250.8 164.7 0.0
95.1 193.5 24.1 136.5 -239.9 0.0
-491.2 222.9 24.1 -25.7 -311.9 0.0
-706.6 -406.0 24.1 316.2 -21.4 0.0
-501.5 -772.6 538.1 -249.3 162.2 0.0
98.4 187.9 24.1 132.4 -222.5 0.0
-491.9 215.1 24.1 -28.4 -311.5 0.0
-698.7 -406.7 24.1 315.3 -26.7 0.0
-507.7 -768.6 538.1 -248.2 159.4 0.0
102.7 183.4 24.1 177.8 -177.7 0.0
-492.6 207.3 24.1 -30.8 -311.2 0.0
-690.8 -407.6 24.1 319.6 -37.6 0.0
-513.9 -764.7 538.1 -247.1 156.5 0.0
107.3 178.9 24.1 180.2 -180.2 0.0
-494.9 200.0 24.1 -89.3 -294.7 0.0
-682.8 -408.8 24.1 317.4 -45.2 0.0
-520.0 -760.9 538.1 -243.4 152.7 0.0
111.8 174.4 24.1 180.2 -180.2 0.0
-498.2 193.0 24.1 -135.0 -278.6 0.0
-674.9 -410.0 24.1 315.6 -51.6 0.0
-526.0 -757.1 538.1 -241.9 150.3 0.0
115.5 168.6 24.1 149.7 -231.2 0.0
-501.9 186.7 24.1 -144.2 -251.1 0.0
-667.1 -411.5 24.1 314.0 -57.1 0.0
-532.1 -753.4 538.1 -243.9 148.0 0.0
118.6 161.8 24.1 123.8 -274.6 0.0
-505.6 181.1 24.1 -148.6 -226.0 0.0
-659.3 -413.4 24.1 312.9 -76.3 0.0
-538.1 -749.9 538.1 -238.3 142.2 0.0
121.1 154.0 24.1 101.8 -311.4 0.0
-510.0 175.6 24.1 -178.7 -220.4 0.0
-651.6 -415.6 24.1 305.5 -88.7 0.0
-543.9 -746.4 538.1 -232.5 136.9 0.0
123.2 146.1 24.1 84.3 -316.5 0.0
-515.1 170.2 24.1 -202.1 -214.5 0.0
-644.1 -418.1 24.1 299.2 -99.2 0.0
-549.6 -743.1 538.1 -226.6 131.9 0.0
125.0 139.4 24.1 71.6 -269.0 0.0
-520.6 165.0 24.1 -221.9 -209.4 0.0
-636.8 -420.8 24.1 293.8 -108.1 0.0
-554.5 -738.3 538.1 -199.2 191.2 0.0
126.6 133.6 24.1 60.9 -228.6 0.0
-526.5 159.9 24.1 -236.1 -203.9 0.0
-628.9 -422.8 24.1 315.6 -81.9 0.0
-558.9 -732.4 538.1 -175.4 239.8 0.0
128.3 128.1 24.1 67.6 -222.3 0.0
-532.8 155.1 24.1 -250.9 -190.9 0.0
-621.1 -424.4 24.1 312.7 -62.9 0.0
-562.8 -725.4 538.1 -155.0 277.3 0.0
130.1 122.6 24.1 74.3 -218.6 0.0
-539.4 150.6 24.1 -265.7 -180.3 0.0
-613.3 -425.6 24.1 310.3 -46.8 0.0
-566.2 -718.9 538.1 -133.9 262.0 0.0
133.0 116.8 24.1 117.0 -234.2 0.0
-546.3 146.3 24.1 -274.6 -170.0 0.0
-605.6 -426.4 24.1 308.2 -33.1 0.0
-568.9 -711.8 538.1 -109.5 281.1 0.0
136.9 110.6 24.1 153.3 -247.5 0.0
-553.3 142.3 24.1 -280.0 -160.9 0.0
-597.8 -426.8 24.1 312.2 -17.9 0.0
-571.2 -705.6 538.1 -92.4 248.6 0.0
141.1 104.4 24.1 169.1 -245.3 0.0
-559.5 137.1 24.1 -248.4 -209.1 0.0
-590.1 -427.0 24.1 309.8 -6.1 0.0
-573.1 -699.4 538.1 -76.1 247.5 0.0
145.5 98.5 24.1 176.1 -237.5 0.0
-565.1 130.8 24.1 -221.6 -253.2 0.0
-582.4 -426.9 24.1 307.8 3.9 0.0
-574.6 -692.6 538.1 -60.2 274.5 0.0
149.4 91.6 24.1 156.1 -274.1 0.0
-570.0 123.6 24.1 -198.7 -286.9 0.0
-574.7 -426.6 24.1 306.1 12.3 0.0
-575.9 -686.7 538.1 -51.2 233.3 0.0
152.8 84.7 24.1 136.8 -278.7 0.0
-574.4 116.2 24.1 -176.1 -296.2 0.0
-567.0 -426.0 24.1 310.7 22.6 0.0
-577.0 -681.8 538.1 -43.5 198.3 0.0
155.8 77.7 24.1 120.2 -280.2 0.0
-578.2 108.3 24.1 -150.5 -315.7 0.0
-558.8 -427.3 24.1 327.9 -49.6 0.0
-577.9 -677.6 538.1 -37.0 168.6 0.0
158.5 70.6 24.1 106.0 -281.4 0.0
-581.4 100.4 24.1 -128.7 -315.3 0.0
-550.7 -428.1 24.1 323.6 -31.4 0.0
-578.7 -674.0 538.1 -31.4 143.3 0.0
160.7 63.1 24.1 88.3 -302.5 0.0
-584.2 92.5 24.1 -109.9 -316.2 0.0
-542.7 -428.5 24.1 319.9 -16.0 0.0
-578.0 -669.8 538.1 25.8 166.0 0.0
162.5 55.5 24.1 73.8 -302.1 0.0
-586.5 84.6 24.1 -94.1 -316.2 0.0
-534.6 -428.4 24.1 323.3 2.0 0.0
-576.1 -665.2 538.1 77.5 187.6 0.0
164.1 48.0 24.1 61.5 -301.7 0.0
-588.4 76.4 24.1 -73.9 -327.0 0.0
-526.6 -428.0 24.1 319.3 15.2 0.0
-573.0 -660.0 538.1 122.5 206.6 0.0
165.3 40.5 24.1 51.0 -301.4 0.0
-589.8 68.3 24.1 -58.0 -325.0 0.0
-518.7 -427.4 24.1 315.9 26.4 0.0
-569.0 -654.4 538.1 160.8 222.7 0.0
166.1 32.4 24.1 32.2 -320.2 0.0
-590.9 60.2 24.1 -44.7 -323.4 0.0
-510.9 -426.5 24.1 313.0 35.9 0.0
-563.7 -649.3 538.1 214.8 203.2 0.0
166.6 24.5 24.1 19.3 -318.0 0.0
-591.8 52.2 24.1 -33.1 -322.5 0.0
-503.0 -425.2 24.1 315.3 48.9 0.0
-557.1 -644.7 538.1 260.9 185.9 0.0
166.8 16.6 24.1 8.5 -316.1 0.0
-592.1 43.9 24.1 -15.5 -329.3 0.0
-495.2 -423.8 24.1 311.9 58.0 0.0
-549.9 -640.5 538.1 287.5 169.5 0.0
166.8 8.7 24.1 -0.8 -314.5 0.0
-592.2 35.8 24.1 -2.3 -326.6 0.0
-487.5 -422.1 24.1 309.0 65.7 0.0
-542.9 -636.7 538.1 283.0 150.9 0.0
166.0 0.4 24.1 -31.5 -334.7 0.0
-592.0 27.7 24.1 8.7 -323.8 0.0
-479.8 -420.3 24.1 306.5 72.3 0.0
-535.5 -634.4 538.1 295.2 91.0 0.0
164.9 -7.8 24.1 -46.5 -327.8 0.0
-591.5 19.6 24.1 18.3 -321.8 0.0
-472.2 -418.3 24.1 305.7 81.4 0.0
-528.0 -633.3 538.1 301.3 42.8 0.0
163.4 -15.9 24.1 -59.3 -321.9 0.0
-590.6 11.5 24.1 38.3 -324.8 0.0
-464.6 -416.1 24.1 302.7 88.2 0.0
-520.6 -633.1 538.1 293.9 10.6 0.0
161.6 -23.8 24.1 -70.2 -317.0 0.0
-589.3 3.5 24.1 51.9 -319.2 0.0
-457.1 -413.8 24.1 300.1 94.0 0.0
-513.6 -633.4 538.1 279.2 -11.0 0.0
160.1 -30.5 24.1 -59.7 -269.4 0.0
-587.7 -4.3 24.1 63.1 -313.9 0.0
-449.7 -411.3 24.1 297.9 98.9 0.0
-506.8 -633.6 544.8 274.4 -8.1 255.0
159.0 -37.0 24.1 -44.4 -259.1 0.0
-585.9 -12.1 24.1 72.4 -309.5 0.0
-442.2 -408.6 24.1 299.1 108.6 0.0
-500.0 -633.7 550.9 269.5 -5.2 235.0
158.3 -43.4 24.1 -30.2 -256.1 0.0
-582.8 -19.1 24.1 124.8 -282.4 0.0
-434.8 -405.7 24.1 295.9 114.6 0.0
-493.4 -633.7 556.5 264.7 -2.3 215.0
157.8 -49.8 24.1 -18.1 -253.6 0.0
-578.6 -25.6 24.1 168.1 -259.2 0.0
-427.5 -402.7 24.1 293.2 119.7 0.0
-486.9 -633.7 561.6 259.9 0.6 195.0
157.7 -55.9 24.1 -6.8 -244.1 0.0
-573.6 -31.5 24.1 198.9 -237.4 0.0
-420.2 -399.6 24.1 290.8 124.1 0.0
-480.6 -633.7 566.2 252.4 1.5 175.0
157.8 -61.9 24.1 4.2 -240.8 0.0
-413.0 -396.3 24.1 285.9 133.5 0.0
-474.5 -633.6 570.4 245.3 2.3 155.0
158.1 -67.8 24.1 13.6 -238.0 0.0
-406.0 -392.8 24.1 280.7 140.7 0.0
-468.5 -633.6 574.0 238.6 3.1 135.0
158.6 -73.7 24.1 21.5 -235.6 0.0
-399.1 -389.1 24.1 276.3 146.8 0.0
-462.7 -633.5 577.1 232.3 3.8 115.0
159.4 -79.5 24.1 30.0 -231.1 0.0
-392.3 -385.3 24.1 272.5 152.0 0.0
-457.0 -633.4 579.8 226.4 4.3 95.0
160.6 -85.9 24.1 48.5 -257.2 0.0
-385.5 -381.5 24.1 273.2 151.6 0.0
-451.5 -633.2 581.9 220.5 4.8 75.0
162.2 -92.9 24.1 64.5 -280.0 0.0
-378.9 -377.9 24.1 262.5 145.1 0.0
-446.2 -633.1 583.5 214.1 5.3 55.0
164.1 -100.3 24.1 76.7 -296.8 0.0
-372.8 -374.5 24.1 245.0 135.0 0.0
-441.0 -633.0 584.6 207.2 5.8 35.0
166.3 -107.9 24.1 88.2 -301.0 0.0
-367.3 -371.5 24.1 220.8 121.5 0.0
-436.0 -632.8 585.2 200.9 6.2 15.0
168.8 -115.5 24.1 97.8 -304.7 0.0
-362.2 -368.7 24.1 203.2 111.6 0.0
-431.1 -632.6 585.4 195.1 6.6 -5.0
171.4 -123.0 24.1 103.6 -302.2 0.0
-356.4 -365.5 24.1 231.0 126.2 0.0
-426.4 -632.5 585.0 189.1 7.0 -25.0
174.0 -130.4 24.1 105.1 -293.1 0.0
-350.1 -362.1 24.1 252.5 137.0 0.0
-421.8 -632.3 584.1 182.6 7.4 -45.0
177.0 -137.7 24.1 119.6 -293.5 0.0
-343.4 -358.5 24.1 268.1 145.1 0.0
-417.4 -632.1 582.8 175.6 7.8 -65.0
179.9 -144.5 24.1 117.7 -273.2 0.0
-336.5 -354.7 24.1 277.1 149.7 0.0
-413.2 -631.9 580.9 168.3 8.1 -85.0
182.7 -150.8 24.1 112.1 -249.9 0.0
-329.5 -350.9 24.1 279.5 150.7 0.0
-409.2 -631.7 578.5 160.7 8.5 -105.0
185.3 -156.3 24.1 101.0 -220.8 0.0
-322.5 -347.2 24.1 279.6 150.3 0.0
-405.4 -631.4 575.6 153.1 8.8 -125.0
187.4 -163.0 24.1 86.9 -267.0 0.0
-315.5 -343.4 24.1 279.8 150.0 0.0
-401.7 -631.2 572.2 145.5 9.1 -145.0
189.3 -170.6 24.1 75.8 -306.3 0.0
-308.6 -339.7 24.1 277.7 148.6 0.0
-399.1 -631.0 568.4 -0.1 9.3 -165.0
191.0 -178.5 24.1 65.8 -316.0 0.0
-301.6 -336.0 24.1 277.9 148.3 0.0
-399.3 -630.7 564.0 -7.7 9.6 -185.0
192.4 -186.4 24.1 57.1 -316.2 0.0
-294.7 -332.3 24.1 278.0 148.0 0.0
-399.7 -630.5 559.1 -15.2 9.9 -205.0
193.6 -194.4 24.1 46.2 -319.9 0.0
-287.7 -328.6 24.1 278.1 147.8 0.0
-400.3 -630.2 553.8 -22.8 10.1 -225.0
194.5 -202.2 24.1 37.6 -311.8 0.0
-280.8 -325.0 24.1 276.3 145.9 0.0
-401.0 -630.0 547.9 -30.4 10.3 -245.0
195.3 -209.7 24.1 30.5 -298.9 0.0
-273.9 -321.3 24.1 276.6 145.3 0.0
-402.0 -629.7 541.5 -37.9 10.5 -265.0
195.9 -216.6 24.1 25.0 -275.9 0.0
-267.0 -317.7 24.1 276.9 144.7 0.0
-403.1 -629.5 538.1 -45.5 10.7 0.3
196.4 -223.1 24.1 18.8 -260.0 0.0
-260.0 -314.1 24.1 277.2 144.2 0.0
-403.8 -631.2 538.1 -28.9 -69.6 0.0
196.7 -228.8 24.1 15.2 -229.3 0.0
-252.4 -311.5 24.1 305.3 105.1 0.0
-404.4 -634.5 538.1 -21.1 -132.5 0.0
196.9 -235.3 24.1 6.7 -259.5 0.0
-244.5 -309.6 24.1 315.0 75.5 0.0
-404.8 -639.2 538.1 -15.9 -189.5 0.0
196.9 -242.5 24.1 -0.2 -285.9 0.0
-236.8 -308.3 24.1 309.6 53.7 0.0
-405.0 -645.2 538.1 -11.5 -237.9 0.0
196.7 -250.0 24.1 -8.8 -299.4 0.0
-229.2 -307.4 24.1 304.9 35.1 0.0
-405.2 -652.2 538.1 -7.2 -279.6 0.0
196.3 -257.5 24.1 -15.1 -303.6 0.0
-221.3 -306.7 24.1 315.5 28.8 0.0
-405.3 -659.9 538.1 -3.6 -310.2 0.0
195.8 -265.1 24.1 -19.8 -302.9 0.0
-213.4 -306.1 24.1 315.4 23.6 0.0
-405.4 -667.7 538.1 -1.5 -310.1 0.0
195.2 -272.7 24.1 -23.7 -302.3 0.0
-205.5 -305.6 24.1 265.6 15.1 -2.1
-405.3 -675.4 538.1 0.3 -310.1 0.0
194.4 -280.2 24.1 -32.3 -301.9 0.0
-197.9 -305.3 24.1 304.5 11.4 0.0
-405.3 -683.2 538.1 2.3 -310.1 0.0
193.4 -287.7 24.1 -39.3 -300.0 0.0
-190.0 -305.1 24.1 315.7 6.9 0.0
-405.2 -691.0 538.1 4.0 -310.0 0.0
192.3 -295.2 24.1 -45.1 -298.4 0.0
-182.1 -305.0 24.1 315.5 3.6 0.0
-405.1 -698.7 538.1 5.5 -310.0 0.0
191.0 -302.6 24.1 -50.1 -297.1 0.0
-174.2 -305.0 24.1 265.4 0.4 -2.3
-404.9 -706.4 538.1 6.7 -309.9 0.0
189.9 -310.5 24.1 -47.1 -314.9 0.0
-166.6 -305.1 24.1 304.3 -3.5 0.0
-404.7 -714.3 538.1 8.2 -312.4 0.0
188.8 -318.4 24.1 -43.4 -315.2 0.0
-159.3 -305.9 24.1 293.0 -32.1 0.0
-404.4 -722.1 538.1 9.4 -312.4 0.0
187.8 -326.3 24.1 -40.3 -315.4 0.0
-152.4 -307.2 24.1 277.0 -50.9 0.0
-404.2 -729.9 538.1 10.3 -312.3 0.0
186.8 -334.1 24.1 -37.7 -315.6 0.0
-145.8 -308.9 24.1 213.7 -63.0 -2.5
-403.9 -737.7 538.1 11.2 -312.3 0.0
186.1 -342.1 24.1 -27.4 -316.5 0.0
-140.1 -311.2 24.1 228.3 -93.0 0.0
-403.6 -745.6 538.1 12.5 -317.3 0.0
185.7 -349.9 24.1 -18.9 -315.7 0.0
-134.4 -314.4 24.1 228.6 -129.4 0.0
-403.3 -753.5 538.1 12.9 -317.2 0.0
-128.9 -318.1 24.1 219.1 -146.1 0.0
-402.9 -761.5 538.1 13.5 -317.2 0.0
-123.7 -321.9 24.1 207.0 -154.4 0.0
-402.6 -769.4 538.1 13.9 -317.2 0.0
-118.8 -326.0 24.1 196.7 -161.5 0.0
-402.2 -777.3 538.1 14.6 -317.2 0.0
-114.2 -331.2 24.1 183.9 -210.3 0.0
-401.8 -785.3 538.1 15.1 -317.1 0.0
-109.9 -337.5 24.1 172.9 -249.9 0.0
-401.5 -793.2 538.1 15.6 -317.1 0.0
-105.9 -343.9 24.1 157.1 -255.6 0.0
-401.1 -801.1 538.1 16.0 -317.1 0.0
-102.4 -350.0 24.1 140.4 -246.7 0.0
-400.6 -809.0 538.1 16.7 -317.1 0.0
-98.0 -356.5 24.1 175.4 -258.7 0.0
-400.2 -817.0 538.1 17.3 -317.0 0.0
-93.3 -362.9 24.1 188.7 -254.7 0.0
-399.8 -824.9 538.1 17.9 -317.0 0.0
-88.4 -369.1 24.1 199.0 -250.5 0.0
-399.3 -832.8 538.1 18.3 -317.0 0.0
-83.2 -375.3 24.1 206.7 -245.9 0.0
-397.0 -839.3 538.1 93.4 -257.5 0.0
-80.3 -379.2 24.1 114.2 -158.8 0.0
-393.0 -844.4 538.1 157.2 -206.9 0.0
-79.4 -381.4 24.1 35.8 -84.5 0.0
-387.7 -848.5 538.1 211.5 -163.9 0.0
-80.2 -381.9 24.1 -31.5 -20.4 0.0
-381.3 -851.7 538.1 257.6 -127.4 0.0
-82.2 -380.9 24.1 -80.5 37.8 0.0
-373.9 -854.1 538.1 297.5 -97.2 0.0
-85.3 -378.7 24.1 -123.6 87.0 0.0
-365.6 -855.9 538.1 330.7 -71.7 0.0
-89.4 -375.5 24.1 -162.2 129.0 0.0
-357.4 -857.3 538.1 328.2 -54.4 0.0
-94.3 -371.4 24.1 -195.1 164.7 0.0
-349.2 -858.3 538.1 326.1 -39.6 0.0
-99.8 -366.5 24.1 -223.2 194.8 0.0
-341.0 -858.8 538.1 331.5 -20.6 0.0
-105.6 -361.2 24.1 -230.8 213.7 0.0
-332.7 -858.9 538.1 328.7 -5.8 0.0
-111.2 -355.8 24.1 -225.1 215.1 0.0
-324.6 -858.8 538.1 325.6 6.6 0.0
-116.7 -350.4 24.1 -220.1 216.2 0.0
-316.5 -858.3 538.1 322.9 17.2 0.0
-122.1 -345.0 24.1 -215.5 216.8 0.0
-308.4 -857.5 538.1 325.3 32.7 0.0
-126.2 -338.5 24.1 -163.1 258.5 0.0
-300.4 -856.5 538.1 318.7 42.5 0.0
-129.2 -331.2 24.1 -119.2 294.0 0.0
-292.7 -855.2 538.1 310.8 50.0 0.0
-131.2 -323.1 24.1 -81.5 324.8 0.0
-285.2 -853.8 538.1 298.7 54.8 0.0
-132.6 -314.7 24.1 -53.9 334.6 0.0
-277.7 -852.1 538.1 300.2 69.5 0.0
-132.3 -307.2 24.1 12.5 298.0 0.0
-270.6 -850.3 538.1 284.2 73.6 0.0
-130.5 -300.6 24.1 68.2 267.0 0.0
-263.9 -848.4 538.1 266.6 74.9 0.0
-127.7 -294.6 24.1 114.9 240.6 0.0
-257.7 -846.5 538.1 247.4 74.0 0.0
-123.8 -289.1 24.1 153.5 217.7 0.0
-251.1 -843.8 538.1 263.1 108.8 0.0
-119.8 -286.0 24.1 162.3 124.3 0.0
-244.9 -841.0 538.1 248.0 113.5 0.0
-115.5 -284.9 24.1 170.7 43.8 0.0
-239.3 -838.3 538.1 225.5 109.1 0.0
-111.1 -285.5 24.1 178.4 -25.7 0.0
-234.0 -835.5 538.1 211.4 109.7 0.0
-106.4 -287.7 24.1 185.5 -85.9 0.0
-228.3 -834.2 538.1 230.6 54.1 0.0
-101.6 -291.1 24.1 192.6 -137.9 0.0
-222.1 -834.0 538.1 247.0 6.8 0.0
-96.6 -295.7 24.1 199.2 -183.2 0.0
-215.6 -834.8 538.1 260.9 -33.3 0.0
-91.5 -301.3 24.1 205.1 -222.3 0.0
-208.8 -836.5 538.1 272.4 -67.3 0.0
-86.5 -307.2 24.1 200.8 -238.4 0.0
-202.7 -838.2 538.1 242.3 -66.5 0.0
-81.8 -313.4 24.1 189.0 -244.9 0.0
-196.5 -840.5 538.1 248.9 -93.9 0.0
-77.3 -319.7 24.1 179.5 -251.9 0.0
-190.1 -843.5 538.1 255.1 -117.9 0.0
-73.0 -326.1 24.1 170.6 -255.6 0.0
-183.6 -846.9 538.1 258.6 -136.3 0.0
-68.9 -332.6 24.1 164.0 -261.2 0.0
-177.0 -850.8 538.1 265.6 -158.9 0.0
-65.1 -339.1 24.1 152.1 -260.2 0.0
-170.3 -855.2 538.1 266.2 -173.3 0.0
-768.0 1088.0 163.0 0.0 0.0 0.0
-61.5 -345.7 24.1 143.1 -263.2 0.0
-163.7 -859.8 538.1 264.0 -182.9 0.0
-768.0 1088.0 156.8 0.0 0.0 -100.0
-58.1 -352.3 24.1 135.6 -265.6 0.0
-157.3 -864.5 538.1 259.0 -188.0 0.0
-768.0 1088.0 154.0 0.0 0.0 -120.0
-54.9 -359.0 24.1 129.3 -267.5 0.0
-150.9 -869.3 538.1 252.9 -192.0 0.0
-768.0 1088.0 152.1 0.0 0.0 0.1
-52.0 -365.4 24.1 115.8 -257.1 0.0
-144.8 -874.1 538.1 245.1 -192.8 0.0
-768.0 1088.0 152.1 0.0 0.0 0.0
-49.3 -371.9 24.1 106.4 -258.9 0.0
-139.0 -878.8 538.1 234.2 -189.5 0.0
-768.0 1088.0 152.1 0.0 0.0 0.0
-46.9 -378.4 24.1 98.4 -260.5 0.0
-133.4 -883.4 538.1 222.1 -183.8 0.0
-768.0 1088.0 152.1 0.0 0.0 0.0
-44.6 -384.9 24.1 91.2 -259.3 0.0
-128.2 -887.8 538.1 206.9 -174.8 0.0
-768.0 1088.0 152.1 0.0 0.0 0.0
-42.9 -391.6 24.1 69.7 -267.2 0.0
-123.5 -891.9 538.1 190.1 -163.2 0.0
-766.7 1087.0 152.1 53.6 -41.9 0.0
-41.6 -398.2 24.1 52.5 -267.0 0.0
-119.2 -895.6 538.1 171.8 -149.2 0.0
-764.2 1085.0 152.1 97.0 -76.5 0.0
-40.6 -404.9 24.1 37.8 -267.1 0.0
-114.6 -899.7 538.1 182.1 -163.8 0.0
-760.7 1082.3 152.1 139.9 -110.2 0.0
-40.0 -411.5 24.1 25.8 -264.8 0.0
-109.7 -904.2 538.1 195.7 -182.5 0.0
-756.3 1078.8 152.1 178.5 -140.3 0.0
-36.9 -416.9 24.1 169.2 -169.0 0.0
-104.6 -909.2 538.1 206.1 -196.9 0.0
-751.0 1074.6 152.1 212.7 -166.9 0.0
-31.6 -421.1 24.1 211.8 -166.8 0.0
-99.3 -914.4 538.1 213.1 -207.8 0.0
-744.9 1069.8 152.1 242.5 -190.8 0.0
-25.4 -425.2 24.1 248.7 -164.8 0.0
-93.8 -919.8 538.1 218.7 -216.3 0.0
-738.7 1064.9 152.1 249.6 -196.3 0.0
-19.0 -429.1 24.1 256.2 -155.1 0.0
-88.2 -925.4 538.1 222.3 -223.5 0.0
-732.4 1060.0 152.1 249.7 -196.1 0.0
-11.9 -431.3 24.1 281.0 -87.0 0.0
-82.7 -931.0 538.1 222.6 -226.6 0.0
-726.2 1055.1 152.1 249.9 -195.8 0.0
-4.4 -432.0 24.1 301.7 -29.7 0.0
-77.1 -936.7 538.1 221.7 -227.4 0.0
-719.9 1050.2 152.1 250.2 -195.5 0.0
3.6 -431.5 24.1 319.0 19.4 0.0
-71.6 -942.4 538.1 219.3 -226.1 0.0
-713.7 1045.4 152.1 248.4 -193.7 0.0
11.9 -430.0 24.1 333.6 60.7 0.0
-66.4 -947.9 538.1 211.4 -219.8 0.0
-707.5 1040.6 152.1 248.4 -193.7 0.0
20.6 -429.8 24.1 349.1 6.8 0.0
-61.3 -953.2 538.1 203.8 -213.2 0.0
-701.5 1036.6 152.1 40.2 40.7 0.0
29.6 -430.8 24.1 359.1 -36.6 0.0
-56.4 -958.3 538.1 192.8 -202.7 0.0
-700.2 1037.9 152.1 52.5 52.6 0.0
38.2 -432.2 24.1 344.9 -58.3 0.0
-51.8 -963.2 538.1 185.2 -196.0 0.0
-698.6 1039.6 152.1 64.5 64.6 0.0
46.5 -434.1 24.1 332.3 -76.2 0.0
-47.5 -967.8 538.1 174.2 -185.7 0.0
-695.5 1040.2 152.1 125.7 26.6 0.0
54.9 -437.0 24.1 332.5 -113.5 0.0
-43.1 -972.5 538.1 173.2 -186.6 0.0
-691.2 1040.8 152.1 169.2 21.1 0.0
62.8 -440.2 24.1 316.7 -129.5 0.0
-38.8 -977.1 538.1 172.4 -187.3 0.0
-686.2 1041.2 152.1 203.0 16.6 0.0
70.4 -443.8 24.1 303.5 -143.5 0.0
-34.5 -981.8 538.1 171.7 -187.9 0.0
-680.5 1041.5 152.1 227.2 12.8 0.0
77.7 -447.7 24.1 292.0 -155.0 0.0
-30.9 -985.8 538.1 146.0 -159.7 0.0
-674.5 1041.7 152.1 239.7 9.7 0.0
84.8 -452.3 24.1 285.5 -186.5 0.0
-27.8 -989.2 538.1 124.1 -135.8 0.0
-668.5 1041.9 152.1 240.7 5.0 0.0
91.5 -457.3 24.1 269.3 -197.5 0.0
-25.1 -992.1 538.1 105.5 -115.4 0.0
-662.2 1041.9 152.1 252.9 0.1 0.0
98.0 -462.5 24.1 257.0 -209.0 0.0
-22.9 -994.6 538.1 89.6 -98.1 0.0
-655.6 1041.8 152.1 262.8 -4.3 0.0
104.1 -467.9 24.1 245.3 -216.9 0.0
-21.0 -996.6 538.1 76.2 -83.4 0.0
-648.8 1041.6 152.1 272.4 -7.9 0.0
109.7 -474.2 24.1 224.7 -251.8 0.0
-19.4 -998.4 538.1 64.8 -70.9 0.0
-641.8 1039.8 152.1 278.2 -68.6 0.0
114.8 -480.7 24.1 202.0 -259.7 0.0
-17.9 -1000.1 538.1 59.2 -65.7 0.0
-634.8 1036.9 152.1 282.6 -119.0 0.0
119.3 -487.4 24.1 183.5 -269.4 0.0
-16.4 -1001.7 538.1 58.3 -66.5 0.0
-627.6 1032.8 152.1 285.9 -161.3 0.0
123.5 -494.3 24.1 167.3 -275.8 0.0
-14.3 -1003.6 538.1 83.7 -73.2 0.0
-620.9 1028.6 152.1 267.9 -169.8 0.0
125.2 -500.6 24.1 67.1 -251.0 0.0
-11.7 -1005.6 538.1 106.5 -80.2 0.0
-615.2 1025.0 152.1 227.7 -144.3 0.0
124.7 -506.4 24.1 -18.6 -230.1 0.0
-8.5 -1007.7 538.1 125.9 -86.2 0.0
-610.0 1021.6 152.1 208.5 -134.5 0.0
122.4 -511.7 24.1 -92.0 -212.9 0.0
-5.2 -1009.9 538.1 133.9 -86.9 0.0
-604.9 1018.3 152.1 202.3 -134.4 0.0
118.6 -516.6 24.1 -154.4 -197.9 0.0
-0.4 -1011.9 538.1 193.0 -78.7 0.0
-600.1 1015.0 152.1 194.3 -132.1 0.0
116.1 -522.7 24.1 -100.2 -241.3 0.0
5.7 -1013.6 538.1 243.3 -71.7 0.0
-992.0 192.0 293.0 0.0 0.0 0.0
-595.1 1011.4 152.1 197.8 -142.1 0.0
114.7 -529.6 24.1 -54.3 -278.2 0.0
12.9 -1015.3 538.1 286.0 -65.8 0.0
-992.0 192.0 286.8 0.0 0.0 -100.0
-590.4 1007.9 152.1 189.3 -140.3 0.0
116.9 -534.7 24.1 147.4 -147.0 0.0
20.7 -1016.8 538.1 314.4 -60.3 0.0
-992.0 192.0 284.0 0.0 0.0 -120.0
-585.9 1004.4 152.1 181.3 -137.8 0.0
121.4 -539.2 24.1 177.2 -177.1 0.0
28.7 -1018.1 538.1 317.7 -53.7 0.0
-992.0 192.0 282.1 0.0 0.0 0.1
-581.3 1000.9 152.1 182.9 -143.5 0.0
126.4 -544.3 24.1 203.6 -203.6 0.0
36.6 -1019.3 538.1 318.0 -48.0 0.0
-992.0 192.0 282.1 0.0 0.0 0.0
-576.7 996.1 152.1 183.2 -189.6 0.0
131.8 -549.6 24.1 213.2 -214.5 0.0
44.6 -1020.4 538.1 318.3 -43.2 0.0
-992.0 192.0 282.1 0.0 0.0 0.0
-572.1 990.4 152.1 183.2 -227.5 0.0
137.1 -555.0 24.1 212.7 -214.9 0.0
52.5 -1021.4 538.1 318.5 -39.0 0.0
-990.2 192.3 282.1 70.4 10.2 0.0
-567.5 984.6 151.9 185.0 -231.8 -20.0
142.4 -560.4 24.1 214.0 -217.1 0.0
60.5 -1022.3 538.1 318.8 -35.2 0.0
-987.0 192.7 282.1 127.9 18.7 0.0
-562.9 978.8 151.1 185.0 -231.8 -40.0
145.7 -563.7 24.1 128.3 -131.3 0.0
68.5 -1023.1 538.1 318.9 -31.9 0.0
-982.5 193.4 282.1 182.3 26.6 0.0
-558.5 973.0 149.9 177.4 -232.9 -60.0
147.0 -565.2 24.1 54.9 -58.0 0.0
76.5 -1023.8 538.1 319.1 -29.2 0.0
-976.7 194.2 282.1 230.4 33.6 0.0
-554.2 967.2 148.1 169.8 -234.0 -80.0
146.8 -565.0 24.1 -9.5 6.6 0.0
84.4 -1024.5 538.1 319.2 -26.8 0.0
-970.2 194.5 282.1 259.9 12.4 0.0
-550.2 961.3 145.9 162.3 -235.1 -100.0
145.4 -563.7 24.1 -54.4 53.4 0.0
92.4 -1025.1 538.1 316.8 -24.5 0.0
-963.0 194.4 282.1 289.2 -6.5 0.0
-546.3 955.4 143.1 154.8 -236.1 -120.0
145.8 -563.7 24.1 13.8 -2.3 0.0
100.3 -1025.7 538.1 316.9 -22.6 0.0
-955.5 193.9 282.1 301.7 -19.6 0.0
-542.6 949.6 139.9 148.9 -231.9 -140.0
147.2 -564.8 24.1 57.5 -45.0 0.0
108.2 -1026.2 538.1 316.9 -21.0 0.0
-947.7 193.1 282.1 311.7 -30.2 0.0
-539.0 943.9 136.1 143.1 -227.7 -160.0
149.8 -566.9 24.1 103.2 -81.0 0.0
116.1 -1026.7 538.1 317.0 -19.6 0.0
-939.8 192.7 282.1 315.9 -18.2 0.0
-535.6 938.3 131.9 137.2 -223.4 -180.0
153.4 -569.7 24.1 144.5 -113.7 0.0
124.1 -1027.1 538.1 319.6 -18.4 0.0
-932.1 192.4 282.1 307.4 -9.5 0.0
-532.3 932.8 127.1 131.2 -219.1 -200.0
157.9 -573.2 24.1 179.3 -141.1 0.0
132.1 -1027.6 538.1 319.6 -17.3 0.0
-924.5 192.4 282.1 303.5 -1.6 0.0
-529.2 927.3 121.9 123.7 -219.7 -220.0
163.1 -577.3 24.1 208.3 -164.0 0.0
140.1 -1028.0 538.1 319.6 -16.4 0.0
-917.0 192.5 282.1 300.0 5.0 0.0
-526.3 921.8 116.1 116.3 -220.4 -240.0
168.6 -581.7 24.1 221.7 -174.6 0.0
148.1 -1028.4 538.1 319.7 -15.6 0.0
-909.6 192.8 282.1 296.8 10.9 0.0
-523.6 916.3 112.1 109.0 -221.0 0.3
174.1 -586.0 24.1 219.7 -173.1 0.0
156.1 -1028.7 538.1 319.7 -14.8 0.0
-902.1 193.2 282.1 298.5 16.8 0.0
-523.1 911.5 112.1 19.2 -194.1 0.0
179.6 -590.3 24.1 217.7 -171.5 0.0
164.1 -1029.1 538.1 319.7 -14.2 0.0
-894.5 193.8 282.1 302.6 21.9 0.0
-522.8 906.6 111.9 12.6 -195.8 -20.0
184.9 -594.5 24.1 213.7 -168.4 0.0
172.1 -1029.4 538.1 319.7 -13.6 0.0
-886.9 194.4 282.1 307.1 26.7 0.0
-522.6 901.6 111.1 6.1 -197.4 -40.0
190.2 -598.7 24.1 209.9 -165.2 0.0
180.1 -1029.8 538.1 319.7 -13.2 0.0
-879.1 195.2 282.1 309.1 30.8 0.0
-522.6 896.6 109.9 -0.4 -199.1 -60.0
195.4 -602.8 24.1 207.9 -163.7 0.0
188.0 -1030.1 538.1 317.2 -13.0 0.0
-871.3 196.1 282.1 313.5 34.8 0.0
-522.8 891.6 108.1 -7.0 -200.7 -80.0
200.5 -606.8 24.1 204.0 -160.4 0.0
195.9 -1030.4 538.1 317.2 -12.9 0.0
-863.4 197.0 282.1 315.5 37.5 0.0
-523.2 886.6 105.9 -14.7 -200.0 -100.0
205.5 -610.7 24.1 200.2 -157.1 0.0
203.9 -1030.7 538.1 317.2 -12.8 0.0
-855.5 198.0 282.1 315.2 39.5 0.0
-523.7 881.6 103.1 -22.4 -199.3 -120.0
210.4 -614.5 24.1 196.3 -153.9 0.0
211.8 -1031.0 538.1 317.2 -12.7 0.0
-847.7 199.0 282.1 315.0 41.7 0.0
-524.5 876.7 99.9 -30.1 -198.6 -140.0
215.2 -618.4 24.1 194.3 -152.4 0.0
219.7 -1031.3 538.1 317.3 -12.2 0.0
-839.8 200.1 282.1 314.7 43.8 0.0
-525.4 871.7 96.1 -37.8 -197.9 -160.0
219.9 -622.0 24.1 188.5 -147.5 0.0
227.5 -1031.6 538.1 312.2 -11.6 0.0
-831.9 201.3 282.1 314.4 45.6 0.0
-526.5 866.8 91.9 -44.9 -198.8 -180.0
224.6 -625.6 24.1 184.7 -144.2 0.0
235.1 -1031.9 538.1 304.7 -11.0 0.0
-824.1 202.4 282.1 314.1 46.9 0.0
-527.8 861.8 87.1 -52.0 -199.8 -200.0
229.1 -629.2 24.1 180.9 -140.9 0.0
242.4 -1032.2 538.1 292.1 -10.3 0.0
-816.2 203.6 282.1 313.9 48.2 0.0
-529.3 856.8 81.9 -59.2 -200.7 -220.0
233.6 -632.6 24.1 179.1 -139.1 0.0
249.4 -1032.4 538.1 277.0 -9.6 0.0
-808.4 204.9 282.1 313.7 49.3 0.0
-531.0 851.7 80.1 -66.4 -201.6 0.2
237.6 -637.6 24.1 163.4 -196.9 0.0
255.8 -1032.6 538.1 259.4 -8.8 0.0
-800.6 206.1 282.1 313.5 50.4 0.0
-534.2 848.2 80.1 -128.6 -139.8 0.0
241.4 -643.7 24.1 150.5 -245.8 0.0
261.8 -1032.8 538.1 239.2 -8.0 0.0
-792.7 207.4 282.1 313.4 51.1 0.0
-537.6 844.8 79.9 -135.8 -136.7 -20.0
244.9 -650.9 24.1 139.4 -287.5 0.0
267.7 -1033.0 538.1 234.2 -7.8 0.0
-784.9 208.7 282.1 313.2 52.0 0.0
-541.2 841.5 79.1 -143.0 -133.5 -40.0
248.1 -658.5 24.1 127.1 -302.1 0.0
274.0 -1033.2 538.1 254.4 -8.2 0.0
-777.1 210.0 282.1 313.1 52.4 0.0
-544.9 838.2 77.9 -150.3 -130.4 -60.0
250.8 -666.2 24.1 111.4 -311.2 0.0
280.9 -1033.5 538.1 274.5 -8.9 0.0
-769.2 211.4 282.1 313.0 53.2 0.0
-548.9 834.9 76.1 -157.5 -131.6 -80.0
253.3 -674.0 24.1 97.4 -312.5 0.0
288.1 -1033.7 538.1 289.6 -9.4 0.0
-761.4 212.7 282.1 312.9 53.7 0.0
-553.0 831.6 73.9 -164.7 -132.9 -100.0
255.4 -681.9 24.1 85.6 -312.9 0.0
295.7 -1033.9 538.1 302.2 -9.8 0.0
-753.6 214.1 282.1 312.8 54.1 0.0
-557.3 828.2 71.1 -172.1 -134.1 -120.0
257.3 -689.7 24.1 75.5 -313.7 0.0
303.4 -1034.2 538.1 309.8 -10.0 0.0
-745.8 215.4 282.1 312.8 54.3 0.0
-561.8 824.9 67.9 -179.5 -135.4 -140.0
258.9 -697.7 24.1 63.7 -318.0 0.0
311.4 -1034.4 538.1 317.3 -10.3 0.0
-738.0 216.8 282.1 312.7 54.8 0.0
-566.4 821.4 64.1 -185.6 -138.0 -160.0
260.2 -705.6 24.1 53.7 -318.0 0.0
319.3 -1034.7 538.1 317.3 -10.3 0.0
-730.1 218.1 282.1 312.8 54.6 0.0
-571.9 817.8 64.1 -220.1 -144.6 0.1
261.4 -713.6 24.1 45.2 -317.9 0.0
327.2 -1034.9 538.1 317.3 -9.8 0.0
-722.3 219.5 282.1 312.8 54.5 0.0
-577.9 814.2 64.1 -239.2 -145.3 0.0
262.3 -721.5 24.1 37.6 -318.1 0.0
335.1 -1035.2 538.1 312.3 -9.2 0.0
-714.5 220.9 282.1 312.8 54.5 0.0
-583.9 810.5 63.9 -241.3 -146.3 -20.0
263.0 -729.6 24.1 26.7 -321.9 0.0
342.7 -1035.4 538.1 304.8 -8.7 0.0
-706.7 222.2 282.1 312.8 54.5 0.0
-590.0 806.8 63.1 -241.3 -146.3 -40.0
263.4 -737.6 24.1 18.0 -320.8 0.0
350.0 -1035.6 538.1 292.2 -8.3 0.0
-698.9 223.6 282.1 312.8 54.3 0.0
-596.0 803.2 61.9 -242.6 -146.9 -60.0
263.7 -745.6 24.1 10.8 -320.0 0.0
357.3 -1035.8 538.1 292.2 -8.1 0.0
-691.0 224.9 282.1 312.8 54.5 0.0
-602.2 799.4 60.1 -247.2 -149.1 -80.0
263.8 -753.6 24.1 4.5 -319.5 0.0
364.3 -1036.0 538.1 282.1 -7.6 0.0
-683.2 226.3 282.1 312.7 54.7 0.0
-608.4 795.7 57.9 -249.5 -150.2 -100.0
263.6 -761.5 24.1 -8.2 -318.0 0.0
371.4 -1036.2 538.1 282.1 -7.4 0.0
-675.4 227.7 282.1 312.8 54.6 0.0
-614.6 791.8 55.1 -245.2 -154.0 -120.0
263.1 -769.4 24.1 -18.8 -315.4 0.0
378.4 -1036.4 538.1 282.1 -7.3 0.0
-667.6 229.0 282.1 312.7 54.7 0.0
-620.6 787.9 51.9 -240.9 -157.7 -140.0
262.5 -777.2 24.1 -27.8 -313.1 0.0
385.5 -1036.5 538.1 282.1 -7.1 0.0
-659.8 230.4 282.1 312.7 54.8 0.0
-626.5 783.9 48.1 -236.6 -161.5 -160.0
261.6 -785.0 24.1 -35.4 -311.1 0.0
392.4 -1036.7 538.1 274.6 -7.1 0.0
-651.9 231.8 282.1 312.7 54.8 0.0
-632.3 779.7 43.9 -232.1 -165.3 -180.0
260.7 -792.9 24.1 -36.2 -315.4 0.0
399.2 -1036.9 538.1 274.6 -7.2 0.0
-644.1 233.2 282.1 312.7 55.1 0.0
-637.9 775.6 40.1 -224.8 -166.8 0.2
259.8 -800.8 24.1 -36.4 -315.4 0.0
406.1 -1037.1 538.1 274.5 -7.3 0.0
-636.3 234.6 282.1 312.6 55.5 0.0
-640.9 771.6 40.1 0.1 -156.6 0.0
258.8 -808.7 24.1 -36.4 -315.4 0.0
412.9 -1037.3 538.1 274.5 -7.4 0.0
-628.5 235.9 282.1 312.6 55.7 0.0
-639.1 767.9 40.1 72.3 -147.9 0.0
257.9 -816.5 24.1 -36.3 -315.4 0.0
419.7 -1037.4 538.1 269.5 -7.3 0.0
-620.7 237.3 282.1 312.6 55.7 0.0
-637.1 764.2 39.9 79.5 -149.3 -20.0
257.0 -824.4 24.1 -36.8 -315.3 0.0
426.4 -1037.6 538.1 269.5 -7.3 0.0
-612.9 238.7 282.1 312.5 56.1 0.0
-634.9 760.4 39.1 86.6 -150.7 -40.0
256.1 -832.3 24.1 -37.5 -315.3 0.0
433.2 -1037.8 538.1 269.5 -7.3 0.0
-605.1 240.1 282.1 310.0 55.9 0.0
-632.6 756.6 37.9 93.6 -152.0 -60.0
255.1 -840.2 24.1 -37.8 -315.2 0.0
439.9 -1038.0 538.1 269.5 -7.3 0.0
-597.4 241.5 282.1 309.9 56.0 0.0
-630.1 752.8 36.1 100.7 -153.3 -80.0
254.2 -848.1 24.1 -38.2 -315.2 0.0
445.6 -1038.1 538.1 229.1 -6.2 0.0
-589.7 242.9 282.1 307.4 55.8 0.0
-627.4 748.9 33.9 107.7 -154.7 -100.0
253.4 -856.0 24.1 -30.7 -318.8 0.0
450.5 -1038.3 538.1 194.7 -5.3 0.0
-582.1 244.3 282.1 302.5 54.7 0.0
-624.5 745.0 31.1 112.7 -157.6 -120.0
252.8 -864.0 24.1 -24.5 -318.4 0.0
454.6 -1038.4 538.1 165.5 -4.5 0.0
-574.6 245.7 282.1 300.0 54.2 0.0
-621.6 741.0 27.9 117.7 -160.5 -140.0
252.3 -872.0 24.1 -19.4 -318.2 0.0
458.1 -1038.5 538.1 140.7 -3.8 0.0
-567.2 247.0 282.1 295.0 53.4 0.0
-618.5 736.9 24.1 122.7 -163.5 -160.0
251.9 -879.9 24.1 -14.8 -318.2 0.0
462.7 -1038.6 538.1 183.8 -5.3 0.0
-560.0 248.3 282.1 290.1 52.6 0.0
-614.7 732.7 24.1 154.2 -168.4 0.1
251.9 -887.9 24.1 -1.2 -318.7 0.0
468.3 -1038.8 538.1 220.4 -6.6 0.0
-552.9 249.6 282.1 282.7 51.1 0.0
-609.9 728.6 24.1 192.2 -165.0 0.0
252.1 -895.8 24.1 9.5 -316.0 0.0
474.5 -1039.0 538.1 251.6 -7.7 0.0
-546.0 250.8 282.1 277.7 50.2 0.0
-604.4 724.6 24.1 220.9 -160.7 0.0
252.6 -903.7 32.1 19.3 -316.4 0.0
481.0 -1039.2 538.1 256.9 -8.0 0.0
-539.2 252.1 282.1 270.3 48.7 0.0
-598.7 720.8 24.1 227.1 -150.7 0.0
253.3 -911.6 32.1 26.9 -314.5 0.0
487.4 -1039.4 537.9 256.6 -9.4 -20.0
-532.7 253.2 282.1 260.4 46.9 0.0
-592.9 717.2 24.1 233.1 -142.2 0.0
254.3 -919.2 40.1 39.0 -305.9 0.0
493.8 -1039.7 537.1 256.3 -10.8 -40.0
-526.5 254.4 282.1 250.5 45.1 0.0
-587.7 712.2 24.1 204.6 -199.3 0.0
255.5 -926.7 40.1 50.4 -301.2 0.0
496.9 -1040.0 535.9 -0.3 -12.2 -60.0
-520.4 255.5 282.1 243.0 43.9 0.0
-583.2 706.0 24.1 180.1 -247.9 0.0
257.0 -934.2 48.1 60.1 -297.2 0.0
496.9 -1040.3 534.1 -0.5 -13.7 -80.0
-514.6 256.5 282.1 230.6 41.6 0.0
-579.2 698.8 24.1 159.6 -289.9 0.0
258.7 -941.5 48.1 68.3 -293.8 0.0
496.8 -1040.7 532.1 -2.0 -15.0 0.1
-509.0 257.5 282.1 223.2 40.1 0.0
-575.7 691.1 24.1 140.5 -307.2 0.0
259.6 -949.5 56.1 35.3 -321.1 0.0
496.4 -1041.0 532.1 -14.4 -13.3 0.0
-503.1 258.5 282.1 235.6 42.2 0.0
-572.7 683.3 24.1 119.3 -312.7 0.0
260.0 -957.6 56.1 14.4 -322.0 0.0
496.0 -1041.4 532.1 -17.8 -16.3 0.0
-497.1 259.6 282.1 243.1 43.5 0.0
-570.2 675.4 24.1 101.4 -315.1 0.0
260.0 -965.5 64.1 -1.4 -316.7 0.0
495.5 -1041.9 532.1 -21.1 -19.4 0.0
-490.7 260.8 282.1 253.0 45.2 0.0
-568.1 667.6 24.1 86.2 -314.9 0.0
259.6 -973.3 64.1 -15.2 -312.8 0.0
494.9 -1042.5 532.1 -24.6 -22.3 0.0
-484.2 261.9 282.1 262.9 47.0 0.0
-566.2 659.7 24.1 73.4 -314.7 0.0
258.8 -981.0 72.1 -29.3 -306.2 0.0
494.2 -1043.1 532.1 -28.0 -25.3 0.0
-477.4 263.1 282.1 270.4 48.1 0.0
-564.7 651.8 24.1 59.9 -313.7 0.0
257.8 -988.5 72.1 -41.9 -301.6 0.0
493.4 -1043.8 532.1 -31.3 -28.3 0.0
-470.5 264.4 282.1 277.9 49.3 0.0
-563.5 644.0 24.1 48.0 -313.5 0.0
256.5 -995.9 80.1 -52.3 -297.2 0.0
492.5 -1044.6 532.1 -34.7 -31.3 0.0
-463.3 265.6 282.1 285.4 50.3 0.0
-562.6 636.2 24.1 38.1 -312.7 0.0
254.9 -1003.3 80.1 -61.9 -295.7 0.0
491.9 -1045.1 532.1 -23.6 -21.3 0.0
-456.1 266.9 282.1 290.3 51.1 0.0
-561.8 628.4 24.1 29.6 -312.3 0.0
253.8 -1011.4 88.1 -45.8 -323.2 0.0
491.6 -1045.4 532.1 -12.5 -11.2 0.0
-448.7 268.2 282.1 295.3 52.0 0.0
-561.3 620.7 24.1 20.8 -308.6 0.0
252.9 -1019.5 88.1 -34.6 -322.0 0.0
491.6 -1045.5 532.1 -1.3 -1.2 0.0
-441.2 269.5 282.1 300.3 52.9 0.0
-561.0 613.0 24.1 12.8 -308.0 0.0
252.3 -1027.5 96.1 -25.0 -321.1 0.0
491.6 -1045.5 532.1 -0.0 -0.0 0.0
-433.6 270.9 282.1 302.8 53.1 0.0
-560.8 605.4 24.1 6.4 -304.7 0.0
251.9 -1035.5 96.1 -16.9 -320.4 0.0
491.0 -1044.1 532.1 -21.2 53.9 0.0
-426.0 272.2 282.1 305.3 53.4 0.0
-560.8 597.7 24.1 0.6 -304.1 0.0
251.9 -1043.4 104.1 2.5 -315.6 0.0
490.1 -1041.6 532.1 -38.8 99.3 0.0
-418.3 273.5 282.1 307.8 53.7 0.0
-561.0 590.3 24.1 -5.4 -299.6 0.0
252.4 -1051.1 104.1 18.0 -309.1 0.0
488.6 -1037.9 538.1 -57.8 147.7 0.0
-410.5 274.9 282.1 310.3 54.2 0.0
-561.2 582.8 24.1 -11.0 -296.5 0.0
253.2 -1058.7 112.1 31.6 -304.3 0.0
486.8 -1033.1 538.1 -75.2 193.1 0.0
-402.9 276.2 282.1 305.3 53.3 0.0
-561.6 575.5 24.1 -15.8 -295.7 0.0
254.3 -1066.3 112.1 43.6 -301.9 0.0
484.2 -1027.5 538.1 -100.4 223.1 0.0
-395.6 277.5 282.1 292.9 51.1 0.0
-562.1 568.1 24.1 -19.7 -292.6 0.0
255.4 -1074.1 120.1 45.1 -311.7 0.0
481.1 -1021.2 538.1 -124.2 251.5 0.0
-388.8 278.7 282.1 270.5 47.3 0.0
-562.7 560.9 24.1 -24.1 -287.8 0.0
256.5 -1081.9 120.1 45.0 -311.7 0.0
477.6 -1014.5 538.1 -139.9 269.1 0.0
-382.8 279.7 282.1 240.8 42.2 0.0
-563.4 553.8 24.1 -28.3 -284.6 0.0
257.7 -1089.7 128.1 45.1 -311.7 0.0
474.1 -1007.8 538.1 -142.9 267.2 0.0
-377.9 282.1 282.1 196.1 93.2 0.0
-564.2 546.7 24.1 -32.1 -283.8 0.0
258.8 -1097.4 128.1 45.0 -311.7 0.0
471.1 -1002.8 538.1 -120.6 201.3 0.0
-374.0 285.7 282.1 156.9 144.6 0.0
-565.1 539.7 24.1 -35.3 -283.1 0.0
259.4 -1105.5 136.1 25.5 -322.9 0.0
468.5 -999.1 538.1 -101.7 146.6 0.0
-370.9 290.5 282.1 122.6 193.9 0.0
-566.1 532.8 24.1 -39.1 -276.1 0.0
259.7 -1113.5 136.1 11.7 -319.9 0.0
466.4 -996.6 538.1 -85.7 101.3 0.0
-368.6 296.5 282.1 93.1 240.2 0.0
-567.2 525.9 24.1 -43.2 -274.9 0.0
259.7 -1121.5 144.1 -0.2 -317.4 0.0
464.6 -995.0 538.1 -72.0 62.8 0.0
-367.2 303.5 282.1 54.8 279.8 0.0
-568.3 519.0 24.1 -46.9 -274.0 0.0
259.5 -1129.3 144.1 -9.9 -314.9 0.0
462.9 -992.0 538.1 -68.5 120.5 0.0
-366.6 311.3 282.1 22.5 312.1 0.0
-569.6 512.2 24.1 -50.1 -273.2 0.0
258.9 -1137.2 152.1 -20.6 -312.9 0.0
461.2 -987.9 538.1 -65.6 165.6 0.0
-366.6 319.2 282.1 3.4 313.7 0.0
-570.9 505.9 24.1 -50.8 -251.9 0.0
258.2 -1144.9 152.1 -29.4 -310.3 0.0
459.7 -982.9 538.1 -62.3 200.9 0.0
-366.7 326.4 282.1 -4.6 289.9 0.0
-572.3 499.6 24.1 -58.5 -251.2 0.0
257.3 -1152.6 152.1 -37.1 -308.5 0.0
458.2 -977.1 538.1 -59.6 230.9 0.0
-366.9 332.9 282.1 -9.9 258.2 0.0
-573.9 493.4 24.1 -64.6 -248.9 0.0
256.2 -1160.3 160.1 -43.5 -306.6 0.0
455.3 -971.7 538.1 -114.7 215.2 0.0
-367.9 339.8 282.1 -37.8 277.4 0.0
-575.7 487.2 24.1 -70.5 -249.0 0.0
255.3 -1168.2 160.1 -37.5 -317.1 0.0
451.4 -966.7 538.1 -157.2 200.8 0.0
-369.4 347.2 282.1 -62.0 293.9 0.0
-578.7 480.8 24.1 -117.9 -255.1 0.0
254.4 -1176.1 168.1 -32.4 -317.1 0.0
446.8 -962.0 538.1 -183.8 185.7 0.0
-371.4 354.8 282.1 -80.9 304.3 0.0
-582.6 474.3 24.1 -156.7 -259.1 0.0
253.7 -1184.1 168.1 -28.2 -317.1 0.0
442.0 -957.9 538.1 -189.2 167.7 0.0
-374.3 362.6 282.1 -112.9 314.9 0.0
-586.6 468.3 24.1 -161.9 -241.8 0.0
253.1 -1192.0 176.1 -24.7 -317.1 0.0
436.6 -955.7 538.1 -216.6 87.0 0.0
-377.3 370.2 282.1 -123.3 302.9 0.0
-590.6 462.7 24.1 -160.4 -222.7 0.0
252.9 -1200.0 176.1 -10.6 -321.0 0.0
430.6 -955.2 538.1 -240.2 18.6 0.0
-380.7 377.5 282.1 -132.2 292.9 0.0
-595.4 457.2 24.1 -191.7 -220.2 0.0
252.9 -1208.0 184.1 0.5 -318.9 0.0
424.1 -956.2 538.1 -260.1 -39.5 0.0
-384.2 384.6 282.1 -140.0 284.1 0.0
-600.2 452.1 24.1 -189.9 -202.3 0.0
253.1 -1215.9 184.1 9.6 -316.8 0.0
417.2 -958.4 538.1 -277.1 -88.9 0.0
-387.9 391.0 282.1 -150.2 252.7 0.0
-604.9 447.5 24.1 -189.4 -187.6 0.0
253.6 -1223.8 192.1 17.7 -315.4 0.0
411.6 -961.3 538.1 -222.0 -113.5 0.0
-392.1 396.7 282.1 -167.2 228.9 0.0
-609.6 443.1 24.1 -187.8 -174.7 0.0
254.1 -1231.7 192.1 23.0 -315.5 0.0
407.3 -964.6 538.1 -175.1 -134.5 0.0
-396.8 401.9 282.1 -187.1 210.6 0.0
-615.2 438.8 24.1 -223.1 -172.9 0.0
254.8 -1239.6 200.1 27.3 -314.7 0.0
403.9 -968.4 538.1 -135.3 -152.3 0.0
-401.9 406.8 282.1 -206.1 195.6 0.0
-620.9 434.7 24.1 -229.0 -162.2 0.0
255.6 -1247.4 200.1 31.3 -314.2 0.0
401.3 -972.6 538.1 -101.4 -167.4 0.0
-407.2 412.7 282.1 -210.7 235.1 0.0
-626.8 430.9 24.1 -235.1 -153.5 0.0
256.5 -1255.2 208.1 34.4 -313.6 0.0
400.7 -977.4 538.1 -27.1 -193.3 0.0
-412.2 418.7 282.1 -199.8 239.9 0.0
-632.8 427.2 24.1 -242.9 -147.2 0.0
257.1 -1263.2 208.1 27.8 -318.4 0.0
401.6 -982.8 538.1 36.1 -215.3 0.0
-416.8 424.6 282.1 -186.2 235.9 0.0
-639.9 423.8 24.1 -283.2 -136.0 0.0
257.7 -1271.2 217.1 22.3 -318.2 0.0
403.8 -988.7 538.1 89.9 -234.0 0.0
-421.2 430.4 282.1 -173.8 231.1 0.0
-647.4 420.7 24.1 -300.0 -124.4 0.0
258.2 -1279.1 217.1 17.7 -318.1 0.0
407.2 -994.9 538.1 135.5 -249.9 0.0
-425.1 435.8 282.1 -156.0 217.2 0.0
-655.0 417.9 24.1 -304.4 -112.9 0.0
258.5 -1287.1 217.1 13.7 -318.0 0.0
408.5 -1000.4 538.1 52.8 -220.7 0.0
-428.7 441.1 282.1 -143.3 211.2 0.0
-662.7 415.3 24.1 -305.9 -102.8 0.0
258.6 -1295.0 217.1 2.7 -318.3 0.0
408.2 -1005.3 538.1 -12.6 -195.5 0.0
-432.0 446.3 282.1 -132.9 207.3 0.0
-669.7 412.7 24.1 -282.4 -101.9 0.0
258.4 -1302.9 217.1 -6.7 -316.9 0.0
406.4 -1009.7 538.1 -70.6 -174.2 0.0
-435.1 451.4 282.1 -123.7 202.9 0.0
-676.9 409.8 24.1 -285.2 -116.0 0.0
258.0 -1310.8 217.1 -14.6 -315.4 0.0
403.3 -1013.6 538.1 -125.0 -156.6 0.0
-438.0 456.9 282.1 -118.5 220.8 0.0
-684.0 406.7 24.1 -284.7 -125.9 0.0
257.5 -1318.7 217.1 -21.0 -313.9 0.0
400.7 -1016.9 538.1 -106.2 -133.1 0.0
-440.8 462.4 282.1 -110.7 222.6 0.0
-691.1 403.3 24.1 -284.9 -134.8 0.0
256.9 -1323.4 217.1 -22.3 -189.5 0.0
398.4 -1019.8 538.1 -90.3 -113.1 0.0
-443.4 468.1 282.1 -104.0 224.7 0.0
-698.2 399.7 24.1 -282.3 -145.4 0.0
256.4 -1325.6 217.1 -23.2 -87.5 0.0
396.5 -1022.2 538.1 -76.8 -96.2 0.0
-445.8 473.7 282.1 -97.6 223.9 0.0
-705.2 395.8 24.1 -281.1 -155.3 0.0
255.8 -1325.7 217.1 -23.5 -5.1 0.0
394.9 -1024.2 538.1 -65.2 -81.7 0.0
-448.1 480.1 282.1 -88.9 258.1 0.0
-712.1 391.8 24.1 -276.7 -160.8 0.0
255.5 -1324.3 217.1 -12.3 59.1 0.0
393.1 -1026.3 544.8 -70.8 -82.8 255.0
-450.1 486.6 282.1 -79.4 260.9 0.0
-718.9 387.6 24.1 -273.0 -165.7 0.0
253.7 -1322.9 217.1 -72.6 55.1 0.0
391.2 -1028.4 550.9 -76.3 -83.9 235.0
-451.8 493.0 282.1 -70.7 256.6 0.0
-725.7 383.2 24.1 -270.0 -178.0 0.0
250.8 -1321.5 217.1 -116.0 55.4 0.0
389.1 -1030.5 556.5 -81.8 -85.0 215.0
-453.4 499.3 282.1 -63.3 252.3 0.0
-732.3 378.6 24.1 -263.6 -184.8 0.0
246.7 -1320.1 217.1 -161.9 57.7 0.0
387.0 -1032.7 561.6 -87.4 -86.1 195.0
-454.3 506.5 282.1 -35.5 287.8 0.0
-738.7 373.8 24.1 -258.0 -190.5 0.0
241.5 -1318.5 217.1 -207.9 60.6 0.0
384.8 -1034.8 566.2 -87.4 -86.1 175.0
-454.6 514.4 282.1 -12.9 312.6 0.0
-745.1 368.9 24.1 -253.2 -195.4 0.0
235.2 -1317.0 217.1 -251.6 62.1 0.0
382.6 -1037.0 570.4 -87.4 -86.1 155.0
-454.6 522.0 282.1 90.0 4.0 758.0
-750.6 363.3 24.1 -219.4 -224.0 0.0
227.9 -1315.4 217.1 -291.2 63.6 0.0
380.4 -1039.1 574.0 -87.4 -86.1 135.0
-452.3 522.3 300.8 91.8 11.1 738.0
-755.3 357.7 24.1 -189.1 -226.2 0.0
220.2 -1313.8 217.1 -311.7 63.2 0.0
378.2 -1041.3 577.1 -87.4 -86.1 115.0
-449.9 522.5 319.0 97.5 5.6 718.0
-759.4 352.0 24.1 -163.3 -228.4 0.0
212.4 -1312.3 217.1 -312.0 60.6 0.0
376.0 -1043.4 579.8 -87.4 -86.1 95.0
-447.3 522.5 336.7 103.3 0.2 698.0
-762.9 346.2 24.1 -141.4 -229.6 0.0
204.6 -1310.9 217.1 -310.1 57.5 0.0
373.8 -1045.6 581.9 -87.4 -86.1 75.0
-444.6 522.3 353.9 109.0 -5.3 678.0
-767.4 341.6 24.1 -179.5 -183.2 0.0
197.1 -1309.5 217.1 -300.4 53.8 0.0
371.7 -1047.7 583.5 -87.4 -86.1 55.0
-441.7 522.1 370.6 114.8 -10.8 658.0
-772.7 338.1 24.1 -211.9 -143.8 0.0
189.9 -1308.3 217.1 -285.7 49.8 0.0
369.5 -1049.9 584.6 -87.4 -86.1 35.0
-438.7 521.6 386.8 120.4 -16.4 638.0
-778.9 335.3 24.1 -246.8 -108.8 0.0
183.2 -1307.1 217.1 -268.4 45.8 0.0
367.3 -1052.0 585.2 -87.4 -86.1 15.0
-435.6 521.1 402.5 125.9 -22.1 618.0
-785.9 333.4 24.1 -282.1 -78.2 0.0
177.1 -1306.1 217.1 -243.8 40.7 0.0
365.1 -1054.2 585.4 -87.4 -86.1 -5.0
-432.3 520.4 417.7 131.5 -27.7 598.0
-792.6 330.0 24.1 -266.2 -134.5 0.0
171.5 -1305.2 217.1 -226.5 36.9 0.0
362.9 -1056.3 585.0 -87.4 -86.1 -25.0
-428.8 519.6 432.4 137.0 -33.4 578.0
-798.9 325.3 24.1 -254.1 -186.7 0.0
165.2 -1304.2 217.1 -251.8 38.2 0.0
360.7 -1058.5 584.1 -87.4 -86.1 -45.0
-425.4 518.8 446.6 135.7 -32.4 558.0
-805.0 319.5 24.1 -244.4 -232.8 0.0
158.4 -1303.3 217.1 -271.9 39.2 0.0
358.6 -1060.6 582.8 -87.4 -86.1 -65.0
-422.1 518.0 460.3 134.5 -31.4 538.0
-810.7 313.2 24.1 -228.7 -251.6 0.0
151.1 -1302.3 217.1 -292.3 39.7 0.0
356.4 -1062.8 580.9 -87.4 -86.1 -85.0
-418.8 517.2 473.5 133.2 -30.3 518.0
-817.3 308.1 24.1 -264.0 -207.1 0.0
143.5 -1301.3 217.1 -305.0 39.4 0.0
354.2 -1064.9 578.5 -87.4 -86.1 -105.0
-415.5 516.5 486.2 131.9 -29.3 498.0
-824.1 303.8 24.1 -269.1 -171.9 0.0
135.6 -1300.3 217.1 -312.6 39.0 0.0
352.0 -1067.1 575.6 -87.4 -86.1 -125.0
-412.2 515.7 498.4 131.8 -29.4 478.0
-830.2 300.2 24.1 -246.3 -144.4 0.0
127.8 -1299.3 217.1 -315.2 38.3 0.0
349.8 -1069.2 572.2 -87.4 -86.1 -145.0
-408.9 515.0 510.1 131.6 -29.4 458.0
-837.1 297.2 24.1 -274.6 -116.3 0.0
119.9 -1298.4 217.1 -315.3 37.3 0.0
347.6 -1071.4 568.4 -87.4 -86.1 -165.0
-405.6 514.3 521.3 131.4 -29.5 438.0
-844.2 295.4 24.1 -285.3 -71.8 0.0
112.2 -1297.5 217.1 -307.9 35.5 0.0
345.5 -1073.6 564.0 -87.4 -86.1 -185.0
-402.3 513.5 532.0 131.2 -29.6 418.0
-851.7 294.6 24.1 -297.3 -32.9 0.0
104.7 -1296.7 217.1 -298.0 33.6 0.0
343.3 -1075.7 559.1 -87.4 -86.1 -205.0
-399.0 512.8 542.2 130.9 -29.5 398.0
-859.4 294.7 24.1 -311.0 2.2 0.0
97.7 -1295.9 217.1 -280.5 31.1 0.0
341.1 -1077.9 553.8 -87.4 -86.1 -225.0
-395.8 512.1 551.9 130.5 -29.4 378.0
-867.5 295.5 24.1 -321.2 31.2 0.0
91.3 -1295.2 217.1 -255.8 27.4 0.0
339.2 -1079.7 548.3 -76.0 -72.4 -227.4
-392.5 511.3 561.1 130.1 -29.3 358.0
-875.0 297.3 24.1 -300.3 75.5 0.0
85.5 -1294.6 226.1 -230.8 24.1 0.0
337.3 -1081.5 542.4 -76.0 -72.4 -247.4
-389.3 510.6 569.8 129.7 -29.3 338.0
-882.1 300.3 24.1 -285.9 119.2 0.0
80.0 -1294.1 226.1 -223.4 22.0 0.0
335.4 -1083.3 535.9 -76.0 -72.4 -267.4
-386.0 509.9 578.0 129.4 -29.1 318.0
-888.9 304.2 24.1 -272.3 153.9 0.0
74.4 -1293.6 226.1 -223.4 20.6 0.0
333.5 -1085.1 529.0 -76.0 -72.4 -287.4
-382.8 509.1 585.7 129.0 -29.0 298.0
-895.3 308.5 24.1 -254.8 173.0 0.0
70.3 -1291.5 226.1 -163.7 81.7 0.0
331.6 -1086.9 521.6 -76.0 -72.4 -307.4
-379.6 508.4 592.9 128.7 -28.9 278.0
-902.2 312.3 24.1 -275.2 152.1 0.0
67.5 -1288.2 226.1 -113.0 133.6 0.0
329.7 -1088.7 513.6 -76.0 -72.4 -327.4
-376.4 507.7 599.6 128.3 -28.8 258.0
-909.2 315.6 24.1 -279.7 133.1 0.0
65.7 -1283.7 226.1 -69.9 177.7 0.0
327.8 -1090.5 505.2 -76.0 -72.4 -347.4
-373.2 507.0 605.8 127.9 -28.7 238.0
-916.4 318.6 24.1 -291.3 117.4 0.0
64.9 -1278.4 234.1 -33.2 215.2 0.0
325.9 -1092.3 496.3 -76.0 -72.4 -367.4
-370.0 506.3 611.5 127.6 -28.6 218.0
-923.9 321.2 24.1 -299.7 104.2 0.0
65.6 -1272.4 234.1 29.0 237.0 0.0
324.0 -1094.2 486.8 -76.0 -72.4 -387.4
-366.8 505.5 616.7 127.2 -28.5 198.0
-931.6 323.4 24.1 -307.9 88.3 0.0
67.7 -1266.0 234.1 81.8 255.6 0.0
322.1 -1096.0 476.9 -76.0 -72.4 -407.4
-363.7 504.8 621.4 126.8 -28.5 178.0
-939.5 325.2 24.1 -315.4 74.7 0.0
70.8 -1259.3 242.1 126.8 271.4 0.0
320.2 -1097.8 466.5 -76.0 -72.4 -427.4
-360.5 504.1 625.6 126.4 -28.4 158.0
-947.5 326.8 24.1 -317.7 63.3 0.0
74.9 -1252.1 242.1 164.5 284.4 0.0
318.3 -1099.6 455.5 -76.0 -72.4 -447.4
-357.3 503.4 629.3 126.0 -28.3 138.0
-955.4 328.2 24.1 -318.3 53.1 0.0
78.4 -1246.1 250.1 139.9 241.7 0.0
316.4 -1101.4 444.1 -76.0 -72.4 -467.4
-354.2 502.7 632.5 125.5 -28.2 118.0
-963.5 329.2 24.1 -323.0 39.9 0.0
81.8 -1240.1 250.1 135.9 239.1 0.0
314.5 -1103.2 432.1 -76.0 -72.4 -487.4
-351.1 502.0 635.2 125.1 -28.2 98.0
-971.4 329.9 24.1 -317.2 29.5 0.0
85.2 -1234.1 250.1 134.1 240.0 0.0
312.6 -1105.0 419.7 -76.0 -72.4 -507.4
-348.0 501.3 637.4 124.6 -28.1 78.0
-979.1 330.4 24.1 -308.6 21.2 0.0
88.5 -1228.1 258.1 132.6 240.7 0.0
310.7 -1106.8 406.8 -76.0 -72.4 -527.4
-344.9 500.6 639.1 124.1 -27.9 58.0
-986.6 330.8 24.1 -300.1 14.3 0.0
90.0 -1221.5 258.1 62.2 264.2 0.0
308.8 -1108.6 393.3 -76.0 -72.4 -547.4
-341.8 499.9 640.3 123.6 -27.8 38.0
-994.4 330.8 24.1 -309.1 0.9 0.0
90.1 -1214.4 266.1 2.4 284.2 0.0
306.9 -1110.4 379.4 -76.0 -72.4 -567.4
-338.7 499.2 641.0 123.1 -27.7 18.0
-1001.9 330.6 24.1 -302.2 -7.6 0.0
88.9 -1206.9 266.1 -48.5 301.1 0.0
305.0 -1112.3 365.0 -76.0 -72.4 -587.4
-335.6 498.5 641.2 122.6 -27.6 -2.0
-1009.4 330.2 24.1 -298.0 -15.0 0.0
86.6 -1199.0 274.1 -91.7 315.6 0.0
303.1 -1114.1 350.0 -76.0 -72.4 -607.4
-332.6 497.8 640.9 122.0 -27.5 -22.0
-1016.7 329.7 24.1 -294.0 -21.1 0.0
84.1 -1191.3 274.1 -98.9 307.3 0.0
301.2 -1115.9 334.6 -76.0 -72.4 -627.4
-329.5 497.2 640.1 121.5 -27.4 -42.0
-1024.7 328.5 24.1 -319.9 -48.8 0.0
81.5 -1183.7 282.1 -106.6 303.1 0.0
299.3 -1117.7 318.7 -76.0 -72.4 -647.4
-326.5 496.5 638.8 120.9 -27.3 -62.0
-1032.6 327.0 24.1 -314.7 -60.1 0.0
78.6 -1176.2 282.1 -113.2 299.6 0.0
297.4 -1119.5 302.2 -76.0 -72.4 -667.4
-323.5 495.8 637.0 120.3 -27.1 -82.0
-1040.4 325.2 24.1 -310.6 -70.1 0.0
75.7 -1168.8 282.1 -118.8 296.6 0.0
295.5 -1121.3 285.3 -76.0 -72.4 -687.4
-320.5 495.1 634.7 119.7 -27.0 -102.0
-1048.0 323.3 24.1 -306.8 -78.4 0.0
72.6 -1161.8 282.1 -121.7 280.0 0.0
293.6 -1123.1 267.9 -76.0 -72.4 -707.4
-317.5 494.5 631.9 119.1 -26.8 -122.0
-1055.8 320.9 24.1 -310.9 -94.9 0.0
69.5 -1155.1 282.1 -125.8 267.8 0.0
291.7 -1124.9 249.9 -76.0 -72.4 -727.4
-314.6 493.8 628.6 118.5 -26.7 -142.0
-1063.4 318.3 24.1 -305.8 -104.1 0.0
66.2 -1148.6 282.1 -133.0 262.4 0.0
289.8 -1126.7 231.5 -76.0 -72.4 -747.4
-311.6 493.1 624.8 117.8 -26.5 -162.0
-1071.0 315.5 24.1 -301.4 -111.9 0.0
62.7 -1142.1 282.1 -139.1 257.9 0.0
287.9 -1128.6 212.5 -76.0 -72.4 -767.4
-308.7 492.5 620.5 117.1 -26.4 -182.0
-1078.4 312.6 24.1 -297.6 -118.2 0.0
59.5 -1136.4 282.1 -127.8 230.0 0.0
286.0 -1130.4 193.1 -76.0 -72.4 -787.4
-305.8 491.8 615.7 116.4 -26.3 -202.0
-1085.8 309.3 24.1 -295.5 -128.4 0.0
56.2 -1130.8 282.1 -132.4 222.5 0.0
284.1 -1132.2 173.2 -76.0 -72.4 -807.4
-302.9 491.2 610.4 115.7 -26.1 -222.0
-1093.0 306.0 24.1 -288.9 -134.1 0.0
52.7 -1125.4 282.1 -137.8 217.8 0.0
282.2 -1134.0 152.7 -76.0 -72.4 -827.4
-300.0 490.5 604.6 115.0 -25.9 -242.0
-1100.2 302.5 24.1 -285.0 -139.8 0.0
49.2 -1120.0 282.1 -142.3 213.8 0.0
280.3 -1135.8 144.1 -76.0 -72.4 0.8
-297.2 489.9 598.3 114.3 -25.7 -262.0
-1107.2 298.9 24.1 -281.7 -145.1 0.0
45.6 -1115.0 282.1 -142.5 201.8 0.0
278.7 -1137.3 152.1 -64.6 -61.6 0.0
-294.3 489.2 591.5 113.5 -25.6 -282.0
-1114.0 295.1 24.1 -271.5 -149.7 0.0
41.9 -1110.0 282.1 -149.3 198.0 0.0
277.3 -1138.6 152.1 -53.8 -51.2 0.0
-291.5 488.6 584.2 112.8 -25.4 -302.0
-1120.6 291.2 24.1 -266.2 -156.2 0.0
38.0 -1105.2 282.1 -153.6 193.4 0.0
276.2 -1139.6 152.1 -42.9 -40.9 0.0
-288.7 488.0 576.4 112.0 -25.2 -322.0
-1127.1 287.2 24.1 -259.7 -160.5 0.0
34.1 -1100.4 282.1 -157.3 189.5 0.0
274.3 -1141.4 152.1 -77.6 -69.3 0.0
-285.9 487.3 568.1 111.1 -24.9 -342.0
-1133.5 283.1 24.1 -255.6 -165.3 0.0
29.2 -1095.4 282.1 -195.2 200.5 0.0
271.4 -1143.9 152.1 -115.3 -101.0 0.0
-283.2 486.7 559.3 110.2 -24.7 -362.0
-1139.2 279.2 24.1 -227.0 -156.3 0.0
23.8 -1090.3 282.1 -216.9 203.2 0.0
267.7 -1147.1 152.1 -149.6 -130.2 0.0
-280.4 486.1 550.0 109.4 -24.5 -382.0
-1144.5 275.1 24.1 -211.4 -162.9 0.0
18.3 -1085.4 282.1 -221.3 196.4 0.0
263.2 -1151.0 152.1 -178.7 -155.1 0.0
-277.7 485.5 540.2 108.4 -24.3 -402.0
-1149.4 270.9 24.1 -198.0 -168.4 0.0
12.6 -1080.7 282.1 -225.0 190.6 0.0
258.3 -1155.4 160.1 -197.7 -176.2 0.0
-275.1 484.9 536.1 107.4 -24.1 0.4
-1154.1 266.6 24.1 -186.3 -172.8 0.0
6.6 -1075.9 282.1 -241.7 191.1 0.0
253.7 -1159.5 160.1 -182.0 -163.4 0.0
-273.0 484.4 536.1 81.5 -18.3 0.0
-1159.8 262.0 24.1 -229.5 -180.6 0.0
0.5 -1071.3 282.1 -245.0 185.4 0.0
249.4 -1163.4 160.1 -172.0 -155.6 0.0
-271.6 484.1 536.1 57.0 -12.9 0.0
-1166.4 257.4 24.1 -261.1 -184.7 0.0
-5.7 -1066.8 282.1 -247.8 180.5 0.0
245.1 -1167.3 160.1 -171.2 -156.4 0.0
-272.1 485.1 536.1 -18.7 41.1 0.0
-1173.0 253.0 24.1 -264.8 -177.1 0.0
-12.0 -1062.3 282.1 -250.2 176.3 0.0
243.5 -1170.9 168.1 -67.1 -145.4 0.0
-273.9 487.1 536.1 -72.7 78.2 0.0
-1179.6 248.8 24.1 -265.3 -169.6 0.0
-18.5 -1058.0 282.1 -262.2 174.4 0.0
244.0 -1174.3 168.1 21.3 -136.0 0.0
-276.9 490.0 536.1 -120.7 115.9 0.0
-1187.2 244.9 24.1 -301.8 -153.0 0.0
-25.2 -1053.8 282.1 -264.9 169.1 0.0
246.4 -1177.5 168.1 96.5 -128.0 0.0
-280.8 493.6 536.1 -157.9 145.2 0.0
-1194.8 241.6 24.1 -304.5 -135.4 0.0
-31.8 -1049.6 282.1 -267.1 164.6 0.0
250.4 -1180.6 168.1 160.5 -121.2 0.0
-285.0 497.8 538.1 -167.0 168.1 0.0
-1202.4 238.5 24.1 -306.1 -120.3 0.0
-38.6 -1045.6 282.1 -269.0 160.8 0.0
254.7 -1184.6 168.1 170.6 -161.0 0.0
-289.5 502.7 538.1 -180.6 195.6 0.0
-1210.1 235.9 24.1 -307.5 -107.5 0.0
-45.6 -1041.8 282.1 -283.6 154.5 0.0
259.2 -1189.5 176.1 179.3 -194.9 0.0
-294.3 508.2 538.1 -191.9 218.6 0.0
-1217.2 233.3 24.1 -282.0 -102.0 0.0
-52.8 -1038.1 282.1 -286.4 146.0 0.0
263.6 -1194.7 176.1 177.5 -208.3 0.0
-299.3 514.0 538.1 -197.7 233.1 0.0
-1224.0 230.7 24.1 -274.7 -104.6 0.0
-60.0 -1034.6 282.1 -288.7 138.8 0.0
267.9 -1200.0 176.1 171.4 -211.9 0.0
-304.2 520.0 538.1 -199.1 237.7 0.0
-1230.7 228.0 24.1 -268.1 -106.7 0.0
-67.3 -1031.3 282.1 -290.7 132.7 0.0
269.6 -1204.7 184.1 67.3 -187.0 0.0
-309.3 526.0 538.1 -201.1 242.6 0.0
-1237.2 225.3 24.1 -259.5 -107.1 0.0
-73.2 -1026.5 282.1 -235.6 190.7 0.0
269.0 -1208.8 184.1 -21.3 -165.9 0.0
-314.3 532.2 538.1 -201.7 245.3 0.0
-1243.3 222.8 24.1 -242.6 -103.6 0.0
-77.9 -1020.5 282.1 -188.7 240.0 0.0
266.6 -1212.5 184.1 -96.5 -147.9 0.0
-319.3 538.3 538.1 -201.0 245.8 0.0
-1248.9 220.3 24.1 -222.9 -97.7 0.0
-81.6 -1013.5 282.1 -148.9 281.9 0.0
262.6 -1215.8 184.1 -160.5 -132.6 0.0
-324.2 544.5 537.9 -194.0 249.4 -20.0
-1254.2 217.9 24.1 -212.1 -96.1 0.0
-84.5 -1005.6 282.1 -115.0 317.5 0.0
258.0 -1219.7 192.1 -182.5 -155.6 0.0
-328.9 550.9 537.1 -186.9 253.0 -40.0
-1259.9 215.2 24.1 -230.1 -110.4 0.0
-86.9 -998.8 282.1 -97.8 269.9 0.0
253.3 -1223.8 192.1 -190.5 -165.1 0.0
-333.4 557.3 536.1 -179.8 256.6 0.1
-1266.3 211.9 24.1 -253.9 -132.1 0.0
-89.1 -992.6 282.1 -87.8 248.2 0.0
248.5 -1228.0 192.1 -189.6 -166.1 0.0
-335.4 563.6 536.1 -82.1 254.1 0.0
-1272.9 208.2 24.1 -264.1 -144.1 0.0
-91.2 -986.4 282.1 -84.1 249.1 0.0
243.8 -1232.2 192.1 -188.9 -166.9 0.0
-335.2 569.4 536.1 8.1 231.1 0.0
-1279.6 204.4 24.1 -270.4 -153.1 0.0
-93.3 -980.1 282.1 -80.9 249.9 0.0
241.8 -1235.9 200.1 -82.7 -148.1 0.0
-333.1 574.7 536.1 84.9 211.1 0.0
-1286.4 200.5 24.1 -272.8 -158.6 0.0
-95.2 -974.0 282.1 -76.6 246.1 0.0
241.9 -1239.2 200.1 7.6 -132.0 0.0
-329.3 579.5 536.1 149.6 194.0 0.0
-1293.2 196.1 24.1 -271.1 -172.7 0.0
-97.0 -967.8 282.1 -73.7 246.8 0.0
244.1 -1242.1 200.1 84.3 -118.4 0.0
-324.3 584.0 536.1 203.3 179.3 0.0
-1299.7 191.7 24.1 -260.9 -176.6 0.0
-98.8 -961.6 282.1 -71.3 247.3 0.0
247.8 -1244.8 200.1 149.5 -106.8 0.0
-318.0 587.5 536.1 251.3 141.0 0.0
-1306.1 187.2 24.1 -253.1 -180.7 0.0
-100.5 -955.4 282.1 -69.3 247.8 0.0
251.4 -1247.5 206.8 143.9 -107.4 255.0
-310.7 590.2 536.1 292.0 107.6 0.0
-1312.2 182.7 24.1 -244.6 -182.2 0.0
-102.1 -949.8 282.1 -62.3 226.2 0.0
254.8 -1250.2 212.9 138.3 -108.0 235.0
-302.5 592.2 536.1 326.0 79.3 0.0
-1319.1 179.0 24.1 -276.1 -147.1 0.0
-103.7 -943.9 282.1 -63.0 236.3 0.0
258.2 -1252.9 218.5 132.7 -108.6 215.0
-294.4 593.7 536.1 324.9 60.3 0.0
-1326.4 176.0 24.1 -292.8 -118.3 0.0
-105.2 -937.8 282.1 -62.5 241.6 0.0
261.3 -1255.6 223.6 127.1 -109.2 195.0
-286.0 593.8 536.1 337.7 5.2 0.0
-1333.7 173.6 24.1 -292.7 -95.4 0.0
-106.8 -931.8 282.1 -61.2 241.9 0.0
264.5 -1258.4 228.2 127.1 -109.2 175.0
-277.2 592.8 536.1 349.5 -42.4 0.0
-1341.0 171.7 24.1 -289.9 -76.6 0.0
-108.3 -925.6 282.1 -60.8 247.3 0.0
269.6 -1262.7 232.1 201.8 -174.5 142.6
-268.7 591.1 536.1 339.6 -67.9 0.0
-1347.7 170.3 24.1 -270.4 -55.7 0.0
-109.8 -919.4 282.1 -59.6 247.5 0.0
274.6 -1267.1 235.4 201.8 -174.5 122.6
-260.6 588.9 536.1 325.9 -85.5 0.0
-1354.2 169.4 24.1 -260.0 -35.6 0.0
-111.2 -913.2 282.1 -58.5 247.8 0.0
279.7 -1271.4 238.2 201.8 -174.5 102.6
-253.0 586.9 536.1 302.1 -80.3 0.0
-1360.6 169.0 24.1 -253.0 -17.8 0.0
-112.7 -907.0 282.1 -57.6 247.9 0.0
284.7 -1275.8 240.5 201.8 -174.5 82.6
-245.4 584.9 536.1 304.1 -82.4 0.0
-1366.7 168.9 24.1 -244.6 -3.7 0.0
-113.9 -901.8 282.1 -48.9 210.8 0.0
289.7 -1280.2 242.3 201.8 -174.5 62.6
-237.8 582.8 536.1 303.7 -83.6 0.0
-1373.2 170.0 24.1 -261.9 44.2 0.0
-115.0 -896.9 282.1 -44.7 194.0 0.0
294.8 -1284.5 243.6 201.8 -174.5 42.6
-230.3 580.7 536.1 303.4 -84.7 0.0
-1380.1 172.1 24.1 -276.7 84.8 0.0
-116.1 -892.0 282.1 -44.0 194.2 0.0
299.8 -1288.9 244.5 201.8 -174.5 22.6
-222.7 578.5 536.1 303.1 -85.9 0.0
-1387.2 175.0 24.1 -282.5 113.5 0.0
-117.2 -887.2 282.1 -43.5 194.3 0.0
304.8 -1293.1 244.8 197.0 -168.3 2.6
-215.1 576.3 536.1 305.2 -87.7 0.0
-1394.0 178.1 24.1 -272.6 125.2 0.0
-118.1 -883.1 282.1 -37.0 165.1 0.0
309.6 -1297.2 244.6 192.1 -162.1 -17.4
-207.4 574.1 536.1 304.9 -88.5 0.0
-1400.4 181.3 24.1 -257.0 126.9 0.0
-118.9 -879.5 282.1 -31.9 142.7 0.0
314.3 -1301.1 243.9 187.2 -155.9 -37.4
-199.8 571.9 536.1 304.7 -89.2 0.0
-1406.7 184.6 24.1 -249.2 132.8 0.0
-119.7 -875.9 282.1 -31.3 142.8 0.0
318.8 -1304.8 242.7 182.4 -149.7 -57.4
-192.2 569.6 536.1 304.5 -90.2 0.0
-1412.7 188.0 24.1 -242.1 137.5 0.0
-120.5 -872.4 282.1 -30.9 142.9 0.0
323.2 -1308.4 241.0 177.1 -143.8 -77.4
-184.6 567.4 536.1 304.2 -91.2 0.0
-1418.6 191.6 24.1 -235.9 141.3 0.0
-121.1 -869.3 282.1 -26.2 121.4 0.0
327.5 -1311.8 238.9 171.9 -137.9 -97.4
-177.0 565.1 536.1 303.9 -92.0 0.0
-1424.6 195.4 24.1 -237.9 155.0 0.0
-121.7 -866.7 282.1 -22.4 103.5 0.0
331.7 -1315.1 236.2 166.6 -131.9 -117.4
-169.4 562.7 536.1 303.7 -92.5 0.0
-1430.3 199.3 24.1 -229.2 156.8 0.0
-122.2 -864.1 282.1 -21.9 103.6 0.0
335.7 -1318.3 233.0 161.3 -126.0 -137.4
-161.8 560.4 536.1 303.4 -93.9 0.0
-1435.9 203.3 24.1 -223.1 159.7 0.0
-122.8 -861.6 282.1 -21.6 103.6 0.0
339.6 -1321.3 229.3 155.9 -120.2 -157.4
-154.2 558.0 536.1 303.1 -94.8 0.0
-1441.3 207.3 24.1 -215.8 160.0 0.0
-123.3 -859.1 288.8 -21.6 98.0 255.0
343.4 -1324.2 225.1 150.4 -114.5 -177.4
-146.7 555.6 536.1 302.8 -95.6 0.0
-1446.8 211.7 24.1 -219.2 175.3 0.0
-123.9 -856.8 294.9 -21.6 92.4 235.0
347.0 -1326.9 220.4 145.0 -108.7 -197.4
-139.1 553.2 538.1 302.6 -96.3 0.0
-1452.0 216.1 24.1 -210.9 176.1 0.0
-124.4 -854.6 300.5 -21.6 86.7 215.0
350.5 -1329.4 217.1 139.5 -102.9 0.2
-131.7 551.2 538.1 297.4 -80.6 0.0
-1457.1 220.5 24.1 -203.3 176.1 0.0
-124.9 -852.6 305.6 -21.6 81.1 195.0
351.8 -1331.0 217.1 52.3 -63.4 0.0
-124.3 549.5 538.1 296.8 -67.2 0.0
-1462.0 224.9 24.1 -196.4 175.7 0.0
-125.5 -850.6 310.2 -21.6 81.1 175.0
351.2 -1331.7 217.1 -23.6 -27.7 0.0
-116.9 548.1 538.1 294.0 -56.0 0.0
-1467.1 230.2 24.1 -204.6 210.5 0.0
-126.0 -848.5 314.4 -21.6 81.1 155.0
349.2 -1331.5 217.1 -80.1 7.9 0.0
-109.6 547.0 538.1 293.6 -46.5 0.0
-1472.0 235.5 24.1 -195.5 214.0 0.0
-126.6 -846.5 318.0 -21.6 81.1 135.0
345.9 -1330.8 217.1 -131.5 30.5 0.0
-101.6 545.2 538.1 316.8 -69.9 0.0
-1476.7 240.9 24.1 -185.9 213.8 0.0
-127.1 -844.5 321.1 -21.6 81.1 115.0
341.5 -1329.5 217.1 -178.0 52.1 0.0
-93.8 543.3 538.1 312.6 -78.8 0.0
-1481.1 246.3 24.1 -178.8 215.4 0.0
-127.6 -842.5 323.8 -21.6 81.1 95.0
336.0 -1327.7 217.1 -217.5 70.4 0.0
-86.1 541.1 538.1 309.2 -86.7 0.0
-1484.0 252.0 24.1 -113.4 228.8 0.0
-128.2 -840.4 325.9 -21.6 81.1 75.0
329.8 -1325.5 217.1 -251.1 86.0 0.0
-78.4 538.7 538.1 306.3 -93.5 0.0
-1485.4 258.0 24.1 0.0 49.0 1030.0
-128.7 -838.4 327.5 63.8 6.2 118.3
323.0 -1323.2 217.1 -268.6 95.0 0.0
-70.8 536.2 538.1 304.1 -100.9 0.0
-1485.3 259.4 49.6 4.0 53.8 1010.0
-127.1 -838.3 330.2 63.8 6.2 98.3
316.3 -1320.7 217.1 -267.9 97.4 0.0
-63.3 533.6 538.1 301.2 -106.3 0.0
-1485.1 260.8 74.6 8.1 58.6 990.0
-125.5 -838.1 332.4 63.8 6.2 78.3
309.7 -1318.3 217.1 -267.1 99.3 0.0
-55.8 530.8 538.1 299.0 -111.5 0.0
-1485.1 262.3 99.1 0.2 59.3 970.0
-123.9 -837.9 334.1 63.8 6.2 58.3
303.0 -1315.7 217.1 -266.4 100.9 0.0
-48.4 527.9 538.1 296.8 -115.9 0.0
-1485.3 263.8 123.1 -7.7 60.0 950.0
-122.3 -837.8 335.3 63.8 6.2 38.3
296.4 -1313.2 217.1 -265.8 102.3 0.0
-41.0 524.9 538.1 295.0 -120.3 0.0
-1485.7 265.3 146.6 -15.6 60.7 930.0
-120.7 -837.6 336.0 63.8 6.2 18.3
289.6 -1310.5 217.1 -269.7 106.8 0.0
-33.7 521.8 538.1 293.2 -124.3 0.0
-1486.3 266.9 169.6 -23.5 61.4 910.0
-119.1 -837.5 336.2 63.8 6.2 -1.7
282.9 -1307.8 217.1 -268.9 108.6 0.0
-26.4 518.6 538.1 291.5 -127.8 0.0
-1487.1 268.4 192.1 -31.5 61.9 890.0
-117.5 -837.3 335.9 63.8 6.2 -21.7
276.2 -1305.0 217.1 -268.2 110.2 0.0
-19.2 515.3 538.1 289.9 -131.0 0.0
-1488.0 270.0 214.1 -39.4 62.5 870.0
-115.9 -837.2 335.2 63.8 6.2 -41.7
269.5 -1302.2 217.1 -267.6 111.6 0.0
-12.0 511.9 538.1 288.4 -134.2 0.0
-1489.2 271.5 235.6 -47.3 63.1 850.0
-114.3 -837.0 333.9 63.8 6.2 -61.7
262.7 -1299.3 217.1 -271.1 118.5 0.0
-4.8 508.5 538.1 287.0 -136.6 0.0
-1490.6 273.1 256.6 -55.2 63.7 830.0
-112.8 -836.9 332.1 63.8 6.2 -81.7
256.0 -1296.2 217.1 -269.3 121.8 0.0
2.4 505.1 538.1 285.8 -139.0 0.0
-1491.9 274.7 277.1 -51.6 63.3 810.0
-111.2 -836.7 329.8 63.8 6.2 -101.7
249.3 -1293.1 217.1 -267.8 124.6 0.0
9.5 501.5 538.1 284.7 -141.1 0.0
-1493.1 276.3 297.1 -48.1 62.9 790.0
-109.6 -836.5 327.0 63.8 6.2 -121.7
242.6 -1289.9 217.1 -266.5 127.0 0.0
16.6 497.9 538.1 283.6 -143.5 0.0
-1494.2 277.9 316.6 -44.5 62.5 770.0
-108.0 -836.4 323.7 63.8 6.2 -141.7
237.8 -1285.7 217.1 -192.2 171.8 0.0
23.6 494.3 538.1 282.5 -145.4 0.0
-1495.2 279.4 335.6 -40.9 62.1 750.0
-106.4 -836.2 319.9 63.8 6.2 -161.7
234.6 -1280.4 217.1 -129.1 209.8 0.0
30.7 490.6 538.1 283.7 -148.5 0.0
-1496.3 281.0 354.1 -42.6 62.2 730.0
-104.8 -836.1 315.6 63.8 6.2 -181.7
232.7 -1274.4 217.1 -75.5 242.2 0.0
37.7 486.9 538.1 280.5 -149.1 0.0
-1497.4 282.5 372.1 -44.3 62.2 710.0
-103.2 -835.9 310.8 63.8 6.2 -201.7
232.0 -1267.6 217.1 -29.9 269.6 0.0
44.7 483.1 538.1 279.4 -151.4 0.0
-1498.5 284.1 389.6 -46.0 62.3 690.0
-101.6 -835.8 305.5 63.8 6.2 -221.7
233.0 -1261.7 217.1 42.2 236.8 0.0
51.7 479.2 538.1 278.3 -153.3 0.0
-1499.7 285.6 406.6 -47.7 62.4 670.0
-100.0 -835.6 299.7 63.8 6.2 -241.7
234.3 -1255.8 216.9 49.0 237.5 -20.0
58.6 475.4 538.1 277.2 -155.2 0.0
-1500.9 287.2 423.1 -46.9 62.2 650.0
-98.4 -835.5 293.4 63.8 6.2 -261.7
235.6 -1249.8 216.1 55.8 238.3 -40.0
65.5 471.4 538.1 276.3 -156.8 0.0
-1502.1 288.7 439.1 -46.1 62.0 630.0
-96.8 -835.3 286.6 63.8 6.2 -281.7
237.2 -1243.8 214.9 62.5 239.0 -60.0
71.4 468.1 538.1 234.8 -133.3 0.0
-1503.2 290.3 454.6 -45.3 61.9 610.0
-95.2 -835.1 282.1 63.8 6.2 0.3
238.9 -1238.0 213.1 67.8 233.1 -80.0
76.4 465.3 538.1 199.6 -113.3 0.0
-1504.3 291.8 469.6 -44.5 61.7 590.0
-94.1 -836.6 282.1 42.4 -56.6 0.0
240.7 -1232.3 210.9 73.0 227.2 -100.0
80.6 462.9 538.1 169.7 -96.3 0.0
-1505.4 293.4 484.1 -44.6 61.6 570.0
-93.5 -839.2 282.1 26.9 -106.0 0.0
242.7 -1226.8 208.1 78.3 221.2 -120.0
84.2 460.8 538.1 144.7 -82.2 0.0
-1506.5 294.9 498.1 -44.7 61.5 550.0
-93.1 -843.0 282.1 16.3 -151.5 0.0
244.8 -1221.4 204.9 83.6 215.3 -140.0
89.1 458.2 538.1 193.4 -106.4 0.0
-1507.7 296.4 511.6 -44.8 61.5 530.0
-92.9 -847.7 282.1 7.4 -190.2 0.0
246.9 -1216.2 201.1 85.3 208.4 -160.0
94.9 455.0 538.1 234.4 -126.5 0.0
-1508.8 298.0 524.6 -44.9 61.4 510.0
-92.8 -853.3 282.1 2.6 -223.9 0.0
249.1 -1211.1 196.9 87.1 201.7 -180.0
101.7 451.4 538.1 269.3 -143.5 0.0
-1509.9 299.5 537.1 -44.9 61.3 490.0
-92.8 -859.6 282.1 -1.2 -249.8 0.0
251.3 -1206.3 192.1 88.8 194.9 -200.0
108.6 447.7 538.1 278.2 -147.7 0.0
-1511.0 301.0 549.1 -44.9 61.1 470.0
-92.9 -865.8 282.1 -3.2 -249.7 0.0
253.6 -1201.6 186.9 90.6 188.1 -220.0
115.6 444.0 538.1 278.5 -147.2 0.0
-1512.2 302.6 560.6 -44.8 61.0 450.0
-93.0 -872.1 282.1 -4.9 -249.6 0.0
255.9 -1196.7 181.1 93.6 195.1 -240.0
122.5 440.4 538.1 278.7 -146.7 0.0
-1513.3 304.1 571.6 -44.8 60.9 430.0
-92.9 -878.7 282.1 7.5 -266.4 0.0
258.3 -1191.6 176.1 96.8 202.3 0.3
129.5 436.7 538.1 279.0 -146.1 0.0
-1514.4 305.6 582.1 -44.8 60.8 410.0
-92.5 -885.4 282.1 14.6 -264.9 0.0
261.2 -1185.5 176.1 114.3 244.5 0.0
136.5 433.1 538.1 279.2 -145.8 0.0
-1515.5 307.1 592.1 -44.7 60.7 390.0
-92.0 -891.9 282.1 20.7 -263.6 0.0
264.4 -1178.5 176.1 128.4 280.8 0.0
143.5 429.4 538.1 279.4 -145.5 0.0
-1516.6 308.6 601.6 -44.6 60.6 370.0
-91.3 -898.5 282.1 25.8 -262.5 0.0
267.5 -1171.3 175.9 123.5 286.4 -20.0
150.5 425.8 538.1 279.6 -145.0 0.0
-1517.7 310.1 610.6 -44.6 60.5 350.0
-90.5 -905.1 282.1 31.7 -262.2 0.0
270.4 -1164.0 175.1 118.3 292.2 -40.0
157.4 422.2 538.1 277.5 -143.7 0.0
-1518.9 311.7 619.1 -44.4 60.3 330.0
-89.6 -911.6 282.1 36.4 -261.0 0.0
273.3 -1156.6 173.9 113.2 298.1 -60.0
164.4 418.6 538.1 277.6 -143.4 0.0
-1520.0 313.2 627.1 -44.3 60.2 310.0
-88.6 -918.1 282.1 40.5 -260.0 0.0
276.0 -1149.0 172.1 108.1 304.0 -80.0
171.3 415.1 538.1 277.8 -143.0 0.0
-1521.1 314.7 634.6 -44.2 60.0 290.0
-87.5 -924.6 282.1 43.9 -259.1 0.0
278.5 -1141.5 169.9 102.4 298.4 -100.0
178.2 411.5 538.1 278.0 -142.7 0.0
-1522.2 316.2 641.6 -44.1 59.9 270.0
-86.3 -931.0 282.1 47.4 -256.2 0.0
281.0 -1134.2 167.1 96.8 292.8 -120.0
185.2 407.9 538.1 278.1 -142.3 0.0
-1523.3 317.6 648.1 -44.0 59.7 250.0
-85.1 -937.3 282.1 50.7 -255.3 0.0
283.2 -1127.0 163.9 91.2 287.2 -140.0
192.2 404.4 538.1 278.3 -142.0 0.0
-1524.4 319.1 654.1 -43.9 59.6 230.0
-83.7 -943.7 282.1 53.6 -254.5 0.0
285.4 -1120.0 160.1 85.6 281.6 -160.0
199.1 400.9 538.1 276.4 -140.2 0.0
-1525.5 320.6 659.6 -43.7 59.4 210.0
-82.3 -950.1 282.1 56.0 -253.8 0.0
287.4 -1113.1 155.9 81.5 274.8 -180.0
206.0 397.4 538.1 276.7 -139.6 0.0
-1526.6 322.1 664.6 -43.6 59.3 190.0
-80.9 -956.3 282.1 58.5 -250.9 0.0
289.3 -1106.4 151.1 77.3 268.0 -200.0
212.9 393.9 538.1 277.0 -139.0 0.0
-1527.6 323.6 669.1 -43.5 59.1 170.0
-79.3 -962.6 282.1 61.1 -250.1 0.0
291.2 -1099.9 145.9 73.2 261.2 -220.0
219.8 390.5 538.1 275.0 -137.4 0.0
-1528.7 325.1 673.1 -43.4 59.0 150.0
-77.7 -968.8 282.1 63.4 -249.4 0.0
292.9 -1093.5 140.1 69.1 254.4 -240.0
226.7 386.9 538.1 278.2 -143.7 0.0
-1529.8 326.5 676.6 -43.3 58.8 130.0
-76.1 -975.0 282.1 65.3 -248.8 0.0
294.5 -1087.3 133.9 65.6 247.3 -260.0
233.7 383.2 538.1 276.6 -146.3 0.0
-1530.9 328.0 679.6 -43.2 58.6 110.0
-74.4 -981.2 282.1 68.6 -248.4 0.0
296.1 -1081.3 127.1 62.1 240.2 -280.0
240.5 379.5 538.1 275.3 -148.5 0.0
-1532.0 329.5 682.1 -43.1 58.5 90.0
-72.6 -987.4 282.1 71.2 -247.5 0.0
297.6 -1075.5 120.1 58.6 233.1 0.3
247.3 375.8 538.1 272.0 -149.0 0.0
-1533.0 330.9 684.1 -42.9 58.3 70.0
-70.8 -993.6 282.1 73.4 -246.7 0.0
297.9 -1072.3 120.1 14.8 126.9 0.0
254.3 371.5 538.1 276.8 -172.0 0.0
-1534.1 332.4 685.6 -42.7 58.1 50.0
-68.9 -999.8 282.1 75.3 -246.0 0.0
298.1 -1069.1 119.9 7.3 129.7 -20.0
261.0 367.0 538.1 269.0 -179.8 0.0
-1535.2 333.8 686.6 -42.5 57.9 30.0
-66.6 -1006.3 282.1 91.6 -262.0 0.0
298.1 -1065.8 119.1 -0.1 132.5 -40.0
267.5 362.3 538.1 262.3 -186.0 0.0
-1536.2 335.3 687.1 -42.4 57.8 10.0
-64.2 -1012.8 282.1 96.9 -259.2 0.0
297.9 -1062.4 117.9 -7.6 135.2 -60.0
274.0 357.6 538.1 256.9 -191.6 0.0
-1537.3 336.7 687.1 -42.3 57.6 -10.0
-61.7 -1019.2 282.1 101.4 -256.9 0.0
297.6 -1059.0 116.1 -14.9 137.9 -80.0
280.3 352.6 538.1 252.2 -198.1 0.0
-1538.3 338.1 686.6 -42.1 57.4 -30.0
-59.0 -1025.6 282.1 105.2 -254.9 0.0
297.0 -1055.5 113.9 -22.8 138.3 -100.0
286.5 347.5 538.1 247.3 -202.6 0.0
-1539.4 339.6 685.6 -42.0 57.2 -50.0
-56.8 -1032.5 282.1 89.5 -277.1 0.0
296.2 -1052.0 111.1 -30.8 138.6 -120.0
292.5 342.4 538.1 241.4 -205.0 0.0
-1540.4 341.0 684.1 -41.8 57.0 -70.0
-54.9 -1039.4 282.1 76.1 -277.1 0.0
295.2 -1048.6 107.9 -38.7 139.0 -140.0
298.4 337.2 538.1 237.9 -208.2 0.0
-1541.5 342.4 682.1 -41.6 56.8 -90.0
-53.3 -1046.4 282.1 64.7 -277.1 0.0
294.1 -1045.1 104.1 -46.6 139.4 -160.0
304.3 331.9 538.1 234.6 -212.1 0.0
-1542.5 343.8 679.6 -41.5 56.6 -110.0
-51.9 -1053.3 282.1 55.0 -277.1 0.0
291.1 -1041.9 104.1 -117.9 127.1 0.1
310.0 326.6 538.1 229.7 -213.3 0.0
-1543.5 345.2 676.6 -41.3 56.4 -130.0
-49.0 -1060.1 282.1 117.3 -271.9 0.0
286.7 -1039.0 104.1 -178.5 116.6 0.0
315.7 321.2 538.1 225.2 -214.0 0.0
-1544.6 346.6 673.1 -41.2 56.2 -150.0
-44.7 -1066.8 282.1 170.3 -267.5 0.0
282.0 -1036.0 103.9 -186.3 117.5 -20.0
321.2 315.8 538.1 222.8 -216.2 0.0
-1545.6 348.0 669.1 -41.0 56.0 -170.0
-39.3 -1073.4 282.1 215.3 -263.7 0.0
277.2 -1033.1 103.1 -194.1 118.3 -40.0
326.7 310.4 538.1 218.8 -216.8 0.0
-1546.6 349.4 664.6 -40.9 55.8 -190.0
-33.6 -1079.6 282.1 229.3 -248.0 0.0
272.1 -1030.1 101.9 -201.1 121.0 -60.0
332.1 304.9 538.1 216.7 -218.6 0.0
-1547.6 350.8 659.6 -40.7 55.6 -210.0
-26.8 -1085.2 282.1 271.2 -224.6 0.0
266.9 -1027.0 100.1 -208.0 123.6 -80.0
337.5 299.5 538.1 213.2 -218.4 0.0
-1548.6 352.2 654.1 -40.5 55.3 -230.0
-19.8 -1090.2 282.1 279.0 -199.6 0.0
261.6 -1023.8 97.9 -215.0 126.3 -100.0
342.7 294.0 538.1 210.0 -217.8 0.0
-1549.7 353.6 648.1 -40.3 55.1 -250.0
-12.8 -1094.6 282.1 282.9 -177.9 0.0
256.0 -1020.6 95.1 -221.9 128.9 -120.0
347.9 288.5 538.1 208.3 -219.6 0.0
-1550.7 355.0 641.6 -40.1 54.9 -270.0
-5.6 -1098.6 282.1 286.2 -159.4 0.0
250.5 -1017.2 91.9 -221.9 136.9 -140.0
353.0 283.1 538.1 205.1 -219.0 0.0
-1551.7 356.3 634.6 -39.9 54.6 -290.0
1.8 -1101.3 282.1 296.5 -108.2 0.0
244.9 -1013.5 88.1 -221.9 144.8 -160.0
358.1 277.6 538.1 203.8 -220.1 0.0
-1552.7 357.7 627.1 -39.7 54.4 -310.0
9.4 -1103.0 282.1 302.9 -65.8 0.0
240.2 -1008.5 88.1 -188.6 202.5 0.1
363.2 272.1 538.1 201.0 -219.2 0.0
-1553.6 359.0 619.1 -39.5 54.1 -330.0
16.6 -1103.9 282.1 289.4 -39.5 0.0
235.5 -1003.2 87.9 -188.6 210.4 -19.9
368.2 266.6 538.1 199.9 -220.3 0.0
-1554.6 360.4 610.6 -39.3 53.9 -350.0
23.6 -1104.4 282.1 277.9 -17.2 0.0
230.9 -997.9 87.1 -182.3 213.5 -39.9
373.1 261.0 538.1 198.7 -221.4 0.0
-1555.6 361.7 601.6 -39.1 53.6 -370.0
30.4 -1106.1 282.1 274.0 -69.7 0.0
226.5 -992.5 85.9 -176.0 216.7 -59.9
378.0 255.5 538.1 196.1 -220.2 0.0
-1556.6 363.1 592.1 -38.9 53.3 -390.0
37.2 -1109.0 282.1 270.6 -114.3 0.0
222.3 -987.0 84.1 -169.6 219.8 -79.9
382.9 250.1 538.1 193.7 -219.0 0.0
-1557.5 364.4 582.1 -38.6 53.0 -410.0
43.7 -1112.6 282.1 262.2 -144.2 0.0
218.2 -981.4 81.9 -163.3 222.9 -99.9
387.7 244.5 538.1 192.5 -220.1 0.0
-1558.5 365.7 571.6 -38.3 52.6 -430.0
49.9 -1116.5 282.1 245.5 -155.6 0.0
214.3 -975.8 79.2 -155.4 223.8 -119.9
392.4 239.1 538.1 189.9 -218.9 0.0
-1559.4 367.0 560.6 -38.0 52.3 -450.0
55.3 -1120.3 282.1 217.9 -154.0 0.0
210.6 -970.2 75.9 -147.6 224.7 -139.9
397.2 233.6 538.1 189.1 -219.7 0.0
-1560.4 368.3 549.1 -37.7 51.9 -470.0
60.3 -1124.4 282.1 198.5 -162.2 0.0
207.1 -964.6 72.2 -139.7 225.6 -159.9
401.8 228.1 538.1 186.8 -218.2 0.0
-1561.3 369.6 538.1 -37.4 51.5 0.5
64.8 -1128.6 282.1 182.0 -169.2 0.0
203.8 -958.9 67.9 -131.8 226.5 -179.9
406.5 222.6 538.1 185.6 -219.5 0.0
-1562.0 370.5 538.1 -25.6 35.3 0.0
69.0 -1133.0 282.1 167.9 -175.1 0.0
200.7 -953.3 63.2 -124.5 224.0 -199.9
411.0 217.2 538.1 182.8 -218.5 0.0
-1562.3 370.9 538.1 -13.8 19.1 0.0
72.9 -1138.4 282.1 155.3 -215.7 0.0
197.8 -947.8 57.9 -117.2 221.5 -219.9
415.5 211.7 538.1 180.2 -217.3 0.0
-1561.2 372.7 538.1 44.0 68.5 0.0
76.5 -1144.6 282.1 144.5 -249.7 0.0
195.1 -942.3 52.2 -109.8 219.0 -239.9
420.0 206.3 538.1 177.8 -216.0 0.0
-1559.1 375.6 538.1 84.3 117.2 0.0
79.8 -1150.9 282.1 130.4 -252.4 0.0
192.5 -936.9 48.1 -102.5 216.5 0.3
424.1 199.8 538.1 163.3 -262.0 0.0
-1556.1 379.6 538.1 119.9 161.1 0.0
82.7 -1157.3 282.1 118.4 -254.6 0.0
192.3 -932.0 48.1 -8.3 193.6 0.0
427.8 192.3 538.1 149.7 -299.3 0.0
-1552.3 384.6 538.1 150.3 198.3 0.0
85.0 -1164.7 282.1 89.9 -295.1 0.0
194.1 -927.7 48.1 71.7 174.2 0.0
431.2 184.8 538.1 134.0 -301.7 0.0
-1547.9 390.3 538.1 176.8 229.3 0.0
86.6 -1172.9 282.1 65.7 -329.3 0.0
196.1 -923.3 47.9 79.6 175.1 -20.0
434.2 177.2 538.1 120.5 -303.7 0.0
-1543.1 396.5 538.1 192.1 246.5 0.0
87.9 -1181.1 282.1 49.5 -327.1 0.0
198.3 -918.9 47.1 87.5 176.1 -40.0
436.8 169.4 538.1 106.7 -309.7 0.0
-1538.3 402.6 538.1 191.2 243.9 0.0
88.8 -1189.2 282.1 35.6 -325.2 0.0
200.6 -914.5 45.9 95.4 176.9 -60.0
439.2 161.7 538.1 94.6 -310.7 0.0
-1533.5 408.6 538.1 191.9 243.4 0.0
89.5 -1197.3 281.9 28.5 -322.3 -20.0
203.2 -910.0 44.1 103.3 177.7 -80.0
441.3 153.9 538.1 84.4 -311.5 0.0
-1528.7 414.7 538.1 193.3 242.5 0.0
90.0 -1205.3 281.1 21.6 -319.4 -40.0
206.0 -905.6 41.9 111.1 178.5 -100.0
443.2 146.1 538.1 75.5 -312.5 0.0
-1523.9 420.7 538.1 194.3 241.6 0.0
90.4 -1213.2 279.9 14.6 -316.4 -60.0
209.0 -901.1 39.1 119.0 179.3 -120.0
444.9 138.2 538.1 65.9 -315.4 0.0
-1519.0 426.8 538.1 195.2 240.8 0.0
90.6 -1221.0 278.1 7.6 -313.5 -80.0
212.1 -896.6 35.9 126.9 180.1 -140.0
446.3 130.3 538.1 57.5 -315.8 0.0
-1514.1 432.7 538.1 194.3 238.3 0.0
90.7 -1228.7 275.9 5.3 -306.2 -100.0
215.5 -892.1 32.1 134.8 180.8 -160.0
447.6 122.4 538.1 50.3 -316.1 0.0
-1510.0 437.8 538.1 165.1 202.6 0.0
90.8 -1236.1 273.1 2.9 -298.8 -120.0
219.1 -887.5 27.9 142.6 181.5 -180.0
448.7 114.5 538.1 44.2 -316.3 0.0
-1506.5 442.1 538.1 140.4 172.2 0.0
90.8 -1243.4 269.9 0.5 -291.3 -140.0
222.8 -883.0 24.1 150.3 182.2 0.2
449.6 106.5 538.1 37.1 -317.8 0.0
-1503.5 445.8 538.1 119.3 146.3 0.0
90.7 -1250.5 266.1 -1.9 -283.9 -160.0
226.9 -877.8 24.1 161.5 207.8 0.0
450.4 98.6 538.1 30.9 -317.9 0.0
-1500.9 448.9 538.1 103.9 125.3 0.0
90.6 -1257.4 261.9 -3.3 -276.1 -180.0
230.9 -872.4 24.1 162.5 216.2 0.0
451.0 90.6 538.1 25.8 -317.7 0.0
-1498.7 451.5 538.1 88.3 106.5 0.0
90.5 -1264.1 257.1 -4.7 -268.3 -200.0
234.9 -866.9 24.1 159.8 217.9 0.0
451.5 82.7 538.1 21.4 -317.8 0.0
-1496.5 453.8 538.1 86.5 90.4 0.0
90.4 -1270.6 251.9 -6.1 -260.5 -220.0
238.9 -861.4 24.1 157.6 219.3 0.0
451.9 74.7 538.1 15.9 -318.5 0.0
-1494.3 455.7 538.1 90.4 76.4 0.0
90.2 -1276.9 246.1 -7.6 -252.7 -240.0
243.1 -858.6 24.1 168.7 115.1 0.0
452.2 66.8 538.1 11.3 -318.4 0.0
-1492.0 457.3 538.1 92.4 64.5 0.0
90.0 -1283.1 239.9 -8.5 -245.1 -260.0
247.5 -857.9 24.1 178.2 26.5 0.0
452.4 58.8 538.1 7.3 -318.2 0.0
-1489.7 458.6 538.1 89.5 49.8 0.0
89.7 -1289.0 233.1 -9.5 -237.6 -280.0
252.2 -859.1 24.1 186.2 -48.9 0.0
452.5 50.9 538.1 3.9 -318.0 0.0
-1487.6 459.5 538.1 86.3 37.7 0.0
89.5 -1294.8 226.1 -10.4 -230.1 0.3
257.0 -861.9 24.1 193.0 -112.9 0.0
452.4 42.9 538.1 -2.5 -319.4 0.0
-1485.5 460.2 538.1 83.9 26.6 0.0
89.0 -1297.8 226.1 -18.3 -120.6 0.0
261.1 -866.1 24.1 162.3 -165.9 0.0
452.2 34.9 538.1 -7.8 -318.8 0.0
-1483.4 460.6 538.1 81.9 16.5 0.0
88.7 -1300.8 225.9 -11.4 -120.5 -20.0
264.5 -871.4 24.1 136.3 -210.9 0.0
451.9 27.0 538.1 -12.3 -318.3 0.0
-1481.5 460.7 538.1 75.2 4.7 0.0
88.6 -1303.8 225.1 -4.5 -120.4 -40.0
267.3 -877.6 24.1 114.1 -249.2 0.0
451.5 19.0 538.1 -16.1 -317.8 0.0
-1479.8 460.6 538.1 68.4 -4.9 0.0
88.7 -1306.8 223.9 2.5 -120.3 -60.0
269.7 -884.6 24.1 95.3 -281.7 0.0
450.8 11.3 538.1 -29.2 -310.3 0.0
-1478.3 460.3 538.1 62.3 -12.8 0.0
88.9 -1309.8 222.1 9.4 -120.2 -80.0
270.4 -891.9 24.1 25.9 -289.4 0.0
449.8 3.6 538.1 -41.0 -305.6 0.0
-1476.9 459.8 538.1 56.6 -19.3 0.0
89.3 -1312.8 219.9 16.4 -119.6 -100.0
269.6 -899.2 32.1 -30.5 -294.0 0.0
448.5 -3.9 538.1 -51.1 -301.7 0.0
-1475.7 459.3 538.1 45.3 -21.0 0.0
89.9 -1315.8 217.1 23.3 -119.0 -120.0
267.6 -906.7 32.1 -78.5 -297.8 0.0
447.0 -11.4 538.1 -59.6 -298.4 0.0
-1474.8 458.7 538.1 35.7 -23.2 0.0
92.2 -1318.2 217.1 89.5 -95.1 0.1
264.8 -914.1 40.1 -114.6 -296.8 0.0
445.7 -19.3 538.1 -50.4 -317.7 0.0
-1474.2 458.1 538.1 27.0 -24.4 0.0
95.8 -1320.0 217.1 145.7 -74.8 0.0
262.3 -920.4 40.1 -97.4 -252.3 0.0
444.7 -27.3 538.1 -42.5 -317.8 0.0
-1473.7 457.5 538.1 19.5 -23.7 0.0
100.6 -1321.3 217.1 193.5 -52.4 0.0
259.8 -926.5 40.1 -100.6 -244.8 0.0
443.8 -35.2 538.1 -35.9 -317.6 0.0
-1473.4 457.0 538.1 11.4 -19.6 0.0
106.5 -1322.2 217.1 234.2 -33.4 0.0
257.2 -932.6 48.1 -106.7 -244.2 0.0
443.0 -43.2 538.1 -30.2 -317.7 0.0
-1473.3 456.6 538.1 5.2 -14.0 0.0
113.2 -1322.6 217.1 268.7 -17.2 0.0
254.4 -938.7 48.1 -110.8 -241.8 0.0
442.4 -51.1 538.1 -23.5 -318.9 0.0
-1473.2 456.5 538.1 0.9 -7.5 0.0
120.4 -1322.7 217.1 286.7 -5.3 0.0
252.3 -945.8 56.1 -82.7 -284.0 0.0
442.0 -59.1 538.1 -17.8 -318.6 0.0
-1473.2 456.3 538.1 1.1 -7.5 0.0
127.5 -1322.9 223.8 286.7 -5.3 255.0
250.9 -953.8 56.1 -58.6 -319.9 0.0
441.7 -67.1 538.1 -13.0 -318.4 0.0
-1473.2 456.1 538.1 0.7 -6.3 0.0
134.7 -1323.0 229.9 286.7 -5.3 235.0
249.8 -961.7 64.1 -42.8 -319.6 0.0
441.5 -75.0 538.1 -8.9 -318.2 0.0
-1473.2 456.0 538.1 0.5 -6.3 0.0
141.9 -1323.1 235.5 286.7 -5.3 215.0
249.0 -969.4 64.1 -31.2 -307.5 0.0
441.4 -82.8 538.1 -3.6 -311.7 0.0
-1473.2 455.8 538.1 0.4 -6.3 0.0
149.0 -1323.3 240.6 286.7 -5.3 195.0
249.7 -977.4 72.1 26.5 -319.6 0.0
441.4 -90.3 538.1 0.2 -301.0 0.0
-1473.2 455.6 538.1 0.9 -6.2 0.0
156.2 -1323.4 245.3 286.7 -5.3 175.0
251.6 -985.7 72.1 75.6 -330.6 0.0
441.5 -97.8 538.1 4.2 -300.7 0.0
-1473.1 455.5 538.1 0.4 -5.7 0.0
163.4 -1323.5 249.4 286.7 -5.3 155.0
254.3 -993.9 80.1 109.5 -330.3 0.0
441.7 -105.4 538.1 7.6 -300.4 0.0
-1473.1 455.4 538.1 0.5 -5.7 0.0
170.5 -1323.7 253.0 286.7 -5.3 135.0
257.4 -1001.8 80.1 123.7 -314.1 0.0
442.0 -112.6 538.1 12.3 -291.6 0.0
-1473.1 455.2 538.1 0.6 -5.6 0.0
177.7 -1323.8 256.1 286.7 -5.3 115.0
259.9 -1009.2 88.1 101.7 -297.9 0.0
442.4 -119.9 538.1 17.4 -290.7 0.0
-1473.1 455.1 538.1 0.7 -5.6 0.0
184.9 -1323.9 258.8 286.7 -5.3 95.0
261.9 -1017.0 88.1 79.3 -311.6 0.0
442.9 -127.2 538.1 21.8 -290.0 0.0
-1473.1 454.9 538.1 0.9 -5.6 0.0
192.0 -1324.1 260.9 286.7 -5.3 75.0
263.5 -1025.0 96.1 61.1 -319.1 0.0
443.6 -134.4 538.1 25.5 -289.4 0.0
-1473.1 454.8 538.1 0.4 -5.7 0.0
199.2 -1324.2 262.5 286.7 -5.3 55.0
264.6 -1033.1 96.1 76.0 -230.8 -53.1
444.3 -141.1 538.1 29.2 -268.9 0.0
-1473.1 454.7 538.1 0.6 -5.6 0.0
206.4 -1324.3 263.6 286.7 -5.3 35.0
266.4 -1039.0 96.1 71.2 -235.3 0.1
445.2 -147.8 538.1 37.1 -266.2 0.0
-1473.0 454.5 538.1 0.7 -5.6 0.0
213.5 -1324.4 264.3 286.7 -5.3 15.0
266.7 -1045.1 104.1 12.6 -244.7 0.0
446.3 -154.4 538.1 43.9 -264.0 0.0
-1473.0 454.4 538.1 0.8 -5.0 0.0
220.7 -1324.6 264.4 286.7 -5.3 -5.0
265.8 -1051.4 104.1 -37.2 -252.7 0.0
447.6 -160.9 538.1 49.7 -262.1 0.0
-1473.0 454.3 538.1 0.9 -5.0 0.0
227.9 -1324.7 264.0 286.7 -5.3 -25.0
263.8 -1057.9 112.1 -48.9 -175.7 -64.4
448.8 -167.5 544.8 49.7 -262.1 255.0
-1473.0 454.1 538.1 1.0 -4.9 0.0
235.0 -1324.8 263.1 286.7 -5.3 -45.0
262.5 -1062.4 112.1 -52.3 -182.4 0.1
450.1 -174.0 550.9 49.7 -262.1 235.0
-1472.9 454.0 538.1 1.0 -4.9 0.0
242.2 -1325.0 261.8 286.7 -5.3 -65.0
260.5 -1068.0 112.1 -78.6 -221.8 0.0
451.3 -180.6 556.5 49.7 -262.1 215.0
-1472.9 453.9 538.1 0.9 -4.3 0.0
249.4 -1325.1 259.9 286.7 -5.3 -85.0
258.0 -1074.4 120.1 -101.0 -255.2 0.0
452.6 -187.1 561.6 49.7 -262.1 195.0
-1472.9 453.8 538.1 1.0 -4.3 0.0
256.5 -1325.2 257.5 286.7 -5.3 -105.0
255.1 -1081.3 120.1 -143.2 -256.0 104.6
453.8 -193.7 566.2 49.7 -262.1 175.0
-1472.9 453.7 538.1 1.0 -4.3 0.0
263.7 -1325.4 254.6 286.7 -5.3 -125.0
251.5 -1087.9 122.5 -142.6 -263.9 84.6
455.0 -200.2 570.4 49.7 -262.1 155.0
-1472.8 453.6 538.1 1.0 -4.3 0.0
270.9 -1325.5 251.3 286.7 -5.3 -145.0
248.0 -1094.7 128.1 -137.8 -263.7 64.6
456.3 -206.8 574.0 49.7 -262.1 135.0
-1472.8 453.5 538.1 0.9 -4.3 0.0
278.0 -1325.6 247.4 286.7 -5.3 -165.0
244.5 -1101.5 129.5 -151.1 -279.0 81.4
457.5 -213.4 577.1 49.7 -262.1 115.0
-1472.8 453.4 538.1 0.9 -4.3 0.0
285.2 -1325.8 243.0 286.7 -5.3 -185.0
240.8 -1108.6 136.1 -146.0 -278.2 61.4
458.8 -219.9 579.8 49.7 -262.1 95.0
-1472.8 453.3 538.1 0.9 -4.3 0.0
292.4 -1325.9 238.1 286.7 -5.3 -205.0
237.2 -1115.5 137.4 -141.7 -272.8 41.4
460.0 -226.5 581.9 49.7 -262.1 75.0
-1472.8 453.2 538.1 0.8 -4.3 0.0
299.5 -1326.0 232.8 286.7 -5.3 -225.0
233.8 -1122.1 144.1 -133.2 -259.1 21.4
461.3 -233.0 583.5 49.7 -262.1 55.0
-1472.7 453.1 538.1 0.7 -3.7 0.0
306.7 -1326.2 226.9 286.7 -5.3 -245.0
230.6 -1128.5 144.4 -128.7 -253.3 1.4
462.5 -239.6 584.6 49.7 -262.1 35.0
-1472.7 453.0 538.1 0.6 -3.7 0.0
313.9 -1326.3 220.5 286.7 -5.3 -265.0
227.5 -1134.7 144.2 -124.2 -247.6 -18.6
463.7 -246.1 585.2 49.7 -262.1 15.0
-1472.7 452.9 538.1 0.6 -3.7 0.0
321.0 -1326.4 217.1 286.7 -5.3 0.3
226.4 -1140.1 152.1 -43.5 -215.7 0.0
465.0 -252.7 585.4 49.7 -262.1 -5.0
-1472.7 452.8 538.1 0.5 -3.7 0.0
327.6 -1325.2 217.1 264.5 50.9 0.0
226.9 -1144.8 152.1 21.4 -188.3 0.0
466.2 -259.2 585.0 49.7 -262.1 -25.0
-1472.7 452.7 538.1 0.5 -3.7 0.0
333.8 -1322.6 217.1 247.6 104.0 0.0
228.8 -1148.9 152.1 76.6 -164.9 0.0
467.5 -265.8 584.1 49.7 -262.1 -45.0
-1472.7 452.6 538.1 0.5 -3.7 0.0
339.7 -1318.8 217.1 233.2 149.2 0.0
231.9 -1152.5 152.1 123.5 -145.1 0.0
468.7 -272.3 582.8 49.7 -262.1 -65.0
-1472.7 452.5 538.1 0.5 -3.7 0.0
345.2 -1314.1 217.1 221.0 187.6 0.0
236.0 -1155.6 160.1 116.1 -37.7 -49.7
470.0 -278.9 580.9 49.7 -262.1 -85.0
-1472.7 452.4 538.1 0.5 -3.8 0.0
350.1 -1309.0 217.1 197.0 203.8 0.0
239.0 -1156.6 160.1 122.0 -37.8 0.1
471.2 -285.4 578.5 49.7 -262.1 -105.0
-1472.6 452.3 538.1 0.4 -3.1 0.0
354.5 -1303.8 217.1 174.7 208.4 0.0
243.1 -1157.4 160.1 162.9 -33.4 0.0
472.4 -292.0 575.6 49.7 -262.1 -125.0
-1472.6 452.3 538.1 0.4 -3.1 0.0
358.4 -1298.5 217.1 155.7 212.3 0.0
248.0 -1158.2 160.1 197.7 -29.7 0.0
473.7 -298.5 572.2 49.6 -261.4 -145.0
-1472.6 452.2 538.1 0.4 -3.1 0.0
361.9 -1293.1 217.1 139.6 215.6 0.0
474.9 -305.0 568.4 49.5 -260.6 -165.0
-1472.6 452.1 538.1 0.4 -3.1 0.0
364.9 -1287.7 217.1 122.4 217.4 0.0
476.2 -311.5 564.0 49.4 -259.9 -185.0
-1471.9 450.3 538.1 29.4 -71.0 0.0
367.6 -1282.2 217.1 107.7 219.0 0.0
477.4 -318.0 559.1 49.3 -259.1 -205.0
-1470.5 447.1 538.1 53.3 -128.7 0.0
370.0 -1276.7 234.1 95.2 220.4 0.0
478.6 -324.5 553.8 49.2 -258.4 -225.0
-1468.7 442.6 538.1 75.2 -180.9 0.0
372.1 -1271.2 234.1 84.6 221.5 0.0
479.8 -330.9 547.9 49.1 -257.8 -245.0
-1466.3 436.9 538.1 94.0 -225.9 0.0
374.4 -1265.6 240.8 90.3 221.8 255.0
481.1 -337.3 541.5 49.1 -257.1 -265.0
-1463.6 430.3 538.1 110.4 -264.6 0.0
376.8 -1260.1 246.9 93.0 215.5 235.0
478.6 -341.3 534.5 -97.1 -159.0 -289.6
-1460.5 423.0 538.1 122.2 -293.0 0.0
379.2 -1254.7 252.5 98.7 215.8 215.0
476.2 -345.3 527.0 -97.2 -158.2 -309.6
-1457.5 415.7 538.1 121.5 -290.6 0.0
381.8 -1249.3 257.6 104.3 216.1 195.0
473.8 -349.2 519.0 -97.3 -157.5 -329.6
-1454.5 408.7 538.1 117.7 -281.2 0.0
384.5 -1243.9 262.2 104.3 216.1 175.0
471.3 -353.1 510.5 -97.4 -156.7 -349.6
-1451.7 402.0 538.1 111.9 -267.3 0.0
387.1 -1238.5 266.4 104.3 216.1 155.0
468.9 -357.0 501.6 -97.4 -156.0 -369.6
-1449.1 395.7 538.1 106.1 -253.3 0.0
389.7 -1233.1 270.0 104.3 216.1 135.0
466.5 -360.9 492.1 -97.4 -156.0 -389.6
-1446.5 389.6 538.1 101.2 -241.7 0.0
392.3 -1227.7 273.1 104.3 216.1 115.0
464.0 -364.8 482.1 -97.4 -156.0 -409.6
-1444.1 383.8 538.1 98.4 -234.7 0.0
394.8 -1222.3 275.8 102.7 215.3 95.0
461.6 -368.7 471.6 -97.4 -156.0 -429.6
-1441.6 378.0 538.1 97.7 -232.3 0.0
397.4 -1216.9 277.9 101.2 214.5 75.0
459.2 -372.6 460.6 -97.4 -156.0 -449.6
-1439.2 372.1 538.1 98.9 -234.5 0.0
399.9 -1211.6 279.5 99.8 213.8 55.0
456.7 -376.5 449.1 -97.4 -156.0 -469.6
-1436.6 366.1 538.1 100.8 -239.1 0.0
402.3 -1206.3 280.6 98.5 213.2 35.0
454.3 -380.4 437.1 -97.4 -156.0 -489.6
-1434.0 359.9 538.1 105.0 -248.3 0.0
404.8 -1200.9 281.2 97.0 212.3 15.0
451.9 -384.3 424.6 -97.4 -156.0 -509.6
-1431.6 354.0 538.1 95.5 -235.9 0.0
407.1 -1195.7 281.4 95.3 211.3 -5.0
449.4 -388.2 411.6 -97.4 -156.0 -529.6
-1429.3 347.7 538.1 94.3 -251.5 0.0
409.5 -1190.4 281.0 93.5 210.2 -25.0
447.0 -392.1 398.2 -97.4 -156.0 -549.6
-1426.9 341.1 538.1 93.2 -264.9 0.0
411.8 -1185.2 280.1 91.6 209.1 -45.0
444.5 -396.0 384.2 -97.4 -156.0 -569.6
-1424.6 334.2 538.1 92.2 -275.4 0.0
414.2 -1179.9 282.1 97.5 212.8 0.1
442.1 -399.9 369.7 -97.4 -156.0 -589.6
-1421.2 327.2 538.1 138.2 -281.3 0.0
417.6 -1174.5 282.1 136.1 215.8 0.0
439.7 -403.8 354.7 -97.4 -156.0 -609.6
-1417.1 320.3 538.1 162.4 -274.5 0.0
421.2 -1169.4 282.1 142.3 200.9 0.0
437.2 -407.7 339.2 -97.4 -156.0 -629.6
-1413.0 313.9 538.1 166.8 -256.1 0.0
425.3 -1164.5 282.1 164.3 199.4 0.0
434.8 -411.6 323.2 -97.4 -156.0 -649.6
-1408.7 307.9 538.1 172.2 -241.6 0.0
428.7 -1158.5 282.1 136.0 239.9 0.0
432.4 -415.5 306.7 -97.4 -156.0 -669.6
-1403.1 303.0 538.1 222.0 -196.5 0.0
431.5 -1151.7 282.1 111.9 268.9 0.0
429.9 -419.4 289.7 -97.4 -156.0 -689.6
-1396.5 299.0 538.1 265.0 -157.7 0.0
433.8 -1145.6 282.1 94.2 244.8 0.0
427.5 -423.3 282.1 -97.4 -156.0 0.7
-1388.9 295.9 538.1 302.2 -124.9 0.0
435.8 -1139.5 282.1 78.1 244.0 0.0
425.4 -426.6 282.1 -82.8 -132.6 0.0
-1380.8 293.4 538.1 323.5 -98.4 0.0
437.1 -1132.6 282.1 51.7 277.7 0.0
423.7 -429.4 282.1 -70.4 -112.7 0.0
-1372.1 292.0 538.1 350.4 -59.0 0.0
437.8 -1124.8 282.1 28.0 309.9 0.0
422.2 -431.8 282.1 -59.8 -95.8 0.0
-1363.5 291.1 538.1 344.7 -35.1 0.0
438.0 -1116.8 282.1 11.2 322.1 0.0
421.9 -434.9 282.1 -10.6 -120.4 0.0
-1355.0 290.7 538.1 338.9 -14.8 0.0
438.0 -1108.7 282.1 -1.3 324.3 0.0
422.7 -438.4 282.1 31.3 -141.3 0.0
-1346.7 290.8 538.1 333.3 2.2 0.0
437.5 -1100.5 282.1 -21.3 327.2 0.0
424.4 -442.4 282.1 66.9 -159.1 0.0
-1339.6 290.8 538.1 283.3 1.8 0.0
436.7 -1092.7 282.1 -31.9 312.8 0.0
426.8 -446.7 282.1 97.1 -174.3 0.0
-1333.1 291.1 538.1 260.3 12.8 0.0
435.6 -1085.0 282.1 -43.9 308.0 0.0
429.8 -449.4 282.1 121.5 -107.8 0.0
-1326.8 291.8 538.1 251.2 28.2 0.0
434.2 -1077.4 282.1 -54.1 303.9 0.0
433.4 -450.7 282.1 142.3 -51.3 0.0
-1320.7 292.9 538.1 244.1 41.8 0.0
433.1 -1070.9 282.1 -46.0 258.3 0.0
437.4 -450.8 282.1 159.9 -3.3 0.0
-1315.5 293.8 538.1 207.5 35.5 0.0
432.1 -1065.4 282.1 -39.1 219.6 0.0
441.7 -449.8 282.1 174.9 37.5 0.0
-1311.1 294.5 538.1 176.4 30.2 0.0
431.3 -1060.8 282.1 -33.2 186.6 0.0
446.4 -450.1 282.1 187.9 -8.2 0.0
-1307.3 295.2 538.1 151.8 27.7 0.0
430.5 -1056.7 282.1 -31.2 161.6 0.0
451.4 -451.2 282.1 199.0 -47.0 0.0
-1303.8 296.1 538.1 140.3 36.0 0.0
430.5 -1051.5 282.1 -0.1 210.2 0.0
456.6 -453.2 282.1 208.4 -80.0 0.0
-1300.7 294.9 538.1 124.1 -48.6 0.0
431.2 -1045.2 282.1 26.4 251.5 0.0
462.0 -455.8 282.1 213.3 -104.9 0.0
-1297.9 291.9 538.1 110.5 -120.5 0.0
432.4 -1038.0 282.1 48.9 286.6 0.0
467.1 -458.8 282.1 205.8 -116.3 0.0
-1295.4 287.4 538.1 98.7 -181.7 0.0
434.0 -1030.4 282.1 64.4 306.4 0.0
472.0 -461.8 282.1 197.5 -123.8 0.0
-1293.2 281.5 538.1 88.6 -233.6 0.0
435.3 -1022.5 282.1 52.2 312.8 0.0
476.8 -465.1 282.1 190.4 -130.2 0.0
-1290.8 277.3 538.1 97.9 -169.1 0.0
436.3 -1014.7 282.1 42.1 312.3 0.0
481.4 -468.5 282.1 184.4 -135.6 0.0
-1288.1 274.4 538.1 106.2 -113.7 0.0
437.2 -1006.9 282.1 33.5 311.9 0.0
485.9 -472.0 282.1 179.4 -142.2 0.0
-1285.3 272.8 538.1 113.7 -66.2 0.0
437.8 -999.1 282.1 26.2 311.6 0.0
490.3 -475.7 282.1 174.1 -146.6 0.0
-1282.3 272.2 538.1 120.2 -25.1 0.0
438.2 -991.3 282.1 14.7 315.6 0.0
494.5 -479.5 282.1 169.7 -150.3 0.0
-1279.3 272.8 538.1 119.8 23.8 0.0
438.3 -983.4 282.1 5.6 314.2 0.0
496.9 -483.3 282.1 -0.2 -153.5 0.0
-1276.3 274.4 538.1 119.4 65.5 0.0
438.3 -975.6 282.1 -2.1 313.0 0.0
497.7 -487.7 282.1 46.7 -65.1 -4.7
-1273.3 276.9 538.1 119.5 101.4 0.0
438.1 -967.8 282.1 -8.6 312.1 0.0
499.0 -489.4 282.1 50.2 -69.5 0.0
-1270.3 280.2 538.1 119.2 132.0 0.0
437.6 -960.4 282.1 -18.5 294.7 0.0
500.9 -491.9 282.1 76.3 -101.2 0.0
-1267.7 281.1 538.1 105.4 33.0 0.0
436.8 -953.1 282.1 -30.6 290.1 0.0
503.4 -495.2 282.1 99.8 -129.9 0.0
-1265.4 279.8 538.1 93.4 -51.3 0.0
435.8 -946.0 282.1 -41.0 286.2 0.0
506.6 -497.1 282.1 129.4 -76.5 0.0
-1263.3 276.7 538.1 83.5 -122.8 0.0
434.6 -938.9 282.1 -49.8 282.8 0.0
510.5 -497.9 282.1 154.6 -31.1 0.0
-1261.4 272.1 538.1 74.9 -183.7 0.0
433.5 -932.9 282.1 -42.3 240.4 0.0
514.9 -497.7 282.1 176.0 7.6 0.0
-1259.5 267.4 544.8 74.8 -189.3 255.0
432.6 -927.8 282.1 -36.0 204.4 0.0
519.8 -496.7 282.1 194.2 40.4 0.0
-1257.7 262.5 550.9 74.7 -194.9 235.0
431.6 -923.2 282.1 -42.2 183.6 0.0
524.7 -495.8 288.8 197.4 35.7 255.0
-1255.8 257.5 556.5 74.6 -200.6 215.0
430.2 -918.9 282.1 -53.2 170.8 0.0
529.7 -495.0 294.9 200.6 31.1 235.0
-1253.9 252.3 561.6 74.5 -206.2 195.0
428.2 -915.0 282.1 -80.1 156.1 0.0
534.8 -494.3 300.5 203.8 26.4 215.0
-1252.1 247.0 566.2 73.9 -214.1 175.0
425.7 -911.5 282.1 -102.9 143.6 0.0
540.0 -493.8 305.6 207.0 21.8 195.0
-1250.2 241.4 570.4 73.3 -222.0 155.0
422.8 -908.2 282.1 -112.4 129.9 0.0
545.1 -493.1 310.3 205.2 28.6 175.0
-1248.4 235.7 574.0 72.6 -230.0 135.0
419.9 -905.3 282.1 -116.5 117.0 0.0
550.2 -492.2 314.4 203.5 35.3 155.0
-1246.6 229.7 577.1 72.0 -237.9 115.0
416.8 -901.5 282.1 -126.3 152.0 0.0
555.2 -491.1 318.0 201.7 42.1 135.0
-1244.9 223.6 579.8 70.6 -245.7 95.0
413.4 -896.9 282.1 -134.6 181.7 0.0
560.2 -489.9 321.1 199.9 48.9 115.0
-1243.1 217.3 581.9 69.1 -253.5 75.0
410.0 -892.0 282.1 -136.1 196.2 0.0
565.2 -488.5 323.8 197.9 55.1 95.0
-1241.5 210.7 583.5 67.7 -261.3 55.0
406.7 -887.1 282.1 -132.0 198.3 0.0
570.1 -487.0 325.9 195.9 61.3 75.0
-1239.8 204.0 584.6 66.2 -269.1 35.0
403.5 -882.0 282.1 -127.8 201.5 0.0
574.9 -485.3 327.5 193.9 67.6 55.0
-1238.2 197.1 585.2 63.5 -276.3 15.0
400.4 -876.9 282.1 -123.9 203.4 0.0
579.7 -483.5 328.6 191.9 73.8 35.0
-1236.7 190.0 585.4 60.8 -283.6 -5.0
397.4 -871.8 282.1 -120.5 205.0 0.0
584.5 -483.1 329.3 189.7 -0.1 15.0
-1235.2 182.7 585.0 58.0 -290.9 -25.0
394.5 -866.7 282.1 -117.6 206.4 0.0
589.2 -483.1 329.4 187.5 -0.0 -5.0
-1233.9 175.3 584.1 55.3 -298.2 -45.0
391.6 -861.5 282.1 -113.2 206.5 0.0
593.8 -483.1 329.0 185.3 -0.0 -25.0
-1232.6 167.7 582.8 50.7 -303.2 -65.0
388.9 -856.3 282.1 -110.0 207.8 0.0
598.4 -483.1 328.1 183.1 -0.0 -45.0
-1231.4 160.0 580.9 46.1 -308.3 -85.0
386.2 -851.1 282.1 -107.3 209.0 0.0
602.9 -483.1 326.8 180.8 -0.0 -65.0
-1230.4 152.2 578.5 41.5 -313.5 -105.0
383.6 -845.8 282.1 -105.0 210.0 0.0
607.3 -483.1 324.9 178.5 -0.0 -85.0
-1229.5 144.2 575.6 36.8 -318.8 -125.0
381.0 -840.5 282.1 -101.9 211.9 0.0
611.8 -483.1 322.5 176.2 -0.0 -105.0
-1228.8 136.2 572.2 29.2 -319.0 -145.0
378.6 -835.2 282.1 -99.1 213.0 0.0
616.1 -483.1 319.6 173.9 -0.0 -125.0
-1228.2 128.2 568.4 21.7 -319.3 -165.0
376.1 -829.9 282.1 -96.7 213.9 0.0
620.4 -483.3 316.3 172.0 -7.6 -145.0
-1227.9 120.2 564.0 14.2 -319.5 -185.0
373.8 -824.5 282.1 -94.7 214.7 0.0
624.7 -483.7 312.4 170.0 -15.3 -165.0
-1227.7 112.2 559.1 6.9 -319.8 -205.0
371.5 -818.9 282.1 -92.4 225.4 0.0
628.9 -484.3 320.1 168.1 -22.9 0.2
-1227.7 104.4 553.8 1.2 -314.8 -225.0
369.2 -813.2 282.1 -88.2 226.6 0.0
631.9 -486.7 320.1 123.7 -95.8 0.0
-1227.8 96.6 547.9 -4.7 -309.7 -245.0
367.1 -807.5 282.1 -84.7 227.5 0.0
635.1 -490.0 320.1 124.6 -134.7 0.0
-1228.0 89.0 541.5 -10.6 -304.5 -265.0
365.1 -801.8 282.1 -81.7 228.4 0.0
-192.0 64.0 291.0 0.0 0.0 0.0
638.2 -494.2 320.1 125.3 -167.8 0.0
-1228.5 81.5 538.1 -16.7 -299.3 0.3
363.4 -796.9 282.1 -69.4 194.1 0.0
-192.0 64.0 284.8 0.0 0.0 -100.0
641.3 -499.1 328.1 125.8 -195.5 0.0
-1229.9 74.8 538.1 -57.3 -268.4 0.0
361.9 -792.8 282.1 -59.0 165.0 0.0
-192.0 64.0 282.1 0.0 0.0 0.1
644.3 -504.1 328.1 118.5 -198.2 0.0
-1232.2 68.8 538.1 -92.5 -242.1 0.0
360.5 -789.2 282.1 -56.2 142.7 0.0
-192.0 64.0 282.1 0.0 0.0 0.0
648.4 -509.4 328.1 164.5 -214.7 0.0
-1235.3 63.3 538.1 -122.4 -219.8 0.0
358.9 -786.1 282.1 -62.5 127.3 0.0
-192.0 64.0 282.1 0.0 0.0 0.0
653.5 -515.2 328.1 203.5 -228.8 0.0
-1238.5 58.4 538.1 -128.2 -194.6 0.0
357.2 -783.4 282.1 -67.9 104.9 0.0
-192.0 64.0 282.1 0.0 0.0 0.0
659.1 -520.9 336.1 222.1 -230.2 0.0
-1242.1 54.4 538.1 -145.1 -159.6 0.0
355.4 -781.3 282.1 -72.4 85.8 0.0
-192.0 64.0 282.1 0.0 0.0 0.0
664.7 -526.5 336.1 227.0 -223.4 0.0
-1246.1 51.2 538.1 -160.6 -129.7 0.0
353.5 -779.6 282.1 -76.3 69.6 0.0
-192.0 64.0 282.1 0.0 0.0 0.0
668.7 -529.8 336.1 160.5 -130.1 0.0
-1250.5 48.6 538.1 -175.1 -104.1 0.0
351.6 -778.1 282.1 -74.9 56.9 0.0
-193.7 63.9 282.1 -69.7 -5.1 0.0
671.3 -531.0 336.1 103.9 -50.8 0.0
-1254.9 46.5 538.1 -175.3 -84.0 0.0
348.2 -776.7 282.1 -135.3 58.2 0.0
-196.8 63.7 282.1 -120.7 -8.8 0.0
672.7 -530.6 336.1 55.9 16.6 0.0
-1259.2 45.1 538.1 -173.7 -53.9 0.0
343.6 -775.2 282.1 -187.3 59.9 0.0
-200.8 63.4 282.1 -161.7 -11.7 0.0
673.0 -528.8 336.1 9.0 72.1 0.0
-1263.4 44.4 538.1 -168.8 -30.3 0.0
337.8 -773.7 282.1 -231.5 61.3 0.0
-205.8 63.0 282.1 -199.0 -14.5 0.0
673.1 -525.7 344.1 7.7 125.2 0.0
-1267.3 44.0 538.1 -155.8 -16.7 0.0
331.0 -772.1 282.1 -269.1 62.5 0.0
-211.4 61.3 282.1 -226.8 -66.9 0.0
673.3 -521.3 344.1 7.0 174.5 0.0
-1270.9 43.8 538.1 -142.3 -7.1 0.0
324.1 -770.6 282.1 -276.9 59.3 0.0
-217.7 58.5 282.1 -250.2 -111.6 0.0
673.5 -515.9 344.1 6.5 216.3 0.0
-1274.0 41.6 538.1 -126.1 -85.2 0.0
317.2 -769.2 282.1 -277.4 55.7 0.0
-224.4 54.8 282.1 -269.7 -150.2 0.0
673.6 -509.6 344.1 6.0 251.9 0.0
-1276.8 37.9 538.1 -112.3 -151.7 0.0
310.2 -767.9 282.1 -277.8 52.7 0.0
-231.2 50.6 282.1 -271.6 -168.6 0.0
675.6 -504.5 344.1 78.5 202.4 0.0
-1279.4 32.6 538.1 -100.4 -208.1 0.0
303.3 -766.6 282.1 -278.1 50.1 0.0
-236.1 45.5 282.1 -196.1 -201.1 0.0
679.1 -500.5 344.1 140.1 160.4 0.0
-1281.6 26.2 538.1 -89.9 -256.1 0.0
296.7 -765.5 282.1 -263.7 45.6 0.0
-239.5 40.0 282.1 -135.9 -222.2 0.0
683.9 -497.4 344.1 192.5 124.6 0.0
-1283.5 18.8 538.1 -75.9 -297.1 0.0
290.1 -764.4 282.1 -264.0 43.1 0.0
-241.6 33.9 282.1 -84.0 -241.3 0.0
689.8 -495.1 352.1 237.1 94.3 0.0
-1285.1 10.9 538.1 -64.2 -317.8 0.0
283.5 -763.4 282.1 -264.2 40.9 0.0
-242.5 27.3 282.1 -36.2 -264.0 0.0
696.2 -494.5 352.1 252.8 23.8 0.0
-1286.5 2.9 538.1 -54.4 -317.7 0.0
276.9 -762.4 282.1 -264.4 39.1 0.0
-242.2 20.8 282.1 14.6 -262.5 0.0
702.8 -495.4 352.1 266.2 -36.1 0.0
-1287.6 -5.0 538.1 -46.0 -317.8 0.0
270.6 -761.5 282.1 -249.7 35.6 0.0
-240.6 14.2 282.1 62.5 -265.3 0.0
709.8 -497.5 360.1 277.6 -87.1 0.0
-1288.4 -10.0 538.1 -31.7 -200.6 0.0
264.4 -760.7 282.1 -249.9 33.7 0.0
-237.9 7.4 282.1 106.6 -270.6 0.0
716.9 -500.8 360.1 287.3 -130.4 0.0
-1288.9 -12.5 538.1 -19.8 -100.9 0.0
258.1 -759.9 282.1 -250.1 32.2 0.0
-234.3 0.5 282.1 145.8 -276.5 0.0
723.6 -505.1 368.1 267.1 -171.5 0.0
-1289.1 -13.0 538.1 -9.3 -16.3 0.0
251.9 -759.1 282.1 -250.2 30.9 0.0
-230.2 -5.8 282.1 162.6 -249.5 0.0
729.7 -509.7 368.1 242.2 -186.1 0.0
-1289.0 -11.3 538.1 5.5 66.3 0.0
245.9 -758.4 282.1 -237.8 28.4 0.0
-225.8 -11.4 282.1 177.3 -226.4 0.0
735.2 -514.6 368.1 219.6 -194.7 0.0
-1288.7 -8.1 538.1 12.9 127.1 0.0
240.0 -757.7 282.1 -237.9 27.2 0.0
-221.2 -16.5 282.1 184.9 -205.0 0.0
740.2 -519.7 376.1 200.4 -201.9 0.0
-1288.2 -3.5 538.1 20.0 183.7 0.0
234.0 -757.1 282.1 -238.0 26.1 0.0
-216.4 -21.2 282.1 189.5 -186.1 0.0
743.0 -522.6 376.1 112.1 -117.6 0.0
-1287.5 2.3 538.1 26.5 231.8 0.0
228.1 -756.4 282.1 -238.1 25.3 0.0
-211.9 -27.0 282.1 181.2 -233.0 0.0
743.9 -523.8 376.1 37.1 -46.0 0.0
-1286.7 9.1 538.1 31.5 272.7 0.0
222.4 -755.9 282.1 -225.7 23.1 0.0
-207.5 -33.9 282.1 174.6 -274.1 0.0
743.1 -523.3 376.1 -30.5 19.6 0.0
-1285.9 15.8 544.8 31.8 267.0 255.0
216.8 -755.3 282.1 -225.8 22.0 0.0
-203.5 -41.0 282.1 162.3 -285.3 0.0
741.2 -521.6 376.1 -76.1 65.5 0.0
-1285.1 22.3 550.9 32.1 261.4 235.0
211.2 -754.8 282.1 -225.8 21.1 0.0
-199.7 -48.2 282.1 150.4 -288.1 0.0
738.9 -518.6 376.1 -94.0 119.8 0.0
-1284.3 28.7 556.5 32.4 255.8 215.0
205.5 -754.3 282.1 -225.9 20.3 0.0
-196.3 -55.8 282.1 135.2 -303.0 0.0
736.2 -514.5 376.1 -109.3 166.0 0.0
-1283.5 34.9 561.6 32.7 250.1 195.0
199.6 -753.8 282.1 -236.2 19.4 0.0
-193.3 -63.4 282.1 120.6 -305.4 0.0
733.4 -510.2 375.9 -112.2 172.4 -20.0
-1282.7 41.0 566.2 32.9 242.3 175.0
193.7 -753.3 282.1 -236.2 18.2 0.0
-190.6 -71.1 282.1 108.0 -307.1 0.0
730.5 -505.7 375.1 -115.1 178.8 -40.0
-1281.8 46.9 570.4 33.1 234.5 155.0
187.8 -752.9 282.1 -236.3 17.2 0.0
-188.2 -78.8 282.1 97.3 -308.2 0.0
727.4 -501.3 373.9 -121.3 174.7 -60.0
-1281.0 52.5 574.0 33.3 226.7 135.0
181.9 -752.5 282.1 -236.3 16.4 0.0
-186.3 -87.0 282.1 75.9 -327.1 0.0
724.3 -497.1 372.1 -127.5 170.6 -80.0
-1280.2 58.0 577.1 33.5 218.9 115.0
176.8 -750.5 282.1 -204.1 80.0 0.0
-184.8 -95.1 282.1 59.7 -325.3 0.0
720.9 -492.9 369.9 -133.7 166.5 -100.0
-1279.3 63.3 579.8 33.4 211.0 95.0
172.4 -747.1 282.1 -176.6 134.0 0.0
-183.7 -103.2 282.1 45.5 -324.3 0.0
717.4 -488.8 367.1 -139.9 162.4 -120.0
-1278.5 68.4 581.9 33.4 203.2 75.0
168.5 -742.6 282.1 -153.3 180.0 0.0
-182.8 -111.3 282.1 33.3 -323.2 0.0
713.8 -485.0 363.9 -143.7 155.4 -140.0
-1277.7 73.2 583.5 33.4 195.3 55.0
165.2 -737.2 282.1 -133.5 219.1 0.0
-183.3 -119.0 282.1 -17.4 -308.3 0.0
710.1 -481.2 360.1 -147.5 148.5 -160.0
-1276.8 77.9 584.6 33.4 187.4 35.0
162.5 -731.0 282.1 -107.7 247.7 0.0
-184.8 -126.4 282.1 -60.4 -295.6 0.0
706.1 -479.8 360.1 -163.0 56.3 0.1
-1276.0 82.4 585.2 33.2 179.5 15.0
160.3 -724.6 282.1 -87.3 256.2 0.0
-186.8 -133.2 282.1 -81.2 -273.1 0.0
701.6 -480.4 360.1 -176.3 -22.0 0.0
-1275.2 86.7 585.4 33.0 171.5 -5.0
158.5 -718.2 282.1 -70.8 254.6 0.0
-189.2 -139.5 282.1 -94.6 -250.8 0.0
697.2 -481.1 359.9 -179.3 -29.2 -20.0
-1274.4 90.8 585.0 32.9 163.6 -25.0
157.1 -711.9 282.1 -56.7 253.3 0.0
-191.2 -146.8 282.1 -81.8 -291.9 0.0
692.6 -482.0 359.1 -182.3 -36.5 -40.0
-1273.5 94.7 584.1 32.7 155.7 -45.0
156.1 -705.7 282.1 -40.9 248.8 0.0
-193.0 -154.7 282.1 -70.4 -316.6 0.0
688.0 -483.1 357.9 -185.2 -43.8 -60.0
-1272.7 98.4 582.8 32.4 147.7 -65.0
155.4 -699.5 282.1 -27.3 245.8 0.0
-194.5 -162.6 282.1 -60.7 -316.4 0.0
683.3 -484.4 356.1 -188.2 -51.1 -80.0
-1271.9 101.9 580.9 32.1 139.8 -85.0
155.0 -693.4 282.1 -15.7 243.3 0.0
-195.8 -170.5 282.1 -52.3 -316.7 0.0
678.6 -485.8 353.9 -187.1 -57.0 -100.0
-1271.1 105.2 578.5 31.9 131.9 -105.0
154.9 -687.4 282.1 -5.8 241.1 0.0
-196.9 -178.5 282.1 -43.8 -318.1 0.0
673.9 -487.4 351.1 -185.9 -62.8 -120.0
-1270.3 108.3 575.6 31.6 123.9 -125.0
155.1 -681.2 282.1 9.2 246.9 0.0
-197.8 -186.4 282.1 -36.4 -318.1 0.0
669.3 -489.1 347.9 -184.7 -68.7 -140.0
-1269.6 111.2 572.2 31.2 116.0 -145.0
155.6 -675.0 282.1 20.9 248.3 0.0
-198.6 -194.4 282.1 -30.4 -317.8 0.0
664.7 -491.0 344.1 -183.5 -74.6 -160.0
-1268.8 113.9 568.4 30.9 108.1 -165.0
156.4 -668.9 282.1 29.4 245.4 0.0
-199.2 -202.3 282.1 -25.3 -317.8 0.0
660.1 -493.0 339.9 -185.8 -79.8 -180.0
-1268.0 116.4 564.0 30.5 100.2 -185.0
157.3 -662.8 282.1 36.6 243.0 0.0
-199.7 -210.3 282.1 -19.9 -318.3 0.0
655.4 -495.1 335.1 -188.0 -85.0 -200.0
-1267.3 118.7 559.1 30.2 92.2 -205.0
158.4 -657.0 282.1 43.5 231.5 0.0
-200.1 -218.3 282.1 -15.2 -318.2 0.0
650.6 -497.3 329.9 -190.2 -90.1 -220.0
-1266.5 120.8 553.8 29.7 84.3 -225.0
159.7 -651.3 282.1 52.0 227.2 0.0
-200.4 -226.2 282.1 -11.2 -318.1 0.0
645.8 -499.7 328.1 -192.4 -95.3 0.2
-1265.8 122.7 547.9 29.3 76.4 -245.0
161.2 -645.8 282.1 59.3 223.7 0.0
-200.6 -234.2 282.1 -8.0 -317.9 0.0
641.1 -503.0 328.1 -188.1 -131.4 0.0
-1265.1 124.4 541.5 28.8 68.5 -265.0
162.8 -640.2 282.1 65.4 220.6 0.0
-200.7 -242.1 282.1 -4.6 -318.0 0.0
636.5 -507.0 328.1 -183.4 -160.2 0.0
-1264.4 125.9 538.1 28.4 60.5 0.3
165.3 -634.3 282.1 98.4 237.2 0.0
-200.7 -250.1 282.1 -1.6 -317.9 0.0
632.0 -511.0 327.9 -183.4 -160.2 -20.0
-1264.2 125.6 538.1 6.9 -12.9 0.0
168.2 -628.2 282.1 119.3 243.1 0.0
-200.7 -258.0 282.1 0.8 -317.8 0.0
627.4 -515.0 327.1 -183.4 -160.2 -40.0
-1264.6 124.1 538.1 -15.2 -59.8 0.0
171.4 -622.3 282.1 127.1 236.4 0.0
-200.6 -265.9 282.1 2.9 -317.7 0.0
622.8 -519.0 325.9 -183.4 -160.2 -60.0
-1265.2 121.5 538.1 -26.9 -105.1 0.0
174.8 -616.6 282.1 133.7 230.7 0.0
-200.5 -273.9 282.1 5.3 -317.7 0.0
618.2 -523.0 324.1 -183.4 -160.2 -80.0
-1266.2 117.7 538.1 -37.8 -149.2 0.0
179.5 -611.2 282.1 190.6 215.4 0.0
-200.3 -281.8 282.1 7.3 -317.6 0.0
613.6 -527.0 321.9 -183.4 -160.2 -100.0
-1267.3 113.3 538.1 -45.6 -178.6 0.0
185.5 -606.1 282.1 239.0 202.5 0.0
-200.1 -289.7 282.1 8.8 -315.0 0.0
609.0 -531.0 319.1 -183.4 -160.2 -120.0
-1268.6 108.2 538.1 -52.4 -203.6 0.0
192.5 -601.3 282.1 279.3 191.2 0.0
-199.8 -297.6 282.1 10.4 -314.9 0.0
604.4 -535.0 315.9 -183.4 -160.2 -140.0
-1270.0 103.0 538.1 -53.2 -207.5 0.0
199.6 -597.0 282.1 283.6 174.1 0.0
-199.5 -305.3 282.1 12.0 -309.9 0.0
599.9 -539.0 312.1 -183.4 -160.2 -160.0
-1271.3 97.8 538.1 -53.1 -207.5 0.0
207.2 -593.1 282.1 306.2 153.3 0.0
-199.2 -313.1 282.1 13.7 -309.8 0.0
595.3 -540.9 307.9 -183.4 0.2 -180.0
-1272.4 93.4 538.1 -45.1 -176.4 0.0
214.9 -589.8 282.1 307.7 134.1 0.0
-198.8 -320.7 282.1 14.7 -307.1 0.0
590.6 -540.9 303.1 -186.5 0.0 -200.0
-1273.4 89.7 538.1 -38.3 -149.9 0.0
222.6 -586.8 282.1 309.0 117.8 0.0
-198.4 -328.4 282.1 15.7 -304.5 0.0
585.9 -540.9 297.9 -189.8 0.0 -220.0
-1274.2 86.4 538.1 -33.1 -129.4 0.0
230.4 -584.2 282.1 310.1 104.0 0.0
-198.0 -335.8 282.1 16.9 -299.5 0.0
581.0 -540.9 296.1 -193.1 0.0 0.2
-1275.0 83.2 538.1 -33.1 -129.4 0.0
237.9 -581.8 282.1 300.0 97.8 0.0
-197.6 -343.2 282.1 18.1 -294.4 0.0
576.1 -540.9 296.1 -197.4 -45.1 0.0
-1275.7 80.4 538.1 -28.2 -110.0 0.0
245.4 -579.4 282.1 300.8 94.9 0.0
-197.1 -350.5 282.1 19.1 -291.7 0.0
571.1 -540.9 295.9 -200.7 -49.7 -20.0
-1276.3 78.1 538.1 -23.9 -93.5 0.0
252.9 -577.1 282.1 301.4 92.5 0.0
-196.6 -357.7 282.1 20.0 -289.1 0.0
566.0 -540.9 295.1 -95.5 -37.5 -35.8
-1276.8 76.1 538.1 -20.2 -78.9 0.0
260.5 -574.9 282.1 301.9 90.4 0.0
-196.1 -364.8 282.1 21.0 -281.6 0.0
563.5 -540.9 294.0 -98.9 -41.9 -55.8
-1277.3 74.4 538.1 -18.2 -70.8 0.0
268.1 -572.6 282.1 305.4 88.2 0.0
-195.5 -371.7 282.1 22.0 -278.9 0.0
560.9 -540.9 292.3 -102.3 -46.4 -75.8
-1277.7 72.9 538.1 -14.4 -56.2 0.0
275.8 -570.5 282.1 306.0 85.8 0.0
-194.9 -378.6 282.1 23.0 -276.3 0.0
558.3 -540.9 290.2 -105.7 -50.8 -95.8
-1277.9 71.9 538.1 -10.7 -41.7 0.0
283.4 -568.4 282.1 306.5 83.8 0.0
-194.3 -385.4 282.1 23.6 -271.2 0.0
555.6 -540.9 287.5 -109.2 -55.2 -115.8
-1278.2 71.0 538.1 -9.4 -36.3 0.0
291.1 -566.4 282.1 306.9 82.0 0.0
-193.7 -391.9 282.1 24.9 -259.0 0.0
552.8 -540.9 284.4 -112.7 -59.6 -135.8
-1278.4 70.2 538.1 -8.0 -31.0 0.0
298.8 -564.4 282.1 308.4 78.4 0.0
-193.0 -398.3 282.1 27.3 -256.1 0.0
549.9 -540.9 282.1 -116.1 -64.0 0.2
-1278.5 69.7 538.1 -5.0 -19.5 0.0
306.5 -562.5 282.1 309.0 75.2 0.0
-192.3 -404.6 282.1 29.3 -253.2 0.0
546.5 -540.9 282.1 -133.4 0.1 0.0
-1278.6 69.5 538.1 -2.5 -9.9 0.0
314.3 -560.7 282.1 309.5 72.5 0.0
-191.5 -410.9 282.1 30.9 -250.3 0.0
542.3 -540.1 282.1 -169.1 32.2 0.0
-1278.6 69.4 538.1 -1.2 -4.9 0.0
322.0 -559.0 282.1 309.9 70.2 0.0
-191.2 -418.1 282.1 12.6 -287.2 0.0
537.3 -538.6 282.1 -199.3 59.5 0.0
-1278.6 69.2 538.1 -1.2 -4.9 0.0
328.5 -555.5 282.1 259.0 138.9 0.0
-191.2 -425.7 282.1 -0.6 -307.1 0.0
531.7 -536.5 282.1 -225.1 82.7 0.0
-1278.6 67.3 538.1 -0.9 -79.4 0.0
333.9 -550.5 282.1 215.7 197.3 0.0
-191.4 -433.4 282.1 -8.7 -305.8 0.0
525.7 -534.1 282.1 -240.0 98.4 0.0
-1278.7 63.7 538.1 -1.7 -143.7 0.0
338.4 -544.4 282.1 178.9 247.0 0.0
-191.8 -441.0 282.1 -15.6 -304.6 0.0
520.3 -531.8 282.1 -215.1 92.1 0.0
-1278.7 58.6 538.1 -2.4 -201.5 0.0
342.1 -537.1 282.1 147.6 289.2 0.0
-192.5 -448.8 282.1 -28.0 -313.4 0.0
515.1 -529.3 282.1 -209.8 99.0 0.0
-1278.8 52.4 538.1 -3.0 -250.7 0.0
344.7 -529.1 282.1 106.6 320.9 0.0
-193.4 -456.6 282.1 -36.2 -311.5 0.0
509.9 -526.7 282.1 -205.4 104.9 0.0
-1278.9 45.1 538.1 -3.5 -292.4 0.0
346.6 -520.7 282.1 74.2 338.2 0.0
-194.5 -464.4 282.1 -42.9 -309.5 0.0
504.9 -523.9 282.1 -201.5 109.9 0.0
-1279.0 37.1 538.1 -4.0 -317.5 0.0
347.9 -512.4 282.1 51.7 332.6 0.0
-195.7 -472.1 282.1 -48.7 -308.0 0.0
499.6 -520.1 282.1 -210.9 152.5 0.0
-1279.1 29.2 538.1 -3.8 -317.5 0.0
348.7 -504.2 282.1 32.6 327.8 0.0
-197.4 -480.0 282.1 -67.3 -318.4 0.0
494.1 -515.4 282.1 -218.8 188.8 0.0
-1279.2 21.2 538.1 -3.8 -317.5 0.0
349.0 -496.4 282.1 13.1 310.6 0.0
-199.3 -487.9 282.1 -76.6 -313.7 0.0
488.8 -510.4 282.1 -212.6 200.3 0.0
-1279.3 13.4 538.1 -3.5 -314.9 0.0
348.9 -488.9 282.1 -4.9 299.3 0.0
-201.5 -495.6 282.1 -84.7 -310.1 0.0
483.7 -505.2 282.1 -204.5 205.8 0.0
-1279.4 5.5 538.1 -3.5 -314.9 0.0
348.4 -481.6 282.1 -21.2 292.0 0.0
-203.7 -503.3 282.1 -91.7 -307.0 0.0
477.6 -501.5 282.1 -246.6 150.4 0.0
-1279.4 -2.4 538.1 -3.4 -314.9 0.0
347.5 -474.5 282.1 -35.0 285.7 0.0
-206.8 -510.9 282.1 -121.0 -306.0 0.0
470.5 -498.9 282.1 -282.5 103.4 0.0
-1279.5 -10.3 538.1 -3.3 -314.9 0.0
346.4 -467.9 282.1 -44.0 262.1 0.0
-210.1 -518.2 282.1 -132.1 -291.1 0.0
462.7 -497.3 282.1 -313.0 63.4 0.0
-1279.6 -18.1 544.8 -3.3 -314.9 255.0
344.9 -461.6 282.1 -58.5 251.3 0.0
-213.7 -525.2 282.1 -143.5 -280.4 0.0
454.3 -496.5 282.1 -334.7 30.8 0.0
-1279.7 -26.0 550.9 -3.3 -314.9 235.0
343.2 -455.6 282.1 -70.9 242.2 0.0
-217.5 -532.0 282.1 -153.1 -271.3 0.0
446.6 -496.1 282.1 -289.6 -15.2 104.1
-1279.8 -33.9 556.5 -3.3 -314.9 215.0
341.1 -449.7 282.1 -81.4 234.4 0.0
-221.5 -538.5 282.1 -160.5 -258.1 0.0
439.3 -496.5 284.5 -289.6 -15.2 84.1
-1279.9 -41.7 561.6 -3.3 -314.9 195.0
337.8 -443.6 282.1 -131.0 243.8 0.0
-225.7 -544.7 282.1 -168.7 -248.8 0.0
432.1 -496.9 286.3 -289.6 -15.2 64.1
-1279.9 -49.6 566.2 -3.3 -315.0 175.0
333.5 -437.3 282.1 -175.3 253.2 0.0
-230.1 -550.7 282.1 -173.9 -239.4 0.0
424.9 -497.3 287.7 -289.6 -15.2 44.1
-1280.0 -57.5 570.4 -3.3 -315.0 155.0
328.4 -430.9 282.1 -204.2 255.1 0.0
-234.6 -556.5 282.1 -179.8 -232.7 0.0
417.6 -497.7 288.5 -289.6 -15.2 24.1
-1280.1 -65.4 574.0 -3.3 -315.0 135.0
323.1 -424.8 282.1 -211.8 244.5 0.0
-239.0 -562.0 282.1 -179.5 -219.2 0.0
410.2 -498.1 288.9 -295.3 -18.7 4.1
-1280.2 -73.2 577.1 -3.3 -315.0 115.0
316.9 -419.0 282.1 -247.9 230.2 0.0
-243.6 -567.2 282.1 -182.9 -210.7 0.0
402.7 -498.7 288.7 -301.1 -22.2 -15.9
-1280.3 -81.1 579.8 -3.3 -315.0 95.0
310.8 -413.9 282.1 -242.9 206.1 0.0
-248.2 -572.3 282.1 -183.9 -201.8 0.0
395.1 -499.3 288.1 -304.4 -24.2 -35.9
-1280.3 -89.0 581.9 -3.3 -315.0 75.0
304.8 -409.2 282.1 -240.8 186.6 0.0
-252.9 -577.2 282.1 -185.6 -195.2 0.0
387.3 -500.0 287.0 -310.3 -29.1 -55.9
-1280.4 -96.9 583.5 -3.3 -315.0 55.0
298.6 -404.9 282.1 -245.5 172.1 0.0
-257.3 -581.7 282.1 -177.7 -180.2 0.0
379.4 -500.9 285.3 -316.4 -34.2 -75.9
-1280.5 -104.7 584.6 -3.3 -315.0 35.0
293.0 -401.2 282.1 -226.6 148.4 0.0
-261.7 -585.9 282.1 -175.4 -170.6 0.0
371.4 -501.9 283.2 -322.5 -39.3 -95.9
-1280.6 -112.6 585.2 -3.3 -315.0 15.0
287.3 -398.0 282.1 -228.6 130.2 0.0
-266.0 -590.0 282.1 -172.4 -161.7 0.0
363.2 -503.0 282.1 -328.6 -44.3 0.1
-1280.7 -120.5 585.4 -3.3 -315.0 -5.0
281.5 -395.1 282.1 -230.4 114.8 0.0
-270.2 -593.8 282.1 -169.1 -153.5 0.0
355.0 -505.4 282.1 -324.5 -98.3 0.0
-1280.8 -128.4 585.0 -3.3 -315.0 -25.0
275.7 -392.6 282.1 -231.9 101.7 0.0
-275.0 -597.8 282.1 -190.9 -160.2 0.0
347.2 -508.8 282.1 -314.9 -135.8 0.0
-1280.8 -136.2 584.1 -3.3 -315.0 -45.0
269.7 -388.7 282.1 -241.2 152.4 0.0
-280.0 -601.8 282.1 -202.2 -161.3 0.0
339.8 -512.6 282.1 -294.4 -151.1 0.0
-1280.9 -144.1 582.8 -3.3 -315.0 -65.0
263.4 -383.9 282.1 -249.1 195.6 0.0
-285.4 -605.9 282.1 -213.0 -163.0 0.0
332.9 -516.7 282.1 -276.9 -164.2 0.0
-1281.0 -152.0 580.9 -3.3 -315.0 -85.0
257.3 -378.4 282.1 -246.0 217.5 0.0
-290.9 -610.0 282.1 -221.4 -163.9 0.0
326.7 -521.3 282.1 -248.5 -184.5 0.0
-1281.1 -159.9 578.5 -3.3 -315.0 -105.0
251.4 -372.8 282.1 -235.5 224.5 0.0
-297.0 -614.2 282.1 -244.9 -168.4 0.0
321.1 -526.1 282.1 -221.7 -192.4 0.0
-1281.2 -167.7 575.6 -3.3 -315.0 -125.0
245.7 -366.9 282.1 -226.3 234.6 0.0
-303.3 -618.4 282.1 -251.8 -165.8 0.0
316.2 -531.1 282.1 -198.8 -199.1 0.0
-1281.2 -175.4 572.2 -3.1 -307.8 -145.0
240.3 -360.9 282.1 -216.8 240.2 0.0
-309.8 -622.5 282.1 -258.6 -163.8 0.0
311.7 -536.2 282.1 -179.4 -204.8 0.0
-1281.3 -183.0 568.4 -3.0 -301.2 -165.0
235.1 -354.8 282.1 -318.9 564.6 -36.5
-316.4 -626.5 282.1 -264.9 -162.5 0.0
308.5 -542.5 282.1 -127.2 -249.3 0.0
-1281.4 -190.3 564.0 -2.9 -295.5 -185.0
227.1 -340.7 282.1 -318.9 564.6 0.1
-322.1 -631.9 282.1 -226.6 -213.7 0.0
306.4 -549.6 282.1 -82.9 -287.1 0.0
-1281.4 -197.6 559.1 -2.7 -289.2 -205.0
219.2 -326.6 282.1 -318.9 564.6 0.0
-326.9 -638.3 282.1 -194.0 -255.3 0.0
305.3 -557.6 282.1 -45.2 -319.3 0.0
-1281.5 -204.6 553.8 -2.6 -282.1 -225.0
211.2 -312.5 282.1 -318.9 564.6 0.0
-331.1 -645.3 282.1 -166.5 -283.3 0.0
304.9 -566.1 282.1 -15.4 -340.1 0.0
-1281.6 -211.5 547.9 -2.5 -274.6 -245.0
203.2 -298.3 282.1 -318.9 564.6 0.0
-334.6 -652.3 282.1 -142.2 -277.1 0.0
302.7 -573.4 282.1 -89.2 -291.9 0.0
-1281.6 -218.2 541.5 -2.4 -266.7 -265.0
195.2 -284.2 282.1 -318.9 564.6 0.0
-337.5 -659.9 282.1 -112.9 -304.7 0.0
298.9 -579.7 282.1 -152.0 -251.0 0.0
-1281.7 -224.6 538.1 -2.3 -258.8 0.3
188.5 -272.2 282.1 -271.1 479.9 0.0
-339.8 -667.2 282.1 -92.1 -292.2 0.0
293.8 -585.1 282.1 -205.4 -216.2 0.0
-1282.8 -229.4 538.1 -44.0 -190.0 0.0
182.7 -262.0 282.1 -230.4 407.9 0.0
-341.6 -674.2 282.1 -74.7 -279.8 0.0
287.5 -589.8 282.1 -250.7 -186.6 0.0
-1284.8 -232.6 538.1 -82.2 -129.9 0.0
177.8 -253.4 282.1 -195.9 346.7 0.0
-343.1 -680.9 282.1 -60.1 -267.9 0.0
280.3 -593.6 282.1 -288.0 -154.8 0.0
-1287.7 -234.6 538.1 -115.6 -78.0 0.0
173.6 -246.0 282.1 -166.5 294.7 0.0
-344.1 -688.0 282.1 -37.7 -285.5 0.0
272.6 -596.8 282.1 -306.7 -128.5 0.0
-1291.3 -235.4 538.1 -144.3 -34.2 0.0
169.9 -239.4 282.1 -149.9 265.5 0.0
-344.7 -694.8 282.1 -25.2 -272.2 0.0
265.0 -599.5 282.1 -305.6 -106.9 0.0
-1295.2 -235.2 538.1 -153.5 7.5 0.0
166.2 -232.7 282.1 -149.8 265.5 0.0
-345.1 -701.3 282.1 -15.1 -259.2 0.0
257.4 -601.7 282.1 -304.7 -88.6 0.0
-1299.1 -234.3 538.1 -157.8 38.5 0.0
162.4 -226.1 282.1 -149.7 265.6 0.0
-345.3 -707.5 282.1 -6.7 -247.1 0.0
249.6 -603.6 282.1 -310.6 -73.3 0.0
-1303.2 -232.6 538.1 -163.7 67.9 0.0
158.7 -219.4 282.1 -149.6 265.6 0.0
-345.0 -714.0 282.1 10.7 -259.4 0.0
241.8 -605.1 282.1 -310.0 -60.5 0.0
-1307.5 -230.2 538.1 -172.0 96.8 0.0
155.0 -213.0 282.1 -144.9 256.7 0.0
-344.5 -720.2 282.1 18.6 -248.9 0.0
234.1 -606.3 282.1 -309.6 -49.6 0.0
-1311.6 -227.4 538.1 -162.6 112.1 0.0
151.4 -206.6 282.1 -145.2 256.6 0.0
-343.9 -726.2 282.1 24.9 -238.7 0.0
226.4 -607.3 282.1 -309.2 -40.3 0.0
-1315.4 -224.4 538.1 -150.9 118.4 0.0
147.8 -200.2 282.1 -145.5 256.4 0.0
-343.2 -731.9 282.1 29.9 -229.1 0.0
221.4 -607.2 282.1 -199.0 3.8 0.0
-1318.9 -221.4 538.1 -139.8 121.7 0.0
144.1 -193.8 282.1 -145.7 256.3 0.0
-341.9 -738.0 282.1 49.1 -246.4 0.0
218.8 -606.2 282.1 -105.3 41.3 0.0
-1322.1 -218.3 538.1 -128.8 121.2 0.0
139.3 -187.9 282.1 -192.2 237.7 0.0
-340.6 -744.0 282.1 54.7 -238.0 0.0
218.1 -604.4 282.1 -25.7 73.2 0.0
-1324.9 -217.5 538.1 -112.6 34.4 0.0
133.5 -182.3 282.1 -231.7 221.9 0.0
-339.1 -749.8 282.1 59.2 -230.4 0.0
219.2 -601.9 282.1 43.1 97.1 0.0
-1327.4 -218.6 538.1 -99.0 -44.4 0.0
127.6 -177.3 282.1 -238.2 200.6 0.0
-337.5 -755.3 282.1 62.7 -223.2 0.0
222.1 -599.7 282.1 115.8 87.7 0.0
-1329.6 -221.5 538.1 -87.7 -115.1 0.0
121.5 -172.7 282.1 -243.5 182.4 0.0
-335.3 -761.4 282.1 87.7 -244.0 0.0
226.5 -597.7 282.1 177.7 79.7 0.0
-1331.5 -225.9 538.1 -78.4 -177.1 0.0
114.4 -169.1 282.1 -285.5 143.6 0.0
-333.0 -767.4 282.1 93.9 -238.4 0.0
232.3 -595.9 282.1 230.2 73.0 0.0
-1333.1 -231.6 538.1 -65.0 -229.9 0.0
106.3 -166.4 282.1 -321.3 110.7 0.0
-330.5 -773.3 282.1 100.2 -234.8 0.0
239.2 -594.2 282.1 274.9 67.2 0.0
-1334.5 -238.5 538.1 -53.8 -273.5 0.0
98.0 -164.2 282.1 -333.2 85.3 0.0
-327.9 -779.0 282.1 104.0 -229.4 0.0
246.9 -592.6 282.1 309.6 65.5 0.0
-1335.6 -246.0 538.1 -44.3 -300.8 0.0
89.7 -162.6 282.1 -330.4 65.7 0.0
-324.5 -785.2 282.1 133.5 -246.7 0.0
254.7 -591.1 282.1 310.1 60.9 0.0
-1336.5 -253.2 538.1 -37.1 -287.9 0.0
81.2 -161.6 282.1 -341.2 38.6 0.0
-321.0 -791.2 282.1 139.7 -239.5 0.0
262.4 -589.7 282.1 310.6 57.0 0.0
-1337.5 -260.4 544.8 -37.1 -287.9 255.0
72.8 -161.1 282.1 -335.8 19.7 0.0
-317.4 -797.0 282.1 143.8 -232.3 0.0
270.2 -588.3 282.1 310.9 53.7 0.0
-1338.4 -267.6 550.9 -37.1 -287.9 235.0
64.5 -161.0 282.1 -331.2 3.7 0.0
-313.8 -802.6 282.1 147.3 -226.1 0.0
275.0 -587.1 282.1 191.9 49.0 0.0
-1339.3 -274.8 556.5 -37.1 -287.9 215.0
56.4 -161.3 282.1 -327.3 -9.9 0.0
-308.8 -808.2 282.1 198.9 -221.7 0.0
277.3 -586.0 282.1 90.8 45.0 0.0
-1340.2 -282.0 561.6 -37.1 -287.9 195.0
48.1 -162.1 282.1 -331.7 -31.1 0.0
-302.7 -813.6 282.1 242.2 -217.4 0.0
277.4 -584.9 282.1 4.8 41.6 0.0
-1341.1 -289.4 566.2 -36.2 -295.1 175.0
39.9 -163.2 282.1 -325.8 -45.0 0.0
-296.3 -818.7 282.1 257.3 -205.3 0.0
275.6 -584.2 282.1 -69.3 30.0 0.0
-1342.0 -296.9 570.4 -35.2 -302.4 155.0
31.9 -164.6 282.1 -320.7 -56.8 0.0
-289.8 -823.5 282.1 260.0 -191.1 0.0
272.5 -583.5 282.1 -127.9 26.3 0.0
-1342.9 -304.6 574.0 -34.3 -309.2 135.0
24.0 -166.3 282.1 -316.5 -66.9 0.0
-282.4 -827.9 282.1 294.3 -175.1 0.0
267.9 -582.9 282.1 -181.1 24.7 0.0
-1343.7 -312.6 577.1 -33.3 -316.9 115.0
16.0 -168.5 282.1 -318.1 -89.0 0.0
-275.1 -831.8 282.1 295.5 -156.5 0.0
262.3 -582.3 282.1 -226.4 23.3 0.0
-1344.5 -320.7 579.8 -31.3 -324.6 95.0
8.3 -171.1 282.1 -310.0 -101.6 0.0
-267.6 -835.3 282.1 297.8 -141.1 0.0
255.6 -581.8 282.1 -264.8 22.1 0.0
-1345.2 -329.0 581.9 -29.3 -332.3 75.0
0.7 -173.9 282.1 -303.0 -112.2 0.0
-260.1 -838.5 282.1 300.4 -127.9 0.0
248.3 -581.3 282.1 -294.4 20.2 0.0
-1345.9 -337.4 583.5 -28.6 -334.9 55.0
-6.7 -176.9 282.1 -297.1 -121.2 0.0
-252.0 -840.7 282.1 325.2 -85.2 0.0
240.9 -580.8 282.1 -294.5 18.1 0.0
-1346.7 -345.7 584.6 -28.6 -334.9 35.0
-13.7 -180.7 282.1 -280.1 -152.5 0.0
-243.6 -842.0 282.1 333.7 -53.4 0.0
233.6 -580.4 282.1 -294.5 16.3 0.0
-1347.3 -354.2 585.2 -24.7 -340.1 15.0
-20.2 -184.8 282.1 -257.8 -164.9 0.0
-235.4 -842.7 282.1 329.3 -29.9 0.0
226.2 -580.0 282.1 -294.6 14.8 0.0
-1347.9 -362.7 585.4 -24.7 -340.1 -5.0
-26.1 -189.2 282.1 -238.8 -175.5 0.0
-227.3 -843.0 282.1 324.9 -10.4 0.0
218.6 -579.7 282.1 -302.2 13.4 0.0
-1348.5 -371.2 585.0 -24.7 -340.1 -25.0
-31.7 -193.8 282.1 -222.7 -184.5 0.0
-219.3 -843.1 282.1 319.8 -4.1 0.0
211.1 -579.4 282.1 -302.2 12.1 0.0
-1349.1 -379.7 584.1 -24.7 -340.1 -45.0
-38.1 -197.8 282.1 -257.3 -158.0 0.0
-211.3 -843.1 282.1 319.0 1.4 0.0
203.5 -579.1 282.1 -302.2 10.9 0.0
-1349.6 -388.2 582.8 -18.6 -336.9 -65.0
-44.9 -201.2 282.1 -269.9 -135.2 0.0
-203.3 -842.9 282.1 318.7 6.5 0.0
196.0 -578.9 282.1 -302.2 10.0 0.0
-1349.9 -396.5 580.9 -12.5 -333.6 -85.0
-51.6 -204.0 282.1 -270.2 -115.6 0.0
-195.4 -842.6 282.1 318.3 11.1 0.0
188.2 -578.6 282.1 -309.8 9.3 0.0
-1350.1 -404.8 578.5 -6.3 -330.3 -105.0
-58.4 -206.5 282.1 -270.5 -98.9 0.0
-188.6 -842.4 282.1 271.1 9.5 0.0
180.5 -578.4 282.1 -309.8 8.6 0.0
-1350.1 -412.9 575.6 0.0 -326.9 -125.0
-64.9 -206.8 282.1 -259.2 -12.4 0.0
-182.8 -842.2 282.1 231.0 8.2 0.0
172.7 -578.2 282.1 -309.8 8.0 0.0
-1350.0 -421.0 572.2 2.9 -320.9 -145.0
-71.1 -205.3 282.1 -249.7 61.2 0.0
-177.4 -841.9 282.1 217.7 10.3 0.0
165.0 -578.0 282.1 -309.8 7.5 0.0
-1349.9 -428.8 568.4 5.5 -315.4 -165.0
-77.2 -202.2 282.1 -241.5 123.7 0.0
-171.9 -841.6 282.1 217.3 14.2 0.0
157.1 -577.9 282.1 -314.9 7.1 0.0
-1349.6 -436.6 564.0 8.2 -310.0 -185.0
-83.0 -197.8 282.1 -234.6 176.9 0.0
-167.3 -841.3 282.1 185.3 12.2 0.0
149.2 -577.7 282.1 -314.9 6.7 0.0
-1349.4 -444.2 559.1 11.1 -303.9 -205.0
-88.3 -192.3 282.1 -210.1 219.5 0.0
-163.4 -841.0 282.1 158.0 10.5 0.0
141.4 -577.5 282.1 -314.9 6.3 0.0
-1349.1 -451.6 553.8 12.8 -297.5 -225.0
-93.0 -186.0 282.1 -189.0 253.7 0.0
-159.8 -840.7 282.1 144.6 11.2 0.0
133.5 -577.4 282.1 -314.9 6.0 0.0
-1348.7 -458.9 547.9 14.7 -290.5 -245.0
-97.2 -179.5 282.1 -167.1 257.1 0.0
-156.1 -840.4 282.1 144.0 14.3 0.0
125.6 -577.3 282.1 -317.4 5.6 0.0
-1348.3 -466.0 541.5 16.8 -283.1 -265.0
-100.9 -173.0 282.1 -148.4 260.0 0.0
-151.6 -840.7 282.1 184.0 -12.2 0.0
117.6 -577.1 282.1 -317.4 5.2 0.0
-1347.8 -472.8 538.1 18.9 -275.4 0.3
-104.0 -166.8 282.1 -124.0 247.8 0.0
-146.1 -841.5 282.1 219.1 -35.0 0.0
109.7 -577.0 282.1 -317.4 4.8 0.0
-1346.6 -479.7 538.1 46.3 -273.2 0.0
-106.6 -160.7 282.1 -102.5 246.0 0.0
-139.8 -842.9 282.1 250.7 -55.2 0.0
101.8 -576.9 282.1 -317.5 4.6 0.0
-1345.2 -486.1 538.1 58.7 -257.2 0.0
-108.7 -154.6 282.1 -84.2 244.5 0.0
-132.9 -844.7 282.1 277.5 -71.9 0.0
95.0 -576.8 282.1 -269.8 3.9 0.0
-1342.9 -492.8 538.1 88.7 -268.9 0.0
-110.4 -148.5 282.1 -68.7 243.2 0.0
-125.9 -846.7 282.1 278.5 -79.4 0.0
88.8 -576.7 282.1 -246.9 3.5 0.0
-1340.3 -499.6 538.1 107.4 -270.2 0.0
-111.2 -141.7 282.1 -32.7 269.8 0.0
-118.9 -848.9 282.1 281.0 -86.7 0.0
82.7 -576.6 282.1 -246.9 3.4 0.0
-1337.3 -506.5 538.1 117.8 -275.4 0.0
-111.2 -134.4 282.1 -2.1 292.3 0.0
-111.7 -851.2 282.1 286.0 -94.0 0.0
76.5 -576.5 282.1 -246.9 3.3 0.0
-1334.3 -513.2 538.1 119.7 -268.3 0.0
-110.9 -127.2 282.1 14.4 288.0 0.0
-104.5 -853.7 282.1 289.0 -99.6 0.0
71.2 -576.5 282.1 -209.9 2.8 0.0
-1331.4 -519.6 538.1 117.5 -255.2 0.0
-110.2 -120.2 282.1 27.6 282.6 0.0
-97.3 -856.3 282.1 287.8 -104.4 0.0
66.8 -576.4 282.1 -178.4 2.4 0.0
-1328.6 -525.5 538.1 110.7 -235.7 0.0
-107.9 -113.3 282.1 93.4 276.5 0.0
-90.1 -859.1 282.1 288.3 -109.3 0.0
62.6 -576.3 282.1 -166.3 2.4 0.0
-1326.2 -530.5 538.1 96.2 -203.9 0.0
-104.1 -106.5 282.1 149.3 271.3 0.0
-82.9 -861.9 282.1 289.0 -113.7 0.0
58.5 -576.3 282.1 -166.3 2.5 0.0
-1323.3 -536.3 538.1 115.1 -228.2 0.0
-99.2 -99.8 282.1 196.8 266.9 0.0
-75.6 -864.8 282.1 290.0 -117.5 0.0
54.9 -576.2 282.1 -141.3 2.2 0.0
-1320.0 -542.6 538.1 133.5 -252.1 0.0
-93.7 -93.4 282.1 222.3 255.4 0.0
-68.7 -867.7 282.1 277.5 -115.6 0.0
51.9 -576.2 282.1 -120.1 1.8 0.0
-1316.4 -549.2 538.1 144.7 -265.9 0.0
-90.5 -87.1 282.1 128.0 251.3 0.0
-62.1 -870.5 282.1 262.6 -112.0 0.0
49.2 -576.1 282.1 -108.3 1.7 0.0
-1312.5 -556.1 538.1 154.3 -275.1 0.0
-89.3 -80.9 282.1 47.8 247.8 0.0
-55.9 -873.2 282.1 247.7 -107.7 0.0
46.5 -576.1 282.1 -108.3 1.9 0.0
-1308.6 -563.0 538.1 157.8 -275.9 0.0
-89.8 -74.8 282.1 -20.4 244.8 0.0
-50.2 -875.7 282.1 228.6 -100.9 0.0
46.2 -576.0 282.1 -14.1 5.6 0.0
-1304.6 -569.9 538.1 159.0 -274.9 0.0
-92.6 -69.6 282.1 -160.4 160.2 0.0
-44.9 -878.1 282.1 212.2 -96.0 0.0
48.1 -575.9 282.1 77.9 4.0 0.0
-1300.6 -576.7 538.1 160.4 -274.1 0.0
-97.6 -66.1 282.1 -201.7 140.7 0.0
-39.2 -880.9 282.1 230.2 -110.3 0.0
51.6 -575.7 282.1 140.9 7.3 0.0
-1296.6 -583.5 538.1 160.6 -271.1 0.0
-103.5 -63.0 282.1 -236.8 124.2 0.0
-33.1 -883.9 282.1 244.0 -121.6 0.0
56.6 -575.4 282.1 197.8 10.2 0.0
-1292.5 -590.2 538.1 161.9 -270.3 0.0
-109.9 -60.3 282.1 -255.0 109.3 0.0
-26.7 -887.2 282.1 255.8 -131.4 0.0
62.7 -575.1 282.1 246.7 12.6 0.0
-1288.5 -597.0 538.1 162.9 -269.6 0.0
-116.3 -57.9 282.1 -256.0 95.7 0.0
-21.2 -890.0 282.1 217.5 -111.7 0.0
70.0 -574.7 282.1 288.4 14.7 0.0
-1284.4 -603.7 538.1 163.9 -269.0 0.0
-123.6 -56.4 282.1 -291.1 59.1 0.0
-16.6 -892.4 282.1 184.8 -94.9 0.0
77.8 -574.3 282.1 314.6 16.0 0.0
-1280.2 -610.5 538.1 166.9 -270.3 0.0
-131.6 -55.7 282.1 -321.0 27.9 0.0
-12.7 -894.4 282.1 157.1 -80.7 0.0
85.7 -573.9 282.1 314.6 16.0 0.0
-1276.0 -617.2 538.1 168.1 -269.5 0.0
-139.7 -55.5 282.1 -323.7 8.4 0.0
-9.3 -896.1 282.1 133.5 -68.6 0.0
93.6 -573.5 282.1 317.1 16.0 0.0
-1271.7 -623.9 538.1 169.6 -268.6 0.0
-147.7 -55.6 282.1 -319.3 -6.3 0.0
-7.2 -896.2 282.1 84.5 -2.4 0.0
101.5 -573.1 282.1 317.1 15.9 0.0
-1267.5 -630.6 538.1 170.8 -267.7 0.0
-154.6 -55.8 282.1 -277.8 -5.9 0.0
-6.2 -894.9 282.1 41.4 52.3 0.0
109.5 -572.7 282.1 317.1 15.9 0.0
-1263.1 -637.3 538.1 173.3 -266.5 0.0
-161.6 -56.0 282.1 -277.5 -8.8 0.0
-6.1 -892.5 282.1 4.0 94.8 0.0
117.4 -572.3 282.1 317.1 15.8 0.0
-1258.8 -643.8 538.1 173.6 -263.1 0.0
-168.5 -56.3 282.1 -277.3 -11.2 0.0
-6.7 -889.2 282.1 -24.7 134.1 0.0
125.3 -571.9 282.1 317.1 16.1 0.0
-1254.5 -650.3 538.1 172.1 -257.9 0.0
-175.4 -56.6 282.1 -277.1 -13.3 0.0
-7.8 -884.9 282.1 -44.2 170.5 0.0
133.2 -571.5 282.1 317.1 16.3 0.0
-1250.2 -656.7 538.1 171.9 -255.0 0.0
-182.4 -57.0 282.1 -277.1 -16.0 0.0
-9.3 -879.9 282.1 -60.7 201.5 0.0
141.2 -571.1 282.1 317.1 16.5 0.0
-1245.1 -663.1 538.1 202.7 -259.1 0.0
-189.3 -57.5 282.1 -276.9 -18.2 0.0
-11.2 -874.2 282.1 -74.8 227.8 0.0
149.1 -570.7 282.1 317.0 16.7 0.0
-1239.9 -669.4 538.1 211.5 -248.8 0.0
-196.2 -58.0 282.1 -276.6 -20.1 0.0
-13.2 -868.4 282.1 -79.2 231.7 0.0
157.0 -570.3 282.1 317.0 17.1 0.0
-1234.4 -675.4 538.1 218.0 -239.6 0.0
-203.1 -58.5 282.1 -276.5 -21.7 0.0
-15.1 -862.6 282.1 -76.3 229.9 0.0
164.9 -569.8 282.1 317.0 17.5 0.0
-1228.8 -681.2 538.1 223.4 -231.8 0.0
-210.0 -59.1 282.1 -276.5 -24.6 0.0
-17.0 -856.8 282.1 -75.3 232.8 0.0
172.9 -569.4 282.1 317.0 17.8 0.0
-1223.1 -686.8 538.1 228.3 -225.4 0.0
-216.9 -59.8 282.1 -276.2 -26.9 0.0
-18.8 -851.0 282.1 -73.8 233.2 0.0
180.8 -568.9 282.1 317.0 18.0 0.0
-1217.3 -692.3 538.1 232.3 -219.8 0.0
-223.8 -60.5 282.1 -275.9 -28.9 0.0
-20.6 -845.1 282.1 -72.6 233.5 0.0
188.7 -568.5 282.1 314.4 18.0 0.0
-1211.4 -697.7 538.1 236.0 -215.1 0.0
-230.7 -61.3 282.1 -275.6 -30.6 0.0
-22.2 -839.7 282.1 -64.3 217.5 0.0
196.5 -568.0 282.1 314.4 18.1 0.0
-1205.5 -702.9 538.1 236.9 -209.5 0.0
-237.9 -62.3 282.1 -286.5 -39.7 0.0
-23.7 -834.2 282.1 -59.3 218.2 0.0
204.4 -567.6 282.1 314.4 18.1 0.0
-1199.4 -708.1 538.1 243.1 -206.8 0.0
-245.0 -63.4 282.1 -285.2 -44.7 0.0
-25.1 -828.8 282.1 -55.0 218.8 0.0
212.2 -567.1 282.1 314.4 18.2 0.0
-1193.3 -713.1 538.1 245.9 -202.7 0.0
-252.1 -64.6 282.1 -284.1 -49.0 0.0
-26.4 -823.3 282.1 -51.4 219.3 0.0
220.0 -566.7 282.1 309.4 18.0 0.0
-1187.0 -718.1 538.1 248.3 -199.3 0.0
-259.2 -65.9 282.1 -283.2 -52.5 0.0
-27.5 -817.6 282.1 -44.5 225.9 0.0
227.7 -566.2 282.1 309.4 18.1 0.0
-1180.8 -723.0 538.1 248.5 -194.8 0.0
-265.1 -65.6 282.1 -237.1 11.9 0.0
-28.5 -812.1 282.1 -38.5 223.5 0.0
235.4 -565.8 282.1 309.4 18.2 0.0
-1174.5 -727.8 538.1 254.0 -192.5 0.0
-270.1 -64.0 282.1 -198.0 66.7 0.0
-29.3 -806.5 282.1 -33.4 223.6 0.0
243.2 -565.3 282.1 309.4 18.2 0.0
-1168.1 -732.5 538.1 256.1 -189.1 0.0
-274.2 -61.1 282.1 -164.7 113.3 0.0
-30.0 -800.9 282.1 -29.1 223.7 0.0
250.8 -564.9 282.1 304.4 17.9 0.0
-1161.6 -737.2 538.1 258.1 -186.0 0.0
-277.6 -57.3 282.1 -136.4 152.9 0.0
-30.7 -797.5 282.1 -29.4 134.3 0.0
258.4 -564.4 282.1 304.4 17.9 0.0
-1155.2 -741.7 538.1 257.5 -182.2 0.0
-281.9 -52.6 282.1 -171.1 187.0 0.0
-31.5 -796.1 282.1 -30.0 55.1 0.0
266.0 -564.0 282.1 304.4 17.8 0.0
-1148.6 -746.2 538.1 263.4 -179.6 0.0
-286.9 -47.2 282.1 -200.6 216.0 0.0
-32.2 -796.6 282.1 -27.8 -17.0 0.0
273.6 -563.5 282.1 304.4 17.8 0.0
-1142.0 -750.6 538.1 265.7 -175.7 0.0
-292.3 -41.4 282.1 -217.0 231.8 0.0
-32.7 -798.3 282.1 -20.0 -68.2 0.0
281.0 -563.1 282.1 296.8 17.3 0.0
-1135.3 -754.9 538.1 265.1 -171.3 0.0
-297.8 -35.7 282.1 -217.6 231.3 0.0
-31.6 -799.8 282.1 42.2 -62.2 0.0
288.5 -562.7 282.1 296.8 17.3 0.0
-1128.7 -759.1 538.1 266.6 -168.6 0.0
-303.4 -30.3 282.1 -225.7 215.2 0.0
-29.3 -801.3 282.1 91.8 -58.1 0.0
295.9 -562.2 282.1 296.8 17.3 0.0
-1121.4 -762.9 538.1 292.5 -153.4 0.0
-309.2 -25.2 282.1 -232.0 201.4 0.0
-25.9 -802.7 282.1 136.0 -57.7 0.0
303.3 -561.8 282.1 296.8 17.2 0.0
-1113.9 -766.4 538.1 297.8 -137.8 0.0
-315.1 -20.5 282.1 -237.4 189.6 0.0
-21.6 -804.2 282.1 173.6 -57.4 0.0
310.5 -561.4 282.1 289.3 16.6 0.0
-1106.4 -769.5 538.1 299.6 -124.2 0.0
-321.2 -16.0 282.1 -242.0 179.6 0.0
-16.4 -805.6 282.1 206.6 -58.2 0.0
317.8 -561.0 282.1 289.3 16.3 0.0
-1098.9 -772.3 538.1 301.6 -112.6 0.0
-326.7 -12.2 282.1 -218.9 153.1 0.0
-10.6 -807.1 282.1 233.0 -58.6 0.0
325.0 -560.6 282.1 289.3 16.1 0.0
-1091.8 -775.2 538.1 284.4 -114.7 0.0
-332.1 -8.9 282.1 -219.7 131.3 0.0
-4.8 -808.5 282.1 233.5 -55.5 0.0
332.2 -560.2 282.1 289.3 16.0 0.0
-1084.9 -778.2 538.1 276.9 -121.3 0.0
-337.7 -6.1 282.1 -220.3 112.9 0.0
1.1 -809.8 282.1 234.0 -52.8 0.0
340.1 -559.3 282.1 313.3 33.5 0.0
-1078.0 -781.4 538.1 272.3 -127.9 0.0
-343.2 -3.7 282.1 -220.9 97.1 0.0
6.9 -811.0 282.1 234.4 -50.4 0.0
347.8 -558.3 282.1 310.9 41.6 0.0
-1071.4 -784.7 538.1 266.4 -132.4 0.0
-349.3 -0.2 282.1 -245.5 137.0 0.0
12.8 -812.3 282.1 234.8 -48.3 0.0
355.6 -557.1 282.1 308.8 48.5 0.0
-1067.0 -788.3 538.1 176.4 -143.1 0.0
-356.0 4.0 282.1 -266.4 171.0 0.0
18.7 -813.4 282.1 235.0 -46.5 0.0
363.2 -555.7 282.1 307.1 54.4 0.0
-1064.5 -792.1 538.1 99.5 -152.6 0.0
-362.6 8.6 282.1 -265.0 181.7 0.0
24.6 -814.5 282.1 235.3 -44.9 0.0
370.9 -554.5 288.8 306.1 48.9 255.0
-1063.7 -796.1 538.1 33.5 -160.9 0.0
-369.1 13.3 282.1 -259.9 187.2 0.0
29.6 -815.5 282.1 200.0 -38.2 0.0
378.5 -553.4 294.9 398.2 101.7 228.9
-1064.2 -800.3 538.1 -23.1 -168.3 0.0
-375.5 18.3 282.1 -255.4 199.7 0.0
33.8 -816.3 282.1 170.0 -32.5 0.0
388.4 -551.0 300.3 397.2 96.1 208.9
-1063.8 -805.1 538.1 16.9 -188.8 0.0
-381.7 23.4 282.1 -247.9 206.0 0.0
37.4 -817.0 282.1 144.5 -27.6 0.0
398.3 -548.8 305.3 396.2 90.5 188.9
-1062.5 -810.2 538.1 50.5 -205.8 0.0
-387.7 28.7 282.1 -241.5 211.4 0.0
40.5 -817.6 282.1 122.8 -23.5 0.0
408.2 -546.5 309.8 396.2 90.5 168.9
-1060.6 -815.7 538.1 78.6 -219.7 0.0
-393.6 34.1 282.1 -236.1 216.0 0.0
44.6 -818.3 282.1 162.9 -29.0 0.0
418.2 -544.2 313.8 396.2 90.5 148.9
-1058.3 -821.1 538.1 91.5 -217.4 0.0
-399.1 39.9 282.1 -218.2 230.6 0.0
49.5 -819.1 282.1 197.0 -33.7 0.0
428.1 -542.0 317.2 396.2 90.5 128.9
-1054.8 -826.6 538.1 141.6 -220.3 0.0
-404.1 45.8 282.1 -200.8 237.1 0.0
55.1 -820.1 282.1 226.0 -37.7 0.0
438.0 -539.7 320.2 396.2 90.5 108.9
-1050.1 -832.2 538.1 184.2 -222.8 0.0
-408.7 51.9 282.1 -186.0 242.6 0.0
61.0 -821.1 282.1 233.7 -38.5 0.0
447.9 -537.4 322.7 396.2 90.5 88.9
-1044.9 -837.7 538.1 209.5 -219.0 0.0
-413.1 58.0 282.1 -173.4 247.3 0.0
66.2 -820.4 282.1 207.8 26.4 0.0
457.8 -535.2 324.7 396.2 90.5 68.9
-1039.6 -842.8 538.1 214.2 -206.1 0.0
-418.1 64.4 282.1 -202.4 252.9 0.0
70.8 -818.4 282.1 185.8 81.6 0.0
467.7 -532.9 326.1 396.2 90.5 48.9
-1034.9 -845.2 538.1 186.3 -95.9 0.0
-423.4 70.5 282.1 -209.4 243.9 0.0
75.0 -815.1 282.1 167.1 128.5 0.0
477.6 -530.7 327.1 396.2 90.5 28.9
-1030.8 -845.3 538.1 163.0 -2.3 0.0
-428.8 76.4 282.1 -215.3 236.3 0.0
78.8 -810.9 282.1 151.2 168.3 0.0
487.5 -528.4 327.6 396.2 90.5 8.9
-1027.2 -843.4 538.1 142.8 77.3 0.0
-434.3 82.1 282.1 -220.3 229.8 0.0
82.3 -805.9 282.1 139.0 202.0 0.0
497.4 -526.1 327.5 396.2 90.5 -11.1
-1024.1 -839.7 538.1 126.1 144.9 0.0
-439.9 87.7 282.1 -225.5 224.1 0.0
85.4 -800.4 282.1 126.9 220.5 0.0
507.3 -523.9 327.0 396.2 90.5 -31.1
-1019.4 -836.6 538.1 186.5 125.9 0.0
-445.6 93.2 282.1 -229.4 219.0 0.0
88.3 -794.8 282.1 114.2 222.8 0.0
517.2 -521.6 326.0 396.2 90.5 -51.1
-1013.5 -833.9 538.1 237.9 109.5 0.0
-451.4 98.6 282.1 -232.7 214.5 0.0
90.9 -789.2 282.1 103.4 224.7 0.0
527.0 -519.3 324.5 390.1 93.5 -71.1
-1006.5 -831.5 538.1 281.5 95.4 0.0
-457.3 103.8 282.1 -235.5 210.8 0.0
93.2 -783.7 282.1 94.9 221.0 0.0
536.6 -516.9 322.4 383.9 96.4 -91.1
-998.6 -829.4 538.1 314.8 83.7 0.0
-463.3 109.0 282.1 -238.7 207.2 0.0
95.5 -778.1 282.1 88.8 222.5 0.0
546.0 -514.4 319.9 377.8 99.3 -111.1
-993.9 -827.7 538.1 189.0 65.9 0.0
-469.3 114.1 282.1 -241.1 203.9 0.0
97.5 -772.5 282.1 83.5 223.7 0.0
555.3 -511.8 316.9 371.7 102.3 -131.1
-991.8 -826.5 538.1 83.4 50.7 0.0
-475.4 119.1 282.1 -243.2 201.1 0.0
99.5 -766.9 282.1 79.1 224.7 0.0
564.4 -509.3 313.3 457.7 161.0 -148.4
-991.9 -825.5 538.1 -4.3 38.1 0.0
-481.5 124.1 282.1 -244.9 198.7 0.0
101.4 -761.3 282.1 76.1 221.9 0.0
575.7 -505.2 309.4 450.8 161.0 -168.4
-993.7 -825.0 538.1 -74.2 18.4 0.0
-487.7 129.0 282.1 -244.5 195.1 0.0
103.3 -755.8 282.1 74.4 222.4 0.0
586.8 -501.2 304.9 444.0 160.9 -188.4
-997.0 -825.0 538.1 -130.0 3.8 0.0
-493.8 133.8 282.1 -245.9 193.2 0.0
105.1 -750.2 282.1 73.0 222.8 0.0
597.7 -497.2 304.1 437.1 160.9 0.2
-1001.4 -825.1 538.1 -176.5 -7.1 0.0
-500.0 138.6 282.1 -247.0 191.6 0.0
106.9 -744.6 282.1 71.7 223.2 0.0
608.2 -495.3 304.1 513.7 130.9 3.6
-1006.7 -825.5 538.1 -211.0 -15.4 0.0
-506.2 143.4 282.1 -248.0 190.3 0.0
108.6 -739.3 282.1 68.9 213.4 0.0
621.2 -492.2 312.1 518.5 124.7 0.0
-1012.3 -826.0 538.1 -223.8 -19.8 0.0
-512.4 148.1 282.1 -249.0 189.0 0.0
110.4 -734.0 282.1 69.3 213.3 0.0
633.4 -491.1 320.1 488.7 43.5 0.0
-1018.1 -826.7 538.1 -231.7 -26.1 0.0
-518.6 152.8 282.1 -249.8 187.9 0.0
112.1 -728.6 282.1 69.6 213.2 0.0
645.0 -491.8 328.1 463.4 -25.5 0.0
-1023.9 -827.4 538.1 -233.3 -30.2 0.0
-524.9 157.4 282.1 -250.5 186.9 0.0
113.8 -723.3 282.1 69.9 213.1 0.0
655.7 -494.1 328.1 429.3 -92.7 0.0
-1029.6 -828.2 538.1 -227.7 -32.3 0.0
-531.2 162.1 282.1 -251.0 186.1 0.0
116.7 -719.3 282.1 113.7 159.2 0.0
665.7 -497.8 336.1 400.4 -149.8 0.0
-1035.3 -829.1 538.1 -227.2 -35.0 0.0
-537.5 166.7 282.1 -251.7 185.3 0.0
120.5 -716.5 282.1 152.0 112.6 0.0
674.8 -502.2 344.1 363.3 -173.4 0.0
-1041.3 -830.3 538.1 -242.2 -46.1 0.0
-543.8 171.3 282.1 -252.2 184.5 0.0
125.1 -714.7 282.1 184.6 73.0 0.0
683.0 -506.9 344.1 330.1 -190.0 0.0
-1047.4 -831.5 538.1 -243.1 -51.6 0.0
-550.1 175.9 282.1 -252.6 183.9 0.0
130.4 -713.7 282.1 212.3 39.4 0.0
690.1 -510.9 352.1 280.6 -161.5 0.0
-1053.4 -832.9 538.1 -241.8 -55.7 0.0
-556.4 180.5 282.1 -253.0 183.4 0.0
135.6 -711.6 282.1 207.3 85.5 0.0
696.0 -514.4 352.1 238.5 -137.3 0.0
-1059.5 -834.4 538.1 -240.6 -59.1 0.0
-562.8 185.1 282.1 -253.4 182.8 0.0
140.7 -708.4 282.1 203.1 124.7 0.0
701.1 -517.3 352.1 203.9 -117.3 0.0
-1065.2 -834.2 538.1 -229.8 10.2 0.0
-569.1 189.6 282.1 -253.8 182.2 0.0
145.7 -704.5 282.1 199.5 158.1 0.0
706.2 -520.2 360.1 205.3 -114.4 0.0
-1070.7 -832.4 538.1 -220.4 69.2 0.0
-575.5 194.2 282.1 -254.1 181.8 0.0
150.3 -700.3 282.1 186.6 167.3 0.0
712.3 -521.7 360.1 243.5 -59.4 0.0
-1076.0 -829.4 538.1 -212.5 119.3 0.0
-581.8 198.7 282.1 -254.4 181.4 0.0
154.8 -695.3 282.1 178.9 201.2 0.0
719.2 -522.0 360.1 276.0 -12.7 0.0
-1081.2 -825.4 538.1 -205.8 161.9 0.0
-588.2 203.2 282.1 -254.8 180.9 0.0
158.9 -690.1 282.1 164.5 207.4 0.0
726.8 -521.3 368.1 303.7 27.1 0.0
-1085.5 -821.7 538.1 -174.5 149.2 0.0
-594.6 207.8 282.1 -255.1 180.5 0.0
162.7 -684.8 282.1 151.9 211.6 0.0
735.0 -519.8 368.1 326.1 60.3 0.0
-1089.2 -818.0 538.1 -147.9 147.3 0.0
-600.9 212.3 282.1 -255.3 180.1 0.0
166.2 -679.4 282.1 141.2 215.3 0.0
742.9 -517.5 376.1 314.9 93.2 0.0
-1092.4 -814.3 538.1 -125.2 146.6 0.0
-607.3 216.8 282.1 -255.5 179.8 0.0
169.5 -673.1 282.1 132.3 252.5 0.0
750.2 -514.7 376.1 295.7 110.4 0.0
-1095.0 -810.6 538.1 -105.6 147.4 0.0
-613.8 221.3 282.1 -257.9 180.9 0.0
172.6 -666.5 282.1 121.3 265.2 0.0
757.2 -511.6 384.1 279.3 125.1 0.0
-1096.7 -806.7 538.1 -69.6 159.5 0.0
-620.2 225.8 282.1 -258.1 180.6 0.0
175.3 -659.8 282.1 110.4 267.1 0.0
763.9 -508.1 384.1 265.5 137.5 0.0
-1097.7 -802.4 538.1 -38.8 169.6 0.0
-626.7 230.3 282.1 -258.3 180.3 0.0
177.9 -653.1 282.1 101.2 268.8 0.0
770.9 -505.7 392.1 282.2 95.5 0.0
-1098.0 -798.0 538.1 -12.6 178.3 0.0
-633.1 234.8 282.1 -258.4 180.0 0.0
179.9 -645.4 282.1 80.4 306.4 0.0
778.0 -504.1 392.1 283.1 64.9 0.0
-1097.9 -793.4 538.1 6.7 180.8 0.0
-639.6 239.3 282.1 -258.7 179.7 0.0
181.5 -637.5 282.1 64.2 317.9 0.0
784.9 -503.1 392.1 274.6 42.3 0.0
-1096.1 -788.8 538.1 68.6 184.1 0.0
-646.1 243.8 282.1 -258.9 179.4 0.0
182.8 -629.6 282.1 51.2 316.9 0.0
791.5 -502.5 400.1 267.3 23.1 0.0
-1093.1 -784.2 538.1 121.4 186.7 0.0
-652.6 248.3 282.1 -259.1 179.1 0.0
183.8 -621.6 282.1 40.2 316.1 0.0
798.5 -503.3 400.1 277.9 -31.3 0.0
-1089.0 -779.4 538.1 166.2 188.9 0.0
-659.0 252.7 282.1 -259.2 178.9 0.0
186.5 -614.2 282.1 107.7 296.9 0.0
805.7 -505.2 410.1 286.8 -77.5 0.0
-1083.8 -774.7 538.1 204.3 190.9 0.0
-665.5 257.2 282.1 -259.5 178.5 0.0
190.6 -607.2 282.1 165.1 280.5 0.0
813.0 -508.1 410.1 292.2 -114.6 0.0
-1079.5 -770.6 538.1 173.7 162.2 0.0
-672.0 261.6 282.1 -259.7 178.2 0.0
195.9 -600.5 282.1 213.8 266.7 0.0
819.9 -511.3 410.1 278.7 -128.0 0.0
-1075.8 -767.2 538.1 147.6 137.9 0.0
-678.5 266.1 282.1 -259.9 177.9 0.0
202.0 -594.3 282.1 241.6 249.6 0.0
827.1 -514.1 410.1 288.1 -112.2 0.0
-1072.7 -764.2 538.1 125.5 117.2 0.0
-685.0 270.5 282.1 -260.0 177.7 0.0
208.1 -588.2 288.8 246.0 246.1 255.0
834.4 -516.5 410.1 289.0 -98.2 0.0
-1070.0 -761.7 538.1 106.6 99.6 0.0
-691.5 274.9 282.1 -258.2 175.9 0.0
214.4 -582.1 294.9 250.5 242.6 235.0
841.6 -518.7 410.1 289.7 -86.4 0.0
-1067.8 -759.4 538.1 87.0 95.5 0.0
-697.9 279.3 282.1 -258.5 175.6 0.0
220.8 -576.1 300.5 254.9 239.1 215.0
848.9 -520.6 410.1 290.4 -76.4 0.0
-1066.1 -757.1 538.1 70.9 90.2 0.0
-704.4 283.7 282.1 -258.7 175.3 0.0
227.2 -570.2 305.6 259.3 235.7 195.0
854.9 -524.1 410.1 241.6 -139.0 0.0
-1064.6 -755.0 538.1 57.3 85.6 0.0
-710.9 288.1 282.1 -258.8 175.0 0.0
233.7 -564.3 310.2 259.3 235.7 175.0
859.9 -528.9 410.1 200.0 -192.3 0.0
-1063.5 -752.9 538.1 45.7 81.7 0.0
-715.2 293.4 282.1 -174.4 213.0 0.0
240.2 -558.4 314.4 259.3 235.7 155.0
864.0 -534.8 410.1 164.8 -237.6 0.0
-1062.8 -750.8 538.1 26.0 82.9 0.0
-717.8 299.5 282.1 -102.6 245.2 0.0
246.7 -552.5 318.0 259.3 235.7 135.0
867.4 -541.7 410.1 134.8 -276.1 0.0
-1062.6 -748.8 538.1 9.0 82.8 0.0
-718.8 306.4 282.1 -41.6 272.6 0.0
253.2 -546.6 321.1 259.3 235.7 115.0
870.0 -549.4 410.1 103.2 -306.3 0.0
-1062.7 -746.7 538.1 -5.0 82.1 0.0
-718.6 313.8 282.1 10.2 295.9 0.0
259.6 -540.9 323.8 257.2 228.2 95.0
872.0 -557.0 410.1 80.5 -306.1 0.0
-1063.1 -744.7 538.1 -16.5 81.4 0.0
-717.1 321.5 282.1 60.7 311.4 0.0
266.0 -535.4 325.9 254.9 220.6 75.0
873.5 -564.6 410.1 61.7 -303.1 0.0
-1063.6 -742.8 537.9 -18.7 74.2 -20.0
-714.5 329.7 282.1 103.7 324.6 0.0
272.3 -530.1 327.5 252.7 213.1 55.0
874.7 -572.1 410.1 45.6 -300.6 0.0
-1064.1 -741.2 537.1 -20.9 67.0 -40.0
-711.4 337.5 282.1 121.8 314.7 0.0
278.6 -525.0 328.6 250.4 205.5 35.0
875.4 -579.7 410.1 28.6 -300.9 0.0
-1064.7 -739.7 535.9 -23.1 59.9 -60.0
-708.1 345.1 282.1 134.8 303.5 0.0
284.7 -520.0 329.2 247.0 199.3 15.0
875.8 -587.1 410.1 14.8 -297.8 0.0
-1065.4 -738.3 534.1 -25.3 52.7 -80.0
-704.3 352.5 282.1 151.9 295.9 0.0
290.8 -515.2 329.4 243.6 193.0 -5.0
875.8 -594.5 410.1 3.1 -295.1 0.0
-1066.0 -737.2 531.9 -24.4 47.2 -100.0
-700.2 359.6 282.1 162.5 285.5 0.0
296.8 -510.5 329.0 240.2 186.8 -25.0
875.7 -601.8 410.1 -6.8 -292.9 0.0
-1066.6 -736.1 529.1 -23.6 41.6 -120.0
-695.9 366.6 282.1 171.6 276.6 0.0
302.7 -506.0 328.1 236.7 180.6 -45.0
875.2 -609.1 410.1 -17.3 -292.6 0.0
-1067.1 -735.2 525.9 -22.7 36.1 -140.0
-691.4 373.3 282.1 179.2 269.0 0.0
308.6 -501.6 326.8 232.8 174.9 -65.0
874.6 -616.4 410.1 -25.7 -290.3 0.0
-1067.7 -734.5 522.1 -21.9 30.5 -160.0
-686.7 379.9 282.1 188.7 262.8 0.0
314.3 -497.4 324.9 228.9 169.3 -85.0
873.8 -623.6 410.1 -32.9 -288.4 0.0
-1068.2 -733.8 517.9 -21.3 26.7 -180.0
-681.8 386.3 282.1 195.1 256.0 0.0
319.9 -493.3 322.5 225.0 163.6 -105.0
872.8 -630.8 410.1 -39.0 -286.8 0.0
-1068.7 -733.2 513.1 -20.7 22.9 -200.0
-676.8 392.5 282.1 200.6 250.2 0.0
325.4 -489.3 319.6 221.1 158.0 -125.0
871.6 -637.9 410.1 -46.0 -286.2 0.0
-1069.2 -732.7 507.9 -20.1 19.1 -220.0
-671.7 398.6 282.1 205.2 245.3 0.0
330.9 -485.5 316.2 216.9 152.7 -145.0
870.3 -645.0 410.1 -51.6 -284.5 0.0
-1069.7 -732.4 502.1 -19.5 15.3 -240.0
-666.4 404.7 282.1 212.1 240.6 0.0
336.2 -481.8 312.4 212.7 147.4 -165.0
868.9 -652.1 410.1 -56.4 -283.1 0.0
-1070.2 -732.0 495.9 -19.2 13.3 -260.0
-661.0 410.5 282.1 216.5 235.4 0.0
341.4 -478.3 308.0 208.5 142.1 -185.0
867.4 -659.1 410.1 -60.5 -281.8 0.0
-1070.7 -731.7 489.1 -18.8 11.2 -280.0
-655.5 416.3 282.1 220.2 231.0 0.0
346.5 -474.8 303.1 204.3 136.9 -205.0
865.8 -666.2 410.1 -65.9 -283.4 0.0
-1071.1 -731.5 481.9 -18.5 9.2 -300.0
-649.9 422.0 282.1 223.4 227.3 0.0
351.5 -471.6 297.8 200.0 131.8 -225.0
864.0 -673.3 410.1 -69.7 -282.2 0.0
-1071.6 -731.3 474.1 -18.2 7.1 -320.0
-644.5 427.3 282.1 214.1 212.4 0.0
356.4 -468.4 291.9 195.6 126.7 -245.0
862.2 -680.3 410.1 -72.9 -281.1 0.0
-1072.0 -731.2 465.9 -17.9 5.8 -340.0
-639.1 432.5 282.1 217.2 208.6 0.0
361.2 -465.3 285.5 191.3 121.7 -265.0
860.3 -687.3 410.1 -75.7 -280.2 0.0
-1072.5 -731.1 457.1 -17.6 4.5 -360.0
-633.6 437.7 282.1 219.8 205.3 0.0
365.8 -462.4 282.1 186.9 116.6 0.3
858.3 -694.3 410.1 -79.3 -279.5 0.0
-1072.9 -731.0 447.9 -17.4 3.2 -380.0
-628.1 442.7 282.1 222.0 202.6 0.0
371.6 -460.6 282.1 231.9 71.5 0.0
856.3 -701.3 410.1 -82.3 -278.4 0.0
-1073.3 -730.9 438.1 -17.1 1.9 -400.0
-623.3 447.0 282.1 188.7 172.2 0.0
378.4 -459.8 282.1 270.2 33.1 0.0
854.2 -708.2 410.1 -84.8 -277.5 0.0
-1073.7 -730.9 427.9 -17.0 1.1 -420.0
-619.3 450.7 282.1 160.4 146.4 0.0
386.0 -459.8 282.1 302.7 0.5 0.0
852.0 -715.1 410.1 -86.9 -276.7 0.0
-1074.2 -730.9 417.1 -16.8 0.2 -440.0
-615.5 454.1 282.1 153.2 136.5 0.0
394.1 -460.4 282.1 324.6 -25.1 0.0
849.7 -722.1 410.1 -90.9 -278.3 0.0
-1074.6 -730.9 405.9 -16.7 -0.7 -460.0
-611.6 457.4 282.1 155.1 133.9 0.0
402.1 -461.5 282.1 321.6 -44.2 0.0
847.4 -729.0 410.1 -93.3 -277.4 0.0
-1075.0 -731.0 394.1 -16.5 -1.5 -480.0
-608.3 460.3 282.1 131.9 113.8 0.0
410.0 -463.0 282.1 314.6 -58.2 0.0
845.0 -735.9 410.1 -95.3 -276.6 0.0
-1075.4 -731.0 381.9 -16.3 -2.2 -500.0
-605.5 462.7 282.1 112.1 96.7 0.0
417.7 -464.7 282.1 308.7 -70.2 0.0
842.6 -742.8 410.1 -97.1 -275.9 0.0
-1075.8 -731.1 369.1 -16.2 -2.9 -520.0
-603.0 464.9 282.1 102.7 87.1 0.0
425.3 -466.8 282.1 303.6 -80.3 0.0
840.1 -749.6 410.1 -100.1 -272.9 0.0
-1076.2 -731.2 355.9 -16.0 -3.5 -540.0
-600.4 467.0 282.1 104.2 84.9 0.0
432.6 -469.0 282.1 293.8 -90.4 0.0
837.5 -756.4 410.1 -103.2 -271.5 0.0
-1076.6 -731.3 342.1 -15.9 -4.2 -560.0
-599.0 467.2 282.1 52.4 8.6 0.0
439.8 -471.5 282.1 287.6 -100.4 0.0
834.8 -763.2 410.1 -105.8 -270.3 0.0
-1077.0 -731.4 327.9 -15.7 -4.8 -580.0
-599.0 465.8 282.1 2.5 -55.7 0.0
446.9 -474.2 282.1 282.4 -108.8 0.0
832.1 -769.9 410.1 -108.0 -269.2 0.0
-1077.4 -731.5 313.1 -15.6 -5.3 -600.0
-599.8 463.3 282.1 -31.4 -100.1 0.0
453.8 -477.1 282.1 277.9 -116.0 0.0
828.0 -775.1 416.1 -165.3 -206.2 0.0
-1077.8 -731.7 297.9 -15.4 -5.9 -620.0
-601.2 459.8 282.1 -58.7 -141.5 0.0
460.4 -480.1 282.1 262.5 -119.6 0.0
822.7 -778.9 416.1 -213.9 -152.6 0.0
-1078.2 -731.8 282.1 -15.3 -6.4 -640.0
-601.1 456.3 282.1 6.1 -139.7 0.0
466.8 -483.3 282.1 255.9 -127.9 0.0
816.3 -781.6 416.1 -255.3 -107.1 0.0
-1078.5 -732.0 265.9 -15.1 -6.9 -660.0
-599.5 452.8 282.1 61.7 -138.3 0.0
473.1 -486.7 282.1 250.2 -134.9 0.0
809.0 -783.3 424.1 -290.4 -68.4 0.0
-1078.9 -732.2 249.1 -15.0 -7.4 -680.0
-596.8 449.4 282.1 108.5 -136.8 0.0
479.2 -490.2 282.1 245.5 -140.8 0.0
802.0 -783.4 424.1 -281.9 -5.0 0.0
-1079.3 -732.4 231.9 -14.8 -7.9 -700.0
-593.2 446.0 282.1 145.7 -134.9 0.0
484.6 -493.4 282.1 216.1 -128.7 0.0
795.1 -782.2 432.1 -274.7 48.8 0.0
-1079.6 -732.6 216.1 -14.7 -8.3 0.7
-588.7 442.8 282.1 177.8 -130.1 0.0
489.7 -496.9 282.1 206.3 -136.7 0.0
788.4 -779.8 432.1 -268.5 94.6 0.0
-1078.3 -734.1 216.1 52.8 -58.7 0.0
-583.5 439.6 282.1 209.1 -127.7 0.0
494.7 -500.4 282.1 198.0 -143.6 0.0
781.8 -776.5 440.1 -262.2 131.8 0.0
-1075.9 -736.7 216.1 97.1 -105.4 0.0
-577.7 436.5 282.1 231.7 -124.1 0.0
499.5 -504.2 282.1 190.9 -149.4 0.0
775.5 -773.3 440.1 -253.8 129.5 0.0
-1072.5 -740.4 216.1 136.4 -147.0 0.0
-571.5 433.5 282.1 248.2 -120.5 0.0
505.5 -507.6 282.1 241.1 -136.6 0.0
769.2 -770.0 440.1 -253.0 131.1 0.0
-1068.3 -744.9 216.1 168.8 -181.6 0.0
-565.1 430.6 282.1 257.0 -114.1 0.0
512.6 -510.7 282.1 283.7 -125.8 0.0
762.9 -766.7 448.1 -252.2 132.5 0.0
-1063.4 -750.1 216.1 194.6 -208.4 0.0
-558.4 427.9 282.1 268.5 -109.7 0.0
520.2 -513.6 282.1 305.8 -114.8 0.0
756.6 -763.4 448.1 -251.5 133.6 0.0
-1058.5 -755.3 216.1 194.5 -208.0 0.0
-551.5 425.3 282.1 274.9 -105.1 0.0
527.9 -516.2 282.1 307.2 -103.3 0.0
749.6 -761.2 456.1 -279.6 84.7 0.0
-1053.9 -760.3 216.1 184.2 -196.8 0.0
-544.5 422.7 282.1 280.9 -101.5 0.0
536.0 -518.2 282.1 322.6 -80.0 0.0
742.0 -760.2 456.1 -303.4 43.1 0.0
-1049.7 -764.8 216.1 170.6 -182.0 0.0
-537.4 420.3 282.1 282.9 -96.4 0.0
544.0 -519.7 282.1 320.4 -62.1 0.0
734.0 -759.9 464.1 -318.2 10.2 0.0
-1045.8 -768.9 216.1 153.5 -163.5 0.0
-530.3 418.0 282.1 284.0 -91.8 0.0
552.0 -520.9 282.1 318.4 -46.9 0.0
726.3 -760.1 464.1 -309.9 -8.6 0.0
-1041.7 -773.3 216.1 166.1 -175.9 0.0
-523.2 415.8 282.1 282.6 -87.2 0.0
559.9 -521.8 282.1 316.8 -34.0 0.0
718.8 -761.2 472.1 -298.4 -44.6 0.0
-1037.5 -777.7 216.1 166.3 -175.6 0.0
-516.2 413.8 282.1 280.9 -83.3 0.0
567.5 -521.0 288.1 306.8 31.6 0.0
711.9 -762.8 472.1 -278.0 -63.8 0.0
-1033.4 -782.0 216.1 164.8 -173.6 0.0
-509.4 411.8 282.1 274.6 -78.2 0.0
575.0 -518.8 288.1 298.4 87.3 0.0
705.4 -764.8 472.1 -260.6 -80.1 0.0
-1029.0 -787.2 216.1 175.3 -207.9 0.0
-502.7 410.0 282.1 265.4 -73.0 0.0
582.3 -515.4 296.1 291.2 134.7 0.0
699.2 -767.2 480.1 -245.9 -94.0 0.0
-1024.5 -793.1 216.1 182.8 -234.7 0.0
-496.3 408.3 282.1 256.1 -68.3 0.0
589.2 -511.4 296.1 277.5 162.8 0.0
692.0 -769.3 480.1 -288.2 -85.0 0.0
-1020.0 -799.0 224.1 177.6 -237.7 0.0
-490.2 406.7 282.1 244.2 -63.4 0.0
597.1 -508.1 304.1 315.0 132.1 0.0
684.2 -771.2 488.1 -313.2 -76.7 0.0
-1015.7 -805.0 224.1 173.1 -240.5 0.0
-484.5 405.2 282.1 227.6 -57.6 0.0
605.3 -505.4 304.1 327.0 107.5 0.0
676.4 -772.9 488.1 -313.7 -68.3 0.0
-1010.3 -810.5 224.1 217.4 -219.4 0.0
-478.8 403.9 282.1 228.1 -55.3 0.0
613.4 -503.2 312.1 325.4 87.6 0.0
668.5 -774.5 496.1 -314.2 -61.1 0.0
-1004.4 -815.5 232.1 232.8 -197.1 0.0
-472.7 402.5 282.1 243.4 -56.0 0.0
621.5 -501.4 312.1 324.1 70.7 0.0
660.2 -775.0 496.1 -333.7 -20.4 0.0
-998.9 -819.8 232.1 220.4 -172.4 0.0
-466.3 401.1 282.1 256.1 -56.5 0.0
628.9 -501.6 320.1 297.4 -5.6 0.0
652.0 -774.9 504.1 -325.1 2.3 0.0
-993.3 -823.6 232.1 224.4 -154.5 0.0
-459.5 399.6 282.1 271.6 -56.7 0.0
635.8 -503.3 320.1 274.8 -70.5 0.0
644.1 -774.4 504.1 -316.3 20.9 0.0
-987.2 -825.5 240.1 244.0 -76.0 0.0
-452.6 398.2 282.1 279.4 -56.0 0.0
642.2 -506.5 328.1 255.5 -125.6 0.0
636.4 -773.5 512.1 -308.8 36.7 0.0
-980.7 -825.7 240.1 262.1 -7.8 0.0
-445.4 396.8 282.1 287.1 -55.6 0.0
648.2 -510.8 328.1 239.2 -172.5 0.0
628.7 -772.2 512.1 -306.3 48.9 0.0
-973.7 -824.5 248.1 278.1 50.3 0.0
-438.1 395.5 282.1 292.3 -55.2 0.0
655.2 -514.6 328.1 282.2 -155.3 0.0
621.2 -770.8 520.1 -302.4 58.5 0.0
-966.4 -822.0 248.1 290.8 99.6 0.0
-430.6 394.1 282.1 300.4 -53.9 0.0
662.8 -518.1 336.1 304.2 -139.0 0.0
613.7 -769.1 520.1 -299.1 66.7 0.0
-958.6 -820.5 256.1 314.9 59.0 0.0
-423.0 392.8 282.1 303.1 -52.5 0.0
670.5 -521.2 336.1 305.9 -123.3 0.0
606.3 -767.3 528.1 -296.3 73.7 0.0
-950.2 -819.9 256.1 333.5 24.8 0.0
-415.3 391.5 282.1 305.8 -51.2 0.0
678.2 -524.0 344.1 307.3 -110.0 0.0
598.3 -765.8 528.1 -320.3 59.8 0.0
-942.0 -819.8 264.1 327.7 4.3 0.0
-407.6 390.3 282.1 308.5 -50.0 0.0
685.8 -525.1 344.1 305.3 -45.0 0.0
590.3 -764.6 538.1 -319.8 48.8 0.0
-934.0 -820.1 264.1 321.4 -12.7 0.0
-399.7 389.2 282.1 316.7 -43.6 0.0
693.4 -524.8 352.1 303.5 10.2 0.0
582.3 -763.6 538.1 -319.4 39.5 0.0
-926.3 -821.9 272.1 309.8 -71.8 0.0
-391.8 388.2 282.1 316.9 -37.8 0.0
700.9 -523.4 352.1 302.0 57.2 0.0
574.3 -762.8 538.1 -319.1 31.6 0.0
-918.8 -824.8 272.1 297.8 -118.2 0.0
-383.9 387.4 282.1 316.9 -33.0 0.0
708.3 -521.2 360.1 292.7 88.2 0.0
566.4 -762.5 538.1 -318.3 10.6 0.0
-911.8 -828.4 272.1 279.1 -143.5 0.0
-375.9 386.7 282.1 317.1 -28.8 0.0
714.5 -519.3 360.1 248.8 74.9 0.0
558.6 -762.7 538.1 -312.7 -5.6 0.0
-905.4 -832.4 282.1 258.1 -157.0 0.0
-369.6 384.2 282.1 253.4 -100.9 0.0
720.1 -517.5 360.1 225.7 73.9 0.0
550.9 -763.1 538.1 -307.9 -19.3 0.0
-898.6 -834.8 282.1 273.1 -97.0 0.0
-364.6 380.1 282.1 199.1 -162.8 0.0
725.6 -515.4 368.1 219.6 82.5 0.0
543.3 -763.9 538.1 -303.9 -31.0 0.0
-891.5 -836.0 282.1 282.2 -48.6 0.0
-360.8 374.7 282.1 153.4 -215.6 0.0
731.0 -513.2 368.1 214.4 89.8 0.0
536.1 -765.0 538.1 -286.0 -42.0 0.0
-884.3 -836.2 282.1 289.5 -7.8 0.0
-357.9 368.2 282.1 114.6 -260.4 0.0
737.4 -511.1 376.1 256.2 83.9 0.0
529.2 -766.4 538.1 -278.3 -55.7 0.0
-877.2 -835.8 282.1 280.6 16.7 0.0
-356.3 361.0 282.1 66.6 -289.6 0.0
744.6 -509.1 376.1 290.8 78.8 0.0
522.4 -768.0 538.1 -271.8 -67.2 0.0
-870.2 -834.1 282.1 283.1 66.4 0.0
-355.6 353.1 282.1 25.4 -315.0 0.0
751.9 -507.3 376.1 291.6 71.5 0.0
515.7 -770.0 538.1 -266.2 -77.1 0.0
-863.1 -831.4 282.1 284.3 107.7 0.0
-355.8 344.8 282.1 -6.3 -330.7 0.0
759.2 -505.7 384.1 292.2 65.4 0.0
509.3 -772.3 538.1 -254.7 -95.5 0.0
-856.3 -828.3 282.1 269.4 123.8 0.0
-356.4 336.7 282.1 -24.0 -323.0 0.0
767.1 -505.3 384.1 314.3 13.6 0.0
503.3 -775.0 538.1 -241.7 -107.8 0.0
-849.9 -824.9 282.1 257.3 138.4 0.0
-357.6 328.9 282.1 -49.0 -314.7 0.0
775.4 -506.1 392.1 333.0 -30.4 0.0
497.5 -778.0 538.1 -230.6 -118.3 0.0
-843.7 -820.2 282.1 248.3 187.2 0.0
-359.3 321.3 282.1 -66.2 -302.1 0.0
783.8 -507.5 392.1 333.5 -58.0 0.0
492.0 -781.2 538.1 -221.2 -127.2 0.0
-837.7 -814.6 282.1 238.8 224.1 0.0
-361.3 314.0 282.1 -82.4 -293.7 0.0
791.8 -509.4 400.1 323.0 -74.5 0.0
485.3 -783.9 538.1 -267.4 -108.1 0.0
-832.2 -808.8 282.1 220.6 232.3 0.0
-363.7 306.9 282.1 -95.6 -285.1 0.0
799.3 -511.1 400.1 297.5 -67.6 0.0
477.7 -786.2 538.1 -306.7 -91.9 0.0
-827.1 -802.8 282.1 205.0 239.2 0.0
-366.3 300.3 282.1 -102.6 -260.5 0.0
806.7 -512.7 410.1 297.9 -65.8 0.0
469.7 -788.1 538.1 -317.5 -78.1 0.0
-823.2 -795.8 282.1 155.9 278.6 0.0
-369.1 294.2 282.1 -114.1 -244.0 0.0
814.2 -514.3 410.1 298.2 -64.3 0.0
461.8 -789.8 538.1 -317.5 -66.4 0.0
-820.3 -788.0 282.1 113.9 312.6 0.0
-372.2 288.5 282.1 -123.1 -229.4 0.0
821.6 -515.9 410.1 298.4 -63.0 0.0
454.0 -791.3 538.1 -309.3 -59.0 0.0
-818.4 -779.6 282.1 79.1 338.3 0.0
-375.5 283.1 282.1 -130.2 -216.6 0.0
829.1 -516.8 410.1 298.3 -35.0 0.0
446.3 -792.6 538.1 -309.7 -53.2 0.0
-817.0 -771.2 282.1 55.9 333.2 0.0
-380.0 278.0 282.1 -182.7 -202.2 0.0
836.5 -517.1 410.1 294.6 -12.6 0.0
438.6 -793.8 538.1 -310.0 -48.2 0.0
-815.9 -763.1 282.1 43.6 323.3 0.0
-385.7 273.3 282.1 -227.9 -190.5 0.0
843.6 -517.0 410.1 287.4 4.7 0.0
430.8 -794.9 538.1 -310.2 -44.0 0.0
-815.1 -755.1 282.1 32.4 322.2 0.0
-392.4 271.1 282.1 -265.7 0.2 0.0
850.7 -516.5 410.1 281.3 19.4 0.0
423.4 -796.0 538.1 -294.6 -44.0 0.0
-814.5 -747.1 282.1 23.0 321.2 0.0
-399.9 271.1 282.1 -300.4 0.0 0.0
856.5 -517.7 410.1 234.2 -47.6 0.0
416.1 -797.2 538.1 -294.0 -46.7 0.0
-814.1 -739.1 282.1 14.7 320.6 0.0
-406.3 269.1 282.1 -254.9 -79.4 0.0
861.4 -520.2 410.1 194.3 -99.5 0.0
408.7 -798.4 538.1 -293.6 -49.0 0.0
-814.0 -731.0 282.1 5.0 321.9 0.0
-411.7 265.5 282.1 -215.8 -146.8 0.0
865.4 -523.8 410.1 160.5 -143.6 0.0
401.4 -799.7 538.1 -293.1 -51.0 0.0
-814.1 -723.0 282.1 -2.9 320.7 0.0
-416.2 260.4 282.1 -183.0 -203.5 0.0
868.7 -528.4 410.1 131.5 -186.7 0.0
394.2 -801.0 538.1 -287.9 -51.8 0.0
-814.3 -715.0 282.1 -9.9 319.8 0.0
-420.1 254.1 282.1 -155.1 -251.1 0.0
871.2 -534.0 410.1 101.4 -223.4 0.0
387.0 -802.3 538.1 -287.5 -53.4 0.0
-814.7 -707.0 282.1 -15.6 318.8 0.0
-423.2 246.8 282.1 -123.3 -291.7 0.0
873.1 -540.5 410.1 75.1 -258.9 0.0
379.9 -803.7 538.1 -287.2 -54.7 0.0
-815.3 -699.0 282.1 -23.2 319.3 0.0
-425.6 238.7 282.1 -96.6 -324.7 0.0
874.4 -547.8 410.1 52.3 -292.9 0.0
372.7 -805.1 538.1 -287.0 -55.8 0.0
-816.0 -691.1 282.1 -29.5 318.2 0.0
-427.5 230.8 282.1 -77.8 -317.0 0.0
875.3 -555.7 410.1 34.3 -313.9 0.0
365.6 -806.5 538.1 -281.8 -55.9 0.0
-816.9 -683.2 282.1 -34.7 317.0 0.0
-429.1 223.0 282.1 -61.7 -310.8 0.0
875.7 -563.7 410.1 18.3 -320.1 0.0
358.6 -807.9 538.1 -281.6 -56.9 0.0
-817.9 -675.3 282.1 -39.0 316.1 0.0
-430.2 215.1 282.1 -43.8 -314.4 0.0
875.8 -571.8 410.1 4.7 -325.0 0.0
351.6 -809.3 538.1 -281.4 -57.7 0.0
-819.0 -667.3 282.1 -46.3 316.5 0.0
-430.9 207.5 282.1 -30.1 -307.3 0.0
875.7 -579.9 410.1 -5.6 -323.0 0.0
344.5 -810.8 538.1 -281.3 -58.4 0.0
-820.3 -659.5 282.1 -52.1 315.0 0.0
-431.4 200.0 282.1 -18.6 -300.2 0.0
875.3 -587.9 410.1 -15.0 -321.6 0.0
337.7 -812.2 538.1 -273.7 -57.5 0.0
-821.7 -651.6 282.1 -57.0 313.6 0.0
-431.6 192.7 282.1 -9.6 -290.8 0.0
874.7 -595.9 410.1 -24.1 -318.7 0.0
330.8 -813.7 538.1 -273.6 -58.2 0.0
-823.3 -643.8 282.1 -61.1 312.5 0.0
-431.6 185.3 282.1 2.8 -294.3 0.0
874.0 -603.6 410.1 -30.1 -309.4 0.0
324.0 -815.1 538.1 -273.5 -58.8 0.0
-825.1 -636.1 282.1 -71.4 308.2 0.0
-431.3 178.2 282.1 10.3 -284.5 0.0
873.1 -611.1 410.1 -34.2 -297.8 0.0
317.2 -816.6 538.1 -273.3 -59.3 0.0
-827.1 -628.5 282.1 -79.9 304.1 0.0
-430.9 171.3 282.1 17.0 -277.9 0.0
872.2 -618.2 410.1 -36.8 -284.3 0.0
310.5 -818.1 538.1 -265.9 -57.8 0.0
-829.2 -621.0 282.1 -87.2 300.8 0.0
-430.3 164.5 282.1 22.5 -271.4 0.0
871.2 -625.0 410.1 -39.5 -271.4 0.0
303.9 -819.5 538.1 -265.9 -58.0 0.0
-831.6 -613.5 282.1 -93.4 298.0 0.0
-429.6 157.7 282.1 30.0 -271.1 0.0
870.2 -631.2 410.1 -38.9 -250.5 0.0
297.2 -821.0 538.1 -265.8 -58.2 0.0
-833.6 -605.7 282.1 -80.2 313.9 0.0
-428.7 151.1 282.1 34.7 -264.7 0.0
869.3 -637.0 410.1 -37.8 -230.0 0.0
290.6 -822.4 538.1 -265.8 -58.3 0.0
